grant_id,directorate,reduced_directorate,text,label,stratify_group,predicted_label
1919462,BIO,BIO,"<award-details>
    <title>RCN-UBE: Equity and Diversity in Undergraduate STEM (EDU-STEM)</title>
    <abstract>To promote the progress of science, it is necessary to ensure that barriers to full participation by women, first-generation college students, and racial and ethnic minorities in STEM are identified and removed. Equity and Diversity in Undergraduate STEM (EDU-STEM) is a Research Coordination Network that will include higher-education faculty, initially in the natural sciences, from a growing network of institutions across the United States. Through regular online discussions, a monthly newsletter, small workshops, and larger, annual meetings, EDU-STEM will begin by coordinating the efforts of participants to construct a data-management platform to better understand barriers to equity in STEM across regional and institution types. Possible barriers include, but are not limited to, large class sizes, reduced sense of inclusion, stereotype threat, a lack of role models, and test anxiety that disadvantages underrepresented groups. Working from these baseline data, EDU-STEM faculty will develop collaborative classroom-level experiments designed to reduce these barriers to success in STEM. EDU-STEM will impact society broadly by: (1) identifying barriers to inclusion in STEM; (2) implementing and testing educational interventions designed to increase participation, and (3) increasing the number of faculty engaged in reflective research on inclusion in STEM.     Gaps - between males and females, and between ethnic and racial groups - are well established as challenges for STEM educators, yet less is known about the barriers to full participation in STEM or targeted strategies that instructors can overcome, in order to promote learning for all students. Equity and Diversity in Undergraduate STEM (EDU-STEM) is a research coordination network that will integrate research and teaching in evidence-based classroom experiences, across life sciences curricula, using a multi-pronged approach. Specifically, the network will (a) coordinate efforts to identify metrics to be used across the network; (b) collect data on science courses at participating institutions (including research universities, community colleges, and minority-serving institutions); (c) construct a shared data-management tool to promote regional and institutional comparisons; (d) test and assess, in collaboration with an educational psychologist and small cohort of network partners, in situ interventions to minimize documented barriers; and (e) disseminate network findings via presentations at disciplinary meetings, publications, and the EDU-STEM website and newsletter. Also, EDU-STEM will involve institutional teams in a testable leadership model to promote cultural shifts in how science faculty - at both the departmental and institutional levels - approach evidence-based teaching.     This project is being jointly funded by the Directorate for Biological Sciences, Division of Biological Infrastructure, and the Directorate for Education and Human Resources, Division of Undergraduate Education as part of their efforts to address the challenges posed in Vision and Change in Undergraduate Biology Education: A Call to Action (http://visionandchange/finalreport/).    This award reflects NSF's statutory mission and has been deemed worthy of support through evaluation using the Foundation's intellectual merit and broader impacts review criteria.</abstract>
    <outcomes>None</outcomes>
</award-details>",software-produced,BIO-True,software-not-produced
1261433,SBE,SBE,"<award-details>
    <title>Neural investigation of the dual role of saccadic eye movements in visual perception</title>
    <abstract>Humans are highly visual animals and our daily experiences, memories, and dreams are dominated by our visual sense.  To create the continuous and seamless visual experience, humans explore their environment by making three to four eye fixations every second, each followed by a rapid saccadic eye movement to the next object of interest.  However, most experiments on vision are conducted with research participants trained to keep their eyes still to remove these saccadic eye movements.  Such an approach may not tell us in full how vision works in its naturalistic context where eyes are freely moving. In this project, Dr. Michael Paradiso of Brown University will use single unit recording from monkeys when they make visual decisions about objects appearing during or just after saccadic eye movements.  The data are expected to reveal how eye movements alter visual processing and how the brain is able to parse the neural continuum into discrete perceptual block using signals associated with saccades. These experiments are innovative in their integration of behavioral testing in naturalistic paradigms with brain recordings using leading edge multi-electrode technology.  The researcher aims to bridge the gap between basic research and our understanding of human visual experience in the real world.      Numerous disorders ranging from autism, to dyslexia and schizophrenia exhibit abnormal eye movements.  At the present it is unclear how the abnormal eye movements are involved in the disorder, but the proposed project will provide critical data that can serve as a foundation for further studies targeted at specific disorders.  Through the project, the researcher will continue to give lectures to K-12 students, collaborate with K-12 teachers on science instruction,  and host a discussion group in Brown's Catalyst Program for incoming minority students at Brown University. Finally, Dr. Paradiso will participate in the big data effort by making the data available to support other coordinated NSF efforts that aim to make use of real data in the teaching of STEM related courses and to enable participation in discovery science by those who would otherwise have no access to such data.</abstract>
    <outcomes>Approximately three times per second, human visual perception is interrupted by a rapid saccadic eye movement. In addition to taking the eyes to a new location, several lines of evidence suggest that the saccades play important roles in visual perception. Indeed, it has been found that vision is impossible without eye movements. This research project investigated the roles that saccadic eye movements have on visual perception and the coding of visual information in the brain. Central to the study were two hypotheses for the roles of saccades: that they are essential for our sense of visual stability when the eyes move and that they synchronize brain activity to optimize and speed visual recognition of objects. To serve these functions, areas of the brain involved in visual perception must be informed about the timing and direction of saccadic eye movements. The study documented the precise information about saccade time and direction that is found in electrical signals present in primary visual cortex. The nature of these signals is such that they could subserve the hypothesized roles in visual stability and perceptual optimization. An additional component of visual stability, which was studied, is saccadic suppression. It was found that the perceptual suppression of visual input during saccades is accompanied by powerful and consistent changes in brain activity. In addition to the importance of the research for the understanding of vision and brain function, the findings have implications for clinical practice. For example, sensitivity to visual contrast is an important clinical measure of visual function. The experiments discovered that contrast sensitivity is influenced by eye movements and normal visuo-motor behavior. Thus, the research results suggest ways that clinical tests might be conducted that would give more accurate estimates of normal visual function outside the clinic.          Last Modified: 03/07/2019       Submitted by: Michael A Paradiso</outcomes>
</award-details>",software-not-produced,SBE-False,software-produced
1619317,CISE,CISE,"<award-details>
    <title>NeTS: Small: Broadband Service Reliability: Characterization and Improvement</title>
    <abstract>This project studies the reliability of broadband services, explores the relation between reliability and users' quality of experience and investigates edge-based solutions to improve reliability. It develops techniques and investigates metrics to study and characterize reliability problems, and algorithms to diagnose and localize their source, building on existing infrastructure and data collected as part of the Federal Communications Commission's Measuring Broadband America effort.  This investigation explores the impact of reliability problems on users' Quality of Experience (QoE), exploring the value of possible proxy metrics for QoE (e.g., session time, traffic demand) and the application of natural experiments and related designs to understand their relationship at scale while controlling for most confounding factors.  An understanding of reliability problems, their impact and most common causes should help in the development of  readily deployable solutions that might improve service reliability at the network edge.    As residential broadband network availability and performance improves, consumers continue to migrate key services such as telephony, television and home monitoring to over-the-top alternatives. This migration comes with rising users' expectations regarding broadband reliability, which is a key factor of consumer experience. Despite the rich history of reliability engineering, researcher have very limited understanding of reliability in the context of broadband, from the most appropriate metrics for characterizing it, to approaches for gathering measurements or assessing their impact on users' quality of experience.  When reliability problems appear, troubleshooting them is nearly impossible -- there is no principled approach to determining the source of the problem. The outcome is increased frustration for users, growing management costs for Internet service providers, and, ultimately, underperforming applications.     The project enhances undergraduate and graduate teaching, involves undergraduates in research projects, reaches out to industry, provides tools and first-of-its-kind datasets to researchers, and offers a data gathering platform and data for the benefit of Federal and State telecom regulators. The algorithms, tools, techniques and experimental approaches we will develop will help users, operators and policymakers providing a firmer statistical footing for future investment.</abstract>
    <outcomes>Broadband availability and performance continue to improve rapidly, propelled by both government and private investment, and motivated by the recognized social and economic benefits of connectivity. In much of the developed world, broadband providers are offering sufficiently high capacities to encourage consumers to move traditional home services such as television, phone, and home monitoring to ?over-the-top? alternatives. The increasing speed and availability of broadband services, as well as the associated movement to OTT services, are raising users? expectations regarding broadband reliability. Today we have a very limited understanding of reliability in the context of broadband, from the most appropriate metrics for characterizing it, to approaches for gathering measurements or assessing its impact on users? quality of experience. This project carried out the first study on the reliability of broadband services, its impact on quality of experience, common problems, and potential solutions. We developed techniques and explored metrics to characterize reliability, investigated common reliability problems, and explored algorithms to diagnose their causes. We studied the impact of reliability problems on users' QoE and explored the relationship between quality of service metrics, leveraging our datasets and industry collaboration. We explored the applicability of alternative experimental design approaches, including natural experiments, regression-discontinuity design, and instrumental-variable design. We conducted the first characterization of deployed In-Flight Communication systems and explored an approach to improve users' web experience by dynamically reducing the complexity of websites rendered based on network conditions. We carried out the first study of AMP to understand its design and advantages under a variety of settings and extract any ``exportable'' lessons. We studied the criticality of the submarine cable network (SCN) from the perspective of Internet end users and demonstrated, for the first time, that a large fraction of the resources accessed by end-users around the world relies on the submarine cable network, and that is the case even for users located in landlocked countries. The project resulted in several publications in top-rated peer review conferences in the field, and software releases of AlwaysOn, a system that uses MultiPath TCP to improve broadband reliability, and ScaleUp, a Chrome extension that measures and dynamically adjusts every page you load to improve your quality of experience while browsing. It also resulted in the release of addendums to the FCC MBA report focused on reliability, together with an interactive chart for ISP reliability.  The project was also the training ground for several undergraduate students, graduate students, and a postdoctoral fellow, who have developed expertise in network measurement, experimentation, network topology and analysis, and routing protocols. The research included the work of a few Ph.D. students, including one whose thesis was primarily based on the research founded by this grant.       Last Modified: 04/11/2022       Submitted by: Fabian E Bustamante</outcomes>
</award-details>",software-not-produced,CISE-False,software-produced
1824871,SBE,SBE,"<award-details>
    <title>CNH-L: The Influence of Conflicting Policies and Supply-Chain Pressures on Farmers' Decisions and Tradeoffs with Respect to Biodiversity, Profitability, and Sustainability</title>
    <abstract>A grand challenge of the 21st century is to increase food production to meet the needs of the world's people while ensuring long-term economic and ecological sustainability.  Farming methods that focus on supporting biodiversity to produce essential ecosystem services may play an important role in addressing this challenge while lessening the harmful effects of intensive farming methods that rely heavily on non-renewable inputs.  The investigators will focus their research on lettuce farmers who vary in their use of practices that support biodiversity along the central coast of California, one of the nation's most productive agricultural regions.  The researchers will employ in-depth interviews and focus groups with these farmers to discover how and why they do or do not adopt diversification practices.  Ecological studies of their farms will assess bird and soil microbial biodiversity and will quantify key ecosystem services provided by these organisms including the maintenance of soil fertility, enhancement of water conservation, and reduction of the spread of foodborne pathogens.  A range of socioeconomic methods including a quantitative survey and a farm-level cost-and-return study will examine how biodiversity and ecosystem services affect farm profits, regulatory compliance, and decisions about whether to use diversification practices in the future.  These data will be integrated to construct a Markov decision-process model of the coupled natural-human system and to assess policy scenarios that may influence adoption rates of specific farming practices.  Although focused on the central coast of California, where the ecological and social costs of historically intensive agricultural production can be readily observed, findings and insights obtained through this research will have important implications in the U.S. and other nations for regions facing similar challenges related to intensive agricultural production.  This project is supported by the NSF Dynamics of Coupled Natural and Human Systems (CNH) Program.    This interdisciplinary research project will study the influence of policies and markets on farmers' management decisions, the effects of these decisions on farmland biodiversity and the ecosystem services it provides, and how these ecosystem services affect farm productivity, profitability, and sustainability.  This project will provide new information and insights regarding how agricultural conservation incentive programs and supply chains jointly affect the ability and willingness of farmers to use farming practices that can increase biodiversity.  The project will identify how such farming practices affect birds, soil microbes, and the vital services they provide.  Findings based on socioeconomic and ecological approaches will be integrated to model how farmers navigate conflicting  requirements and to identify the consequences of their choices.  The project will provide education and training opportunities to engage in scientific research for post-doctoral researchers, graduate students, and undergraduate students, many of whom are members of groups underrepresented in science, technology, engineering, and mathematics.  The project also will develop infographics and fact sheets as well as conduct community events, workshops, and other forms of outreach for farmers, consumers, policy makers, and the public.    This award reflects NSF's statutory mission and has been deemed worthy of support through evaluation using the Foundation's intellectual merit and broader impacts review criteria.</abstract>
    <outcomes>Transitioning to agricultural systems that are both productive and sustainable is a grand challenge currently facing humanity. If food production continues to incur the environmental and social costs of the industrialized agricultural systems that dominate much of the worlds agriculture, then humanity will fail to conserve biodiversity, meet climate change goals, or create landscapes healthy for people. This project investigated to what extent diversifying farming systems could address these challenges, and what factors help or hinder transitions toward more diversified farming systems. Such systems increase above- and below-ground biological diversity directly through crop and non-crop plantings, and indirectly by nurturing beneficial organisms and soil and water conservation practices. Mounting evidence shows that increasing biodiversity supports joint environmental and social outcomes. Our coupled natural-human systems approach provided a vantage point on both how farmers navigate conflicting incentives and regulations that affect their management decisions, and the consequences of their decisions for food production and environment.   On-farm ecological research studied how diversification practices within and around farmers crop fields, as well as the composition of land surrounding farms, influenced the diversity and composition of birds and soil microbes, and the ecosystem services provided by each group. The project focused on organic farms growing lettuce in the Central Coast of California, a major US agricultural region where soil health, drinking water quality, and wildlife habitat have deteriorated.   For birds, ungrazed semi-natural areas surrounding farms were associated with higher bird diversity, more species of conservation concern, and fewer flocks that potentially pose foodborne pathogen risks. In contrast, on-farm diversification practices offered weaker bird conservation benefits. Surrounding grazed lands were associated with more bird diversity but also more potentially pathogenic bird feces in crop fields, a concern for food safety.   For soil microbes, few field practices and surrounding land use types affected microbial community diversity. Only crop diversity at the field scale positively correlated with increased soil bacterial diversity and fungal ecological guild diversity. By contrast, field practices and surrounding land use types significantly influenced soil microbial community composition to similar degrees. Thus, as for aboveground ecological communities, scales beyond the farm must be considered to steward soil microbiomes that underpin soil-based ecosystem services.   We found that within-field diversification practices were critical for soil-based ecosystem services, including soil carbon sequestration, protection of groundwater quality, soil fertility, microbial activity, and crop productivity. We observed that diversification practices (including continuous crop cover, reduced disturbance, increased crop diversity, and organic amendments) enhanced individual services, except for higher crop diversification which may have decreased lettuce yields. Tradeoffs between ecosystem services tended to be driven by fields with lower use of diversification practices. Continuous living cover (e.g., cover cropping) was most associated with agroecosystem multifunctionality, even when ecosystem services were differentially weighted according to different stakeholders priorities.   Despite the promise of these field practices and landscape features for supporting above and below-ground biodiversity and associated ecosystem services, these practices are not widely used across Central Coast farms. Our remote sensing studies showed that only ~6% of farmland had winter cover crops while 22% of farm fields had any amount of hedgerows or windbreaks. In-depth qualitative research revealed persistent barriers that growers face in adopting diversification practices. High land rents, the predominance of short-term leases, stringent food safety standards (especially from private markets), and other supply chain pressures significantly hamper adoption of diversification practices. Yet these barriers were not felt evenly across different types of farms. Limited resource and wholesale growers both experience distinct barriers that constrain adoption of diversification practices, while some mid-scale diversified growers can succeed in both economic and ecological terms. The key enabling factors that allow these farmers to choose diversification, however, are not directly related to their farm size, but have more to do with secure land tenure, adequate access to capital and resources, and buyers who share their values and are willing to pay a premium. Further, using a Markov decision process model based on our field research, we found that transitioning to diversified farming systems requires policies that enable decision making over long time horizons to accommodate often slow-to-appear benefits from diversification practices.   Our broader impacts include evidence to support policies that protect biodiversity, enhance ecosystem services, and allow for thriving farms. For example, habitat conservation around produce farms could support bird conservation without increasing foodborne pathogens, especially on farms further from grazing lands. Local water quality regulations that incentivize continuous living cover could in turn support multiple ecosystem services. By targeting policies at key enabling factors, it is possible to encourage diversification practices at multiple scales in Californias Central Coast. Broader impacts also included direct engagement with growers (e.g. dozens of face-to-face meetings), extension personnel, and policymakers regarding research results, as well as training from undergraduate to faculty levels in interdisciplinary science.        Last Modified: 06/12/2024       Submitted by: TimothyBowles</outcomes>
</award-details>",software-produced,SBE-True,software-not-produced
1950358,MPS,MPS,"<award-details>
    <title>REU Site: Ithaca College REU in Dynamical Systems</title>
    <abstract>REU Site: Ithaca College REU in Dynamical Systems. Each summer of 2021-2023, the Research Experience for Undergraduates at Ithaca College will support nine undergraduate students for eight and a half weeks in professional mathematical research in the field of dynamical systems.  Participants will engage in all aspects of the mathematics research process and will develop skills in mathematical and computational thinking, communication, problem-solving, and collaboration.  They will be provided with graduate support and mentoring to foster individual gains in competence and independence regarding research activities.  Mentors’ goals include harnessing students' strengths while addressing areas that could use improvement.  Specific training will be provided in computational simulation, data visualization, mathematical typesetting, and presentation of results.  The program will target students from historically black colleges and universities, Hispanic-serving institutions, and schools where student access to research opportunities is limited, such as community colleges and primarily undergraduate institutions.  Participants will work in groups of three on original research problems in three distinct areas of dynamical systems: species interactions across a spatially segregated environment, the dynamics of the trajectories of particle flows on surfaces of revolution, and topological structures of attractors on fractal trees.  The three projects are designed to be accessible to undergraduates with an intermediate background in mathematics, enabling them to explore the central questions of the projects while encouraging them to expand their knowledge in order to make progress.  Student groups will meet daily with mentors to determine the day’s research activities.  Each week students will attend faculty talks and gather for lunch with the mentors.  Throughout the summer, REU students will also have opportunities to network with approximately 60 Ithaca College students and their mentors who participate in annual summer research in an array of fields at Ithaca College.  Participants will be encouraged to present their research at a regional or national conference and will continue to be supported by their mentors after their summer experience.       The research mentors have created research projects in the field of dynamical systems that are accessible to undergraduates with an intermediate background in mathematics (multivariate calculus and introductory linear algebra are prerequisites) to enable them to begin exploring immediately the central questions of the projects while requiring them to deepen their knowledge in order to make progress. The specific research topics include (1) the costly dispersal of species through fractured environments, (2) the dynamics of trajectories of particle flows on surfaces of revolution, and (3) the topological structure of attractors of pruned fractal trees.  The proposed REU projects will provide students opportunities to develop computer simulations, to visualize and analyze the associated data, and to improve on skills that are most in demand by employers, such as analytical thinking and innovation; creativity, originality, and initiative; technology design and programming; critical thinking, problem-solving, and analysis; work ethic; and oral/written communications.  This REU experience will provide students with a strong foundation for future graduate studies or employment.    This award reflects NSF's statutory mission and has been deemed worthy of support through evaluation using the Foundation's intellectual merit and broader impacts review criteria.</abstract>
    <outcomes>None</outcomes>
</award-details>",software-not-produced,MPS-False,software-produced
1932596,SBE,SBE,"<award-details>
    <title>COLLABORATIVE RESEARCH: Research funding, organizational context, and transformative research: New insights from new methods and data</title>
    <abstract>A major goal of research funding is to support transformative science. A challenge to achieving this goal, however, is determining what kinds of research funding will lead to such transformations.  This work examines the extent to which funding acts to change the organizational context within which research takes place and how that stimulates transformative science.   The results of this work will help inform the practice of both science and innovation policy by building better understanding of such organizational factors as team size, composition, seniority and gender in stimulating innovation.  The resulting practical insights should help inform how to direct funding to support collaborative networks and support the careers of junior and female scientists.  Access will be available through both the Virtual Data Enclave at the Institute for Research on Innovation and Science and the Federal Statistical Research Data Centers; the work should act as magnet for junior researchers who are developing their career research agendas.    The analysis is made possible by a new longitudinal dataset containing information about research scientists, their organizations, their career trajectories and their productivity--particularly their patenting activity. A major innovation is a new method that measures transformativeness by capturing the degree to which new ideas in the patents make existing work obsolete. The combination of the new data and new methods are used to (1) describe the broader formal and informal context within which research takes place, (2) characterize transformational research, and (3) describe the link between the two.  The econometric approach makes use of two novel instruments - quasi-random variation in the geographic and organizational distribution of potential collaborators both within and outside of an institution - to control for potential selection and other confounding factors.    This award reflects NSF's statutory mission and has been deemed worthy of support through evaluation using the Foundation's intellectual merit and broader impacts review criteria.</abstract>
    <outcomes>Research funding---typically in the form or grants---is known to play a critical role in supporting the modern scientific enterprise. Indeed, many of the most important breakthroughs in science---ranging from the sequencing of the human genome and the rapid development of COVID-19 vaccines to the development of large language models---would not have been possible without a robust ecosystem of financial support from the federal government, private foundations, and industry. At the same time, much remains unknown about the precise mechanisms through which research funding---particularly from different institutional sources like government or industry---contributes to different kinds of scientific outcomes. For example, do breakthroughs come about when sponsors push researchers to consider important but scientifically neglected topics? Or when sponsors support a broad base of researchers, allowing many different perspectives and approaches to tackle an important problem?     Against this backdrop, the purpose of this project was to unpack the ""black box"" through which research funding supports breakthroughs in science by leveraging novel, large scale data (from UMETRICS) that allow us to map the formal and informal organizational structures within which research takes place, at more than 30 major U.S. research universities, over time. The motivating hypothesis was that much of the way research funding helps to shape such progress is via creating supportive organizational contexts, especially at universities, that allow researchers at various career stages to engage in breakthrough research.     In addition to new data, addressing the relationship between research funding and scientific outcomes also required new measures. To that end, an important part of our project also involves developing novel quantitative approaches for identifying and characterizing scientific breakthroughs, using large-scale text data on scientific papers. This aspect of the project has been the primary focus of the research for the University of Minnesota-based team (and therefore is the focus of this report).     First, we developed and extended bibliometric and text-based measures that characterize whether the products of research (e.g., papers) work to primarily consolidate the scientific and status quo (e.g., by developing existing knowledge) or disrupt it (e.g., by opening new areas of inquiry). Using these measures, we found a significant decline in the disruptiveness of papers and patents over time, a pattern that holds universally across fields of science and technology. Results from this analysis are forthcoming in Nature.     Second, we developed a new series of measures for characterizing scientific and technological knowledge that build on recent advances in applied topology, particularly the emerging field of topological data analysis. When applied to networks of concepts, we observe the emergence of higher dimensional topological structure across fields of science and technology, suggesting that scientific and technological knowledge is becoming more complex, a pattern that may help explain in part our findings on the decline of disruptive papers and patents. Building on these results, we further developed a topological approach for characterizing the products of scientific research. Our motivating hypothesis was that papers that close holes in scientific knowledge networks were more likely to represent breakthroughs. Consistent with that prediction, we find that ""hole-closing"" papers are both more likely to be ""hits"" (i.e., highly cited) and to win Nobel prizes.     Finally, we examined the relationship between sources of funding received by laboratories in the UMETRICS data and the social structure of those laboratories. Noteworthy findings suggest increases in the share of non-federal funding to research groups are associated with increases in disruptive scientific output. We also find that research groups with diversified portfolios that include non-federal funding are more likely to patent and less likely to publish than are the more specialized, completely federally funded groups. In addition, we also studied the link between research funding and investigator centrality in laboratory groups, particularly focusing on women investigators. We find that male scientists are more likely to receive authorship credit for work they did in a lab when they hold more central positions within the collaboration network of the lab while female scientists receive zero---or negative---benefit from centrality.       Last Modified: 12/19/2022       Submitted by: Russell J Funk</outcomes>
</award-details>",software-not-produced,SBE-False,software-produced
1749857,MPS,MPS,"<award-details>
    <title>CAREER: Something Old, Something New: Robust Statistics in the 21st Century</title>
    <abstract>Contemporary scientific problems involving large, high-dimensional datasets have ushered in a new era for statisticians. A largely unexplored area of research concerns incorporating ideas from robust statistics into the growing collection of methods for high-dimensional estimation and inference. Preliminary results hold much promise, but a plethora of theoretical and philosophical challenges abound when attempting to generalize notions from classical robust statistics to high-dimensional settings. The investigator will develop new statistical methodology for high-dimensional robust estimation and derive rigorous theory for the proposed estimators. This research project is highly interdisciplinary in nature, cutting across statistics, engineering, and computer science. Results of the research will be disseminated broadly, leading to cross-pollination between fields and revitalized interest in robust statistics. In addition, the investigator will refine and test her methods in radiology applications, instigating new scientific collaborations and leading to more robust medical imaging procedures for deployment in medical research. The investigator will also develop new educational material based on the research that will be incorporated into cross-listed classes in machine learning at the graduate and undergraduate levels. The investigator will work to improve the image of statistics and data science by engaging the wider community through public speaking engagements and visits to high school math circles across the state of Wisconsin.    Questions to be explored in this research project include: (1) How do existing notions of robustness apply to high-dimensional settings? (2) How should high-dimensional estimation procedures be modified to protect against deviations from distributional assumptions? (3) How might one quantify the relative robustness of various proposals? The project aims to generate novel theoretical results that advance the frontiers of both statistics and optimization theory. New algorithms will be devised for high-dimensional statistical estimation with guaranteed accuracy under a broader set of model assumptions. The theoretical analysis will involve studying a variety of non-convex estimators of independent interest in the optimization community, with emphasis on objectives and optimization algorithms that give rise to statistically consistent solutions. The research project will also address long-standing open questions in robust statistics involving optimization of low-dimensional non-convex objective functions, and the investigator will examine a variety of new problem settings arising in machine learning applications, including adversarially contaminated data, non-iid observations, and mislabeled datasets dichotomized into training and testing data.    This award reflects NSF's statutory mission and has been deemed worthy of support through evaluation using the Foundation's intellectual merit and broader impacts review criteria.</abstract>
    <outcomes>The work in this project pushed the frontiers of both statistics and optimization theory. New algorithms were developed for high-dimensional statistical estimation with guaranteed accuracy under a broader set of model assumptions. The research also addressed long-standing open questions in robust statistics and investigated a variety of new problem settings not encountered in classical robust statistics, motivated by machine learning applications. These included adversarially contaminated data, non-i.i.d. observations, and mislabeled datasets dichotomized into training and testing data.  The project contributed directly to the training of four PhD students, whose dissertation research was on topics related to robust statistical estimation. In addition, the work was disseminated broadly at seminars and conferences in machine learning, information theory, and statistics, leading to cross-pollination between fields and revitalizing interest in robust statistics. The work also generated numerous journal publications and archival manuscripts.  Methods developed in this project were also refined and tested in medical imaging applications, instigating new scientific collaborations with the Department of Radiology at UW-Madison and leading to more robust reconstruction procedures in the presence of uncontrollable aberrations during the data acquisition process. Findings based on the research investigations were incorporated into classroom material, leading to the development of a new graduate-level class that has now been taught at several different institutions throughout the world. Finally, the PI engaged in public speaking engagements in Wisconsin, helping boost the image of statistics and data science in the wider community.       Last Modified: 10/31/2023       Submitted by: Po-Ling Loh</outcomes>
</award-details>",software-not-produced,MPS-False,software-produced
2055251,BIO,BIO,"<award-details>
    <title>RAPID: Flexible, Efficient, and Available Bayesian Computation for Epidemic Models</title>
    <abstract>Decisions about coronavirus response are necessarily based on statistical models of prevalence, transmission risks, case fatality rate, projection of future spread of infection, and estimated effects of medical and social interventions.  Much of this modeling and inference is being done using the Bayesian framework, an approach to statistics that is well suited to integration of information from different sources and accounting for uncertainty in predictions that can be input into decision analysis.  This is a project to develop computing tools to make Bayesian methods more accessible to researchers in quantitative social science and public health who are studying COVID-19 and epidemic models more generally.  This work promises to advance scientific knowledge by enabling researchers to fit more flexible and realistic models accounting for multiple sources of uncertainty in data, and to advance societal goals by facilitating more accurate and granular estimates of exposure, reproduction rate, and other aspects of epidemic spread that inform public and private decision making. This project also provides professional development opportunities for a post-doctoral researcher, as well as student training.    The research will be done in the open-source programming language Stan, which has already been used in several influential COVID-19 models as well as in economics, political science, biology, political science, and many other application areas.  Specifically, the project includes:  documentation and language features to make Stan programs easier to write and evaluate; continuation and extensions of existing collaborations on mathematical models for epidemic spread, causal models for estimating policy effects, and survey adjustment; and improved implementations for differential-equation models, which serve as the core of models for disease transmission and other diffusive social and biological processes.    This award reflects NSF's statutory mission and has been deemed worthy of support through evaluation using the Foundation's intellectual merit and broader impacts review criteria.</abstract>
    <outcomes>Bayesian inference is an approach to statsitical learning that combines prior information with new data and summarizes uncertainty using probability theory. Bayesian inference has been important in modeling and decision analysis for the coronavirus epidemic, and the goal of this project was to improve Bayesian infernece and computation in this area.  The key outcomes of this project were software developments, research papers, and tutorials offering tools and guidance to researchers in this area along with consumers of this research. In this project, we made improvements to the open-source probabilistic programming environment Stan, developed new algorithms for efficient Bayesian computing, and published educational materials. In particular:  - We developed Pathfinder, a new variational inference algorithm that so far appears to be faster and also more stable than existing available methods.  - We implemented improvements to CmdStanR and CmdStanPy, interfaces that allow Stan to be run from the open-source data analysis and computing environments R and Python.  - We published papers on the use of Bayesian inference to use hospital data to construct a synthetic proxy measure of community-level SARS-CoV-2 immunity seroprevalence.  - We performed a paper for a general science journal on accounting for uncertainty during a pandemic.  - We published a case study and paper on Bayesian workflow for disease transmission modeling using differential equation models in Stan.       Last Modified: 01/28/2022       Submitted by: Andrew E Gelman</outcomes>
</award-details>",software-not-produced,BIO-False,software-produced
1527051,CISE,CISE,"<award-details>
    <title>CSR: Small: Collaborative Research: Comprehensive Algorithmic Resilience (CAR) for Big Data Analytics</title>
    <abstract>Big Data analytics is the process of mining useful knowledge in very large data sets, critical to the advancement of many research and application fields. With manufacturing technology downscaling coupled with increasing power densities, modern computer systems suffer from potential hardware and software failures, which can manifest themselves as errors. The errors are to happen when long-running Big Data analytics are executed on the systems, causing crash or worse, returning incorrect results silently. While numerous hardware-based resilience methods exist, they often come at the cost of excessive power efficiency reduction and substantial design complexity enlargement among others.      The project aims to reinforce popular Big Data analytics by embracing a host of comprehensive algorithmic resilience (CAR) software techniques that include concurrent error detection, coordinated checkpointing, and execution recovery, for high execution resilience.   Upon detecting potential hardware and software errors concurrently during analytics, CAR enables execution recovery from detected errors without lofty overhead common to hardware-based resilience methods.  Research activities of the project aim to achieve six main objectives that focus on addressing several technical challenges to realize CAR, based on investigators? encouraging preliminary results and prior work.  The success of this project can benefit wide scientific and industrial applications due to its better support of Big Data analytics and processing.  Research advances from this research are to be incorporated into undergraduate and graduate education, to be disseminated and shared broadly through technical presentations and by a website, and to inspire high school students for their STEM interest.</abstract>
    <outcomes>This collaborative research involves two investigators from separate Louisiana institutions to jointly undertake important activities that are relevant to comprehensive algorithmic resilience (CAR) for Big Data analytics.  The PI and his project team address effective execution checkpointing and express failure recovery, which are critical for long-running Big Data analytics executed on a large computing system likely to encounter failures.  Research outcomes obtained from project activities have been covered by three journal articles, with one published, another under re-evaluation after revision, and the third under review, all in reputed IEEE transactions most relevant to the CAR research scope.  Three Ph.D. students have engaged in the project activities, supported in part by this research grant.  The supplemental REU fund enables three undergraduate students to participate in research activities pertinent to the project scope, including one minority female undergraduate junior.  Intellectual Merit.  The project aims to reinforce popular Big Data software by incorporating concurrent error detection and low-overhead coordinated checkpointing mechanisms in support of execution recovery from detected errors. CAR research activities boost computer system research and software development expertise of the PI and his team, in addition to yield the following specifics. First, the PI's team has developed and evaluated (1) a restore-express strategy for multi-level checkpointing, and (2) an effective checkpoint file volume reduction technique, for accelerating execution recovery from permanent failures. Evaluation outcomes of the execution restore time confirm that the developed strategy can quicken restore by a factor of 4.5&#10005; due mainly to its faster checkpoint file decompression during restore by up to 20.9&#10005;.  Second, best checkpointing control has been derived for lowest execution time overhead by analyzing theoretically optimal checkpointing (OPT) for a given failure rate, able to outperform even OPT, which takes checkpoints periodically in a fixed time interval, according to extensive evaluation under both synthetic random failures (with the Poisson distribution for given MTBF rates) and real failure traces (of 22 different HPC systems at Los Alamos National Lab).  Third, joint effort by the two research teams has produced resilient BigDataBench application codes with concurrent error detection and periodic checkpointing incorporated in support of execution recovery from detected failures, with failures injected via the developed kernel fault injector during evaluation on CED effectiveness via embedded algorithmic checkers.  Evaluating our produced resilient BigDataBench applications has discovered that applications which suffer from silent data corruption commonly (like Quicksort) are to benefit from CED markedly with considerable fault coverage hikes, while increasing the execution time slightly. On the other hand, applications with a lot of pointer arithmetic and dereferencing (such as matrix multiplications) appear to experience frequent program abortion, rendering CED to be of little benefit to fault coverage improvement.  Broader Impacts.  Big Data analytics are critical to the advancement of various fields, and the outcomes of this project naturally benefit those fields to have substantial broader impacts positively, as a result of accelerating Big Data analytics conducted on large scale systems with high resilience.  Other scientific and industrial applications with execution invariants can also benefit from CAR software mechanisms for resilience enhancement.  In addition, project engagement by both research collaborators and their teams elevates the research and educational activities on computer systems and fault-tolerant computing in the two participating institutions.  Three REU students have participated in CAR research activities to materially inspire their interests in pursuing science and engineering careers. A project website (URL - https://people.cmix.louisiana.edu/~pxs5888/car/) has been maintained to host and disseminate research summary and activities, available facility, and participants. Research publications, developed software codes, and evaluation benchmarks used for this project are posted on the website (when appropriate) for sharing with communities of interest.       Last Modified: 10/25/2019       Submitted by: Nian-Feng Tzeng</outcomes>
</award-details>",software-not-produced,CISE-False,software-produced
1548234,ENG,ENG,"<award-details>
    <title>EAGER: Using Learning Algorithms to Morph Product Behavior for Specific Task Contexts and Cognitive Styles of Users</title>
    <abstract>People have different ways of learning and thinking, termed cognitive styles. Past research in website design has shown that there is a link between cognitive style and user behavior. This project takes this promising foundation and applies it to the design of physical products. This EArly-concept Grant for Exploratory Research (EAGER) project investigates whether or not it is possible to use sensor data and morphing algorithms, a type of learning algorithm, to design a faucet that can ""know"" what a person wants to do, and how they prefer to do it, via an underlying relationship between cognitive style and behavior. If so, can the faucet be designed in a way that its behavior is adaptable and pleasing to distinct cognitive styles, while also reducing water consumption. Faucets and showers account for 20% of household water usage, yet have received no ""smart"" design improvements to curtail water use. On the contrary, research shows that current automatic on/off faucets use more water than conventional faucets. If successful, this research will advance the design of household appliances that decrease water consumption.    The project objective is to create a design method that uses morphing algorithms to design generative, customized product behavior that responds to the user's cognitive style and the task they are performing. This involves: (1) Reworking existing morphing/learning algorithms to make them generate a customized product behavior, instead of serving-up predetermined design permutations; (2) Creating a protocol to identify meaningful independent variables (sensor data) that serve as the parameters for controling morphing; (3) Incorporating feedback from users, in the form of faucet manual adjustments, to the behavior updating process; and (4) Balancing exploration of the behavior space and exploitation of knowledge gained.  The sensor data used in this initial research will be simulated based on a pilot study. The research advances the state of the art in learning algorithms, increasing their usefulness in design by allowing for continuous-space design exploration in response to manual human-in-the-loop user interaction behavior. If successful, it will result in a physical product that is capable of testing the relationship between cognitive style and user interaction. This product will be used in future human-subject experiments, potentially building new cognitive models of user/product interaction.</abstract>
    <outcomes>Smart products, such as the Nest Thermostat and the Amazon Echo (Alexa), should not only adapt to changes in their surroundings and information inputs, but also differences in their users. Understanding things from the user's point of view, called user empathy, is important for successful product design. Products that exhibit some form of empathy autonomously and without intervention from a designer or technician are a new area of design. This project recognizes that users have different manners of interacting with a product, termed cognitive styles, and that this difference is important to smart products, and inferring and reacting to these styles is a form of empathy that a product can exhibit. Here, we designed a kitchen faucet that could recognize differences in users' cognitive (or interaction) styles and adapt its autonomous/automatic water dispensing behavior accordingly, with the goal of saving water.  There were two tracks of research. The first was mathematical, with testing of different algorithms to control the faucet's behavior, with simulated sensor and user information. This research track identified that a specific type of algorithm, termed Partially Observable Markov Decision Processes (POMDP), was appropriate for faucet control paired with user cognitive styles. This track also discovered that the success of the algorithm was highly-sensitive to the accuracy of the sensors on the faucet.  The other research track involved building and testing an autonomous faucet. This faucet was not truly autonomous, but controlled behind-the-scenes by a human operator (via motors and a computer). We conducted an experiment to see if the mock-autonomous faucet could indeed save water when people used it to wash dishes. We found that not only did it save water, it trained people to use less water when they later washed dishes on their own (without the ""smart"" feature of the faucet turned on, it simply functioned like a regular faucet).  Intellectual Merit: We identified and tested POMDPs for the control of an autonomous faucet paired with user cognitive styles. We disseminated these contributions through an award-winning conference poster, conference presentations, and a conference paper and extended abstract.  Broader Impact: Much of the United States is in drought conditions, yet the main appliances that control water consumption in homes have not been updated in many years. If the findings of our experiment hold true, autonomous faucets could reduce water usage while washing dishes by 26%, and train people to use 10% less water with regular faucets outside their home. We demonstrated that adapting products' ""smart"" behavior to users' interaction or cognitive styles has the ability to reduce resource consumption. Additionally, as a different type of broader impact, students that have worked on this project include four women, one of who was an undergraduate African American student at Stanford. She is now a PhD student at MIT. It also included one undergraduate Latino Student who is now finishing his MS at Stanford.          Last Modified: 09/04/2018       Submitted by: Erin Macdonald</outcomes>
</award-details>",software-not-produced,ENG-False,software-produced
1907519,MPS,MPS,"<award-details>
    <title>Nonlinear Partial Differential Equations in Conservation Laws and Applications</title>
    <abstract>This research project is devoted to developing new mathematical methods and techniques for studying some nonlinear partial differential equations governing the fluid flow and related applications. Their study is crucial for understanding the dynamics of many applications critical for STEM including gas dynamics, engineering, materials science, geometry, fluid turbulence, shell theory, active systems in biology/biophysics, stochastic dynamics, and so on. While the one-dimensional problems are rather well understood, the general theory for the multi-dimensional case is mathematically underdeveloped. The research project will advance knowledge of the fundamental areas of mathematics and mechanics as well as applications; it will also provide opportunities for students, including those from underrepresented groups and women, to receive training in these important areas through participation in the active research in applied mathematics.     The goal of the project is to investigate some nonlinear partial differential equations arising from multi-dimensional conservation laws and related applications. The research program focuses on the following topics:  (1) the existence and stability of transonic contact discontinuity in gas dynamics:  this is a free boundary and mixed-type problem, and this study will provide new methods and shed light on the general multi-dimensional theory of conservation laws;  (2) the global smooth solutions to the Gauss-Codazzi equations of isometric immersion of surfaces: a global smooth solution to the Gauss-Codazzi equations yields a smooth isometric immersion of surfaces, and it is challenging to find such a global smooth solution for general surfaces;  (3) the weak and strong solutions to the stochastic compressible Navier-Stokes equations with various types of noise: the stochastic problems for the compressible flows are underdeveloped and widely open, and many fundamental problems are difficult; and  (4) global solutions to the system of active hydrodynamics in biology: active systems arise in many practical applications in biology/biophysics, and its modeling and analysis are challenging due to its complexity, while fundamental mathematical problems are widely open.  The purpose of this research is to develop novel analytic methods and efficient techniques for solving some important problems in multi-dimensional inviscid and viscous compressible flows and applications, and to gain insights into the general multi-dimensional problems of conservation laws and emerging real-world applications.    This award reflects NSF's statutory mission and has been deemed worthy of support through evaluation using the Foundation's intellectual merit and broader impacts review criteria.</abstract>
    <outcomes>The project focused on the PDE problems in fluid dynamics and related applications. During the project period, the following problems were studied, novel analytic methods and efficient techniques were developed, and new and significant results were obtained:  (1) Stability of supersonic and transonic contact discontinuities for two-dimensional steady compressible Euler flows in a finitely long nozzle.  (2) Linear and nonlinear stability of compressible vortex sheets in 2D and 3D elastodynamics, including the isentropic and non-isentropic cases.  (3) Vanishing viscosity limit to the planar rarefaction wave for the multi-dimensional compressible Navier-Stokes equations.  (4) Magnetic effects on the solvability of the two-dimensional magnetohydrodynamic boundary layer equations without resistivity in Sobolev spaces.  (5) Energy equality in compressible fluids with physical boundaries; a Kato-type criterion for vanishing viscosity near the Onsager's critical regularity.  (6) Global regularity of the three-dimensional fractional micropolar equations.  (7) Large time behavior and diffusion limit for a system of balance laws from chemotaxis in multi-dimensions; Cauchy problem of a system of parabolic conservation laws arising from the singular Keller-Segel model in multi-dimensions.  (8) Global well-posedness and optimal large-time behavior of strong solutions to the multi-dimensional non-isentropic particle-fluid two phase flows.  (9) Global weak solutions to the stationary Cahn-Hilliard-Navier-Stokes equations for the diffuse interface model of compressible flows.  (10) A rigidity property for the Novikov equation and the asymptotic stability of peakons.  (11) Inviscid limit of compressible viscoelastic equations with the no-slip boundary condition.  The methods and ideas developed in the project can be applied to study other problems in related areas. The mathematical issues addressed in the project are fundamental for the understanding of the dynamics of fluid flows and applications. The research of the project (a) yielded new methods of analysis and efficient techniques for solving some important problems in multi-dimensional conservation laws and applications; (b) provided more insight into the qualitative behavior of flow motion; (c) established new interdisciplinary connections of fluid dynamics and elastodynamics; and (d) likely sheded light and provided important clue of new methods on other multi-dimensional problems of conservation laws and emerging applications.  The research provided new understanding of the mathematics of fluids and gases critical for fluid dynamics, gas dynamics, biology and elastodynamics. The project provided opportunities for research, teaching and mentoring in science and engineering areas. In particular, the project provided advanced training for graduate students and allowed their participation in the research of some outstanding problems, via supervising graduate students (including two female students) and organizing workshops and working seminars; and disseminated new research results via the principal investigator's website, publications, mini-courses, and talks in conferences.       Last Modified: 10/03/2023       Submitted by: Dehua Wang</outcomes>
</award-details>",software-not-produced,MPS-False,software-produced
1262047,MPS,MPS,"<award-details>
    <title>Topological and Geometrical Problems in Soft Matter</title>
    <abstract>TECHNICAL SUMMARY  The Division of Mathematical Sciences and the Division of Materials Research contribute funds to this award. It supports theoretical research and education to advance and elucidate the theory of knotted fields.  Though it has been well known for more than three decades that topological defects can act on each other through commutation, it is only in recent times that we can: a) knot defects by design; b) tie and manipulate knotted disclinations; and c) study biaxial nematics, a physical system with a non-Abelian fundamental group.  The stream of experimental results that has already started will be ample fodder for studying the topological dynamics of these knots. What makes this most exciting is that these are now questions that can be probed directly through experiment.  A second thrust of the research is the topological characterization and classification of defects in translationally ordered media. The PI will focus specially on smectic liquid crystals because translational order is only broken in one direction and thus there is only one associated Nambu-Goldstone mode.   In addition to dislocations and disclinations, smectics enjoy a different class of geometrically precise configurations, focal conic domains.  The interaction between focal conic domains and topological defects is largely underexplored.  Finally, and most importantly, because smectics are so soft, dislocations, disclinations and focal conic domains are easy to observe and manipulate in experiment.   Building on the work of the PI and his group over the past three years, the PI will formulate a theoretical description to combine the three types of building blocks in the case of three-dimensional smectics.      This award also supports the PI's efforts to convey the science of liquid crystals effectively to K-12 and college students, high school teachers, and the general public.    NONTECHNICAL SUMMARY  The Division of Mathematical Sciences and the Division of Materials Research contribute funds to this award. It supports theoretical research and education to advance the theory of soft matter. The PI has a track record of learning and applying modern mathematics and incorporating it into his research.  In turn, these insights have been applied directly to experiments that employ traditional microscopy, polarizing filters, and hot plates.  The focus of this research project is on liquid crystals, materials that pervade our modern life, from our phones and watches to our computers and cars. The optical properties that make them the backbone of a $100 billion/year industry arise from a beautiful interplay between chemistry, theoretical physics, geometry, and topology.  The PI will study the generalization of the fluid vortices that shed off the tip of a canoe paddle or an airplane wing.  To do this, the PI will integrate the fields of materials physics, statistical mechanics, topology, and geometry, challenging traditional disciplinary lines with the hope of substantial technological and intellectual progress.   Visually compelling, the field of liquid crystals has and will allow the PI to reach out effectively to K-12 and college students, high school teachers, and the general public.</abstract>
    <outcomes>Soft matter is the study of things that flow, bend, and deform easily.  We are surrounded by soft materials, from foam cushions, to cake batter, and from skin cream, to piles of gravel.  Though none of these things are regular or organized in some precise way, like a crystal, they all have reliable, reproducible, and predictable behaviors when we squeeze them, shake them, or pour them.    The standard tools to study materials are well-suited for more organized matter; what do we for soft materials?  We have turned to geometry as an approach to understand the behavior of surfaces.  Using the mathematics of differential geometry, the same mathematics used in the theory of general relativity, it is possible to describe, model, and predict the behavior of these soft interfaces.    Topology abstracts geometry further -- distances become unimportant and, instead, matter is characterized by how different parts are connected togetherl, like a grid made of rubber bands instead of rigid rods.  We are developing topological tools to elucidate the structure of very soft materials made of uncoupled layers (called smectic liquid crystals).  Using these methods, we were able to resolve a forty year old problem in classification of these phases of matter.  Using these same tools we have been able to pose new questions that relate the theory of these smectic liquid crystals to the mathematics of knots and links in three and four dimensions.          Last Modified: 08/04/2020       Submitted by: Randall D Kamien</outcomes>
</award-details>",software-not-produced,MPS-False,software-produced
1950644,MPS,MPS,"<award-details>
    <title>REU Site: National Research Experiences for  Undergraduates Program in the Mathematical Sciences</title>
    <abstract>Each year mathematical sciences faculty are invited to apply for a grant to host the Mathematical Association of America (MAA) National Research Experiences for Undergraduates Program (NREUP) at their own campus over the summer. NREUP is structured both to increase undergraduate completion rates and encourage more students to pursue graduate study by exposing them to research experiences after they complete their sophomore year. NREUP is designed to reach minority students at a critical point in their career path - midway through their undergraduate programs. As course work becomes more abstract, many promising students are not able to adjust to the demands of a major in mathematics, but with a strong connection to a faculty mentor established through the NREUP, students are given the tools they need to succeed.    The NREUP program reaches students at a critical transition point in their studies. By the summer after their sophomore year, students typically have a strong background in calculus and a course such as linear algebra or differential equations with some degree of exposure to the proof-based mathematics needed prior to undertaking a research project in mathematics. At this transition point, between lower division and upper division studies, faculty will provide mentoring in a challenging summer program that supports students as they continue their undergraduate studies and encourage students to pursue graduate studies and careers in mathematics. Longitudinal external evaluation data collected from students in this program over several decades helps us better understand the STEM pipeline.    This award reflects NSF's statutory mission and has been deemed worthy of support through evaluation using the Foundation's intellectual merit and broader impacts review criteria.</abstract>
    <outcomes>None</outcomes>
</award-details>",software-not-produced,MPS-False,software-produced
1544273,EHR,other,"<award-details>
    <title>Evaluation for Actionable Change: A Data-Driven Approach</title>
    <abstract>This proposal was submitted in response to the Promoting Research and Innovation in Methodologies for Evaluation (PRIME) solicitation NSF 15-540. The PRIME program seeks to support research on evaluation with special emphasis on exploring innovative approaches, building on and expanding the theoretical foundations, and growing the capacity and infrastructure of the evaluation field. Increasing pressures for accountability have resulted in a push for rigorous evaluation of educational programs and practice. Yet rigorous evaluations such as Randomized Control Trials (RCTs) are expensive and often show small effects. Even RCTs of widely-adopted digital learning platforms can show disappointing results and these results have little impact on subsequent adoptions of programs already entrenched in the educational landscape. New methods are needed to both estimate effects and to indicate ways of improving outcomes for already-adopted digital learning tools. With platforms currently in wide-scale use, novel approaches to assessing use patterns and their relations with outcomes can both evaluate maximal effectiveness and provide means for improved effectiveness. This research will develop an evaluation of ST Math, a K-8 digital learning platform designed to strengthen the mathematical competency of students through enhancing both their understanding of math concepts and their motivation for math learning. By investing in evaluation innovations to improve digital learning platforms such as ST Math, such programs could reach large numbers of children with maximal effectiveness with each iteration. Development of automated tools for improvement can also enhance both the efficiency and efficacy of the digital learning platforms. This work will be accomplished through a partnership between researchers at North Carolina State University (NC State) with expertise in educational evaluation, educational data mining, and assessment with program developers at the non-profit MIND Research Institute (MIND).    This project will explore novel, and noninvasive, approaches for determining the impact of the ST Math digital learning environment. It will advance the analytical basis for formative assessment using process data and build algorithms that improve STEM teaching and learning by facilitating the automatic recognition of teachable moments for learning. The transformative potential of this research resides in the creation of new cross-disciplinary approaches that can be used to not only evaluate impact, but to inform improved teaching and learning in STEM, by leveraging observed behaviors of students and teachers and educational data mining techniques. Specifically, this research will explore novel methods for detecting, visualizing, and evaluating students? puzzle-solving and puzzle-selection behaviors. The PIs will assess whether the detected patterns are driven by students? incoming competence or can be used to predict their short and long-term performance. By linking student and teacher behavior patterns with important learning and motivational outcomes, the researchers may be able to recommend promising actions to teachers and potential refinements to developers. This work has the potential to not only transform the use and success of the ST Math platform, but to create methods that can be refined and transferred to the evaluation and implementation of other platforms.</abstract>
    <outcomes>Educational Games significantly impact our future generations. As more games emerge, we face unprecedented challenges in evaluating games against their educational goals. Traditional methods fall short. Games are growing in size and complexity, which makes it increasingly inefficient to pinpoint game design flaws through control-trial experiments. Games are intended to be used over longer periods of time and pre- and post-tests have limited power in investigating the longitudinal process of gameplay and learning. We need new methods to understand gameplay and inform game design in an efficient, scalable fashion.  This project has addressed this challenge through integrated human and data-driven approaches. ST Math is a large-scale curriculum-integrated game used by over 1,000,000 students. We have developed new methodologies for analyzing gameplay data in a series of studies, from extracting meaningful information from gameplay data, designing data-driven methods that fit the data, to deriving actionable feedback for the game design and classroom usage. We have involved the human factor in these processes--triangulating data-driven approaches with human interpretation, grounded educational theory, and qualitative research.    For example, our new methodologies correlated in-game data with gamified in-platform student surveys on math utility value, motivation, and emotions, while cognitive interviews have investigated the validity of such surveys with K-6 students across different age groups. We have also studied associations between emergency distance learning due to COVID-19 and student performance, showing complex effects including lower progress, lower expectancy, and lower emotional cost for math, but with higher performance than expected for those engaging in the game, demonstrating the potential for learning analytics to stand in for more traditional performance metrics. The project has leveraged the large datasets available in the game to design new methods to compare and recommend varied curriculum sequences. We have also leveraged classroom observations and interviews to define a framework for how teachers orchestrate long-term classroom integration of a curriculum-based game, from preparation, to use, intervention, and data-informed reflective practice. We triangulated these results with in-game data, showing that few classrooms all engage simultaneously in game-based learning, reinforcing the idea that teachers are leveraging the platform to meet individual and small-group learning needs for their students.   Our combination of theory driven and data-informed approaches guards against the interpretation of meaningless patterns arising from the sheer amount of data that may be derived when purely data-driven methods are used. These new methodologies can help game designers and educators create better technologies to advance learning for future generations.              Last Modified: 09/28/2021       Submitted by: Tiffany M Barnes</outcomes>
</award-details>",software-not-produced,other-False,software-produced
1116703,CISE,CISE,"<award-details>
    <title>SHF: Small: Foundations and Applications of Higher-Dimensional Directed Type Theory</title>
    <abstract>A central objective for computer science is to develop methods for building  reliable and maintainable software.  The most important technique for ensuring  these properties is abstraction, the decomposition of a system into separable  and reusable components.  The theory of abstraction in programming is called  type theory.  A type is a specification of the behavior of a software component;  type checking ensures that programs obey these specifications.  This ensures  that components can be modified or replaced without fear of disrupting the  behavior of other components.  By supporting the expression and enforcement of  component behaviors, type theory integrates programming with verification, the  process of ensuring compliance with specifications.  All modern programming  languages and development methodologies are based on, or draw inspiration from,  type theory.  The broad goal of this project is to extend the capabilities of  type theory to a wider range of properties, and to use type theory to facilitate  the development of reliable software.    Specifically, the research will develop the theory of higher-dimensional type  theory, and explore its application to generic programming, a technique  for generating programs from their specifications.  Higher-dimensional  type theory draws on recent advances in category theory and algebraic  topology that emphasize the algebraic structure of relations between  programs, and relations between such relations, in direct analogy with  the higher-dimensional structure of topological spaces.  In this setting  dependent families of types must respect the algebraic structure of such  relations, and in doing so, they implicitly provide transformations that  correspond to generic programs whose behavior is determined by their  type.  More broadly, the project will apply ideas from category theory  and topology to improve software development, and apply ideas from type  theory to facilitate computer-verified proofs of mathematical theorems.</abstract>
    <outcomes>This project is an investigation of type theory, a unified language for expressing programs and proofs. The language of type theory provides the means to specify and verify the behavior of programs, an important aspect of ensuring software correctness, and to state and prove theorems in various areas of mathematics. By unifying the concepts of program and proof, on the one hand, and specification and theorem, on the other, type theory integrates computer science and mathematics in a manner not achieved by other approaches to formal verification of programs or mechanical checking of mathematical proofs.  Moreover, there are three principal implementations of type theory (NuPRL, Agda, and Coq) that support the practical mechanization of program and proof development. Thus, type theory is not only a theoretical formalism, but also a practical tool that extends the capabilities of computer scientists and mathematicians to include convenient computer assistance.  The focus of this project is on the extension of type theory to account for the higher-dimensional structure of types, which reflects a ""geometric"" or ""topological"" aspect of types that has only recently been recognized and developed by the present project. This recognition established connections with a branch of mathematics, called homotopy theory, that has led to exciting new developments that continue to be pursued. The emphasis of the present project is on the application of this newly discovered connection to practical programming problems. In particular it has contributed to the mechanization of a body of homotopy theory using the Agda proof assistant, and has applied concepts of higher-dimensional type theory to the practical problem of revision control in software development.  The project has supported the education and research of three Ph.D students, two undergraduate students, including one master's thesis, and two post-doctoral fellows.          Last Modified: 08/03/2015       Submitted by: Robert W Harper</outcomes>
</award-details>",software-not-produced,CISE-False,software-produced
1818898,BIO,BIO,"<award-details>
    <title>Collaborative Proposal: RAPID: How do extreme flooding events impact migratory species?</title>
    <abstract>Extreme weather events can alter resources in dramatic ways, which can have positive, negative, or neutral impacts on species. In the case of hurricanes and tropical storms, heavy rains could trigger an unusual pulse of plant growth or, if extreme, drown critical resources. This substantial shift in resource availability almost certainly impacts the survival, reproduction, and growth of local populations; however, the extent to which migratory species are impacted is much less clear. Out-of-season resources may disrupt migration as individuals alter their normal behaviors, with potential negative consequences if arrival to winter or summer habitat is delayed or blocked. Alternatively, migratory species may avoid gaps in resources by shifting their routes, or even capitalize on resources that peak following heavy rainfall events, improving their survival at stopover locations and fitness at destination habitats. Texas is a critical migratory pathway in North America for many species of birds, bats, and insects and its position bordering the gulf coast means that it is also subject to many severe weather events during the tropical storm season. The recent flooding associated with Hurricane Harvey, the most extreme rainfall event in US history, provides a unique opportunity to investigate how plant resources shift in response to disruptive weather events.  Further, hypotheses on the demographic responses of migratory species will be rigorously tested at both local and regional scales. This project will study the impact of Hurricane Harvey on a model migratory species, the eastern North American monarch butterfly (Danaus plexippus L.) population, with the goal of developing a framework to understand the impact of extreme flooding events on migratory species. The results will inform conservation efforts for the monarch butterfly, population models, and climate forecasting.     This research will examine the effects of Harvey on monarch dynamics in the local Texas migratory corridor and evaluate the potential for carry-over effects into the monarch's overwintering population in Mexico and summer breeding population in central and eastern North America. The project will accomplish this through three key activities. First, data will be collected at survey sites throughout the affected area during the fall, winter, and spring of the 2017-2018 migratory season. Second, the impact of Harvey and other recent extreme rainfall events will be explored using climate data and remotely-sensed satellite imagery to model vegetation growth. Finally, monarch population models will link local conditions in Texas to the overwintering population in Mexico, and subsequently to spring and summer generations.   This research advances macrosystems ecology by expanding the spatiotemporal scale at which carry-over effects from resource disruptions may impact migratory species, and providing a framework for incorporating conditions experienced by animals during migratory periods (the least-studied stages of the annual cycle) into population models to evaluate mechanisms governing long-term trends.</abstract>
    <outcomes>Extreme weather events can alter available resources in dramatic ways, which can have positive, negative, or neutral impacts on organisms. In the case of hurricanes and tropical storms, heavy rains could trigger an unusual pulse of plant growth or, if extreme, drown critical resources. Out-of-season resources may disrupt migration as individuals alter their normal behaviors, with potential negative carryover consequences if arrival to their destination is delayed or blocked. Alternatively, migratory species may avoid gaps in resources lost to flooding by shifting their routes, or even capitalize on resources that peak following heavy rainfall events, improving their survival at stopover locations and fitness at destination habitats.  Texas is a critical migratory pathway in North America, with many species of birds, bats, and insects flying through on their way north to breeding grounds each spring and south to overwintering sites each fall. Flooding associated with Hurricane Harvey (during late summer 2017) provided a unique opportunity to investigate how plant resources shift in response to disruptive weather events and to rigorously test hypotheses on the demographic responses of migratory species. For this project, we evaluated the impacts of Hurricane Harvey on a model migratory species, the eastern North American monarch butterfly (Danaus plexippus) population, within and beyond the geographic extent of the storm. We examined the effects of Harvey on monarch dynamics in the local Texas migratory corridor and for carry-over effects into the monarch overwintering population in Mexico and summer breeding population in central and eastern North America and southern Canada. To do this, we collected new data on resources (milkweed for breeding and nectar sources critical to successful migration) and monarchs (eggs and adults) throughout the spring of 2018. We also leveraged data collected during the fall of 2017 immediately after Hurricane Harvey and later in 2019. We conducted resource modeling and climate hindcasting of previous extreme precipitation events and developed models of spring monarch populations by using auxiliary 'incidental sightings' monarch data.  We found an increase in vegetation green-up during the fall of 2017 immediately following Hurricane Harvey as well as increased monarch reproduction during that fall period (something that is generally thought to be negative for monarch population dynamics). However, our retrospective analyses showed that the amount of fall green-up did not fall outside normal, yearly variability. By spring 2018 (and afterwards), we found no effect of areas flooded by Harvey (e.g. weeks of standing water following the hurricane) compared to non-flooded sites on either plant growth, adult monarch abundance, or egg abundance. Monarchs naturally occur in low abundance in Texas and the surrounding region during the spring time. Milkweed is patchy in distribution and randomly selected sampling locations may not be effective at capturing milkweed responses to flooding as many sites do not contain milkweed. Our results will thus be helpful to inform the continued development of the Integrated Monarch Monitoring Protocol.  To examine how widespread our results may be, we conducted a broader review of the literature and found that most research suggests that migrants are generally able to avoid the most negative effects of Atlantic hurricanes. Research to date has generally focused on birds, but bats and insects also constitute a substantial portion of migrants each year. Insects in particular are likely to be influenced by the distribution of resources in their migratory pathway because most have multi-generational migrations (in contrast to vertebrate migrants) and thus are often breeding along their migratory routes. It is important to understand how well migrating species can adapt to hurricanes, especially as they increase in frequency and intensity with a changing climate. We note that these results do not apply to resident species which may be profoundly impacted by hurricanes and other regional disruptions.   The results from this project were shared with management agencies, as the USFWS is currently considering whether the monarch butterfly should be listed under the Endangered Species Act, and with heads of citizen science organizations. Results from this work have also been incorporated into a larger, full annual cycle analysis of monarchs. Funding for this project supported two graduate students and two postdoctoral researchers at three institutions.          Last Modified: 04/29/2020       Submitted by: Elise F Zipkin</outcomes>
</award-details>",software-produced,BIO-True,software-not-produced
2050925,CISE,CISE,"<award-details>
    <title>REU Site: Undergraduate Research Experiences in Computer Systems at University of Louisville</title>
    <abstract>The University of Louisville will  establishes a Research Experiences for Undergraduates (REU) Site to host a diverse cohort of undergraduate students across the nation in 10-week summer sessions to conduct research with faculty mentors on topics related to computer systems, including operating systems, parallel and distributed systems, embedded systems, mobile systems, and computer architecture. In addition to the significant broader social impacts of the proposed research projects, this REU site will impact undergraduate students from schools with limited research opportunities by helping them gain theoretical and practical knowledge in computer systems, training them in conducting cutting-edge computer systems research and inspiring them to pursue postgraduate education in computer science.    The end of Moore's Law is an exciting time to explore new computer system designs for the future. This REU Site includes a broad range of computer systems research topics, ranging from processor architecture to storage systems and from small-scale systems such as mobile and edge devices to large-scale systems including exascale data centers. Research projects will advance the state-of-the-art in computer systems by exploring new architectures for emerging applications on mobile and edge devices, energy-efficient storage stack designs for operating systems, energy-efficient embedded systems and microcontrollers, new software tools for data-intensive and high-performance computing, new graph analytics algorithms, holistic security solutions for IoT applications, novel distributed and explainable machine learning algorithms, new quantum acceleration techniques, and novel GPU enabled parallel document inversion algorithms for bioinformatics applications. A multi-level mentoring model will be followed through weekly meetings with the PIs, daily meetings with the mentors, and continuous interaction with graduate students.    This award reflects NSF's statutory mission and has been deemed worthy of support through evaluation using the Foundation's intellectual merit and broader impacts review criteria.</abstract>
    <outcomes>The REU Site, ""Undergraduate Research Experiences in Computer Systems at the University of Louisville,"" has attracted 30 diverse undergraduate students from across the nation over the past three years, including many from institutions with limited research opportunities. Participants have engaged in research spanning various computer systems projects, such as memory, storage, and file systems; mobile and extensible distributed systems; cloud and data-intensive processing systems; as well as embedded and multicore systems and accelerators. Given the foundational importance of computer science, fostering a robust and diverse pipeline of students equipped with substantial research experience in computer systems is essential for cultivating the next generation of researchers in this field.   The first two summers of this project occurred during the COVID-19 pandemic, prompting us to conduct the REU site virtually, ensuring students could still benefit from full-time research experience in computer systems within a safe and healthy environment. However, the third summer of the REU took place in person at the University of Louisville, providing participants greater opportunities for face-to-face interactions with mentors and peers.   Over the course of these three years, our REU site has consistently attracted a significant number of applicants and participants from Kentucky, aligning with our project's objective of expanding research opportunities for students in Kentucky, an EPSCoR state. Simultaneously, we have successfully recruited nationwide, enrolling a total of 12 students from 8 different states. Particularly noteworthy is our project's engagement of 16 students from institutions with limited research prospects, fulfilling our aim of broadening research opportunities for students who might otherwise lack access to computer systems research opportunities.   Evaluation results from an independent evaluator have indicated that REU participants at our site were highly satisfied with their experience, noting significant increases in their knowledge of computer systems and research skills. These include proficiency in employing the scientific method to solve problems, designing experiments, creating graphs from data, and composing technical reports. Additionally, students reported enhancements in their coding skills, Linux proficiency, problem-solving abilities, and resilience in navigating long-term challenges with numerous obstacles. Moreover, 70% of surveyed students expressed an interest in pursuing graduate studies in computer science or computer engineering. Notably, the previous REU project yielded 5 peer-reviewed conference or workshop papers, 10 technical reports, and 30 research posters.     Last Modified: 05/12/2024       Submitted by: WeiZhang</outcomes>
</award-details>",software-not-produced,CISE-False,software-produced
2016610,CISE,CISE,"<award-details>
    <title>CCRI: Planning: Collaborative Research: Infrastructure for Enabling Systematic Development and Research of Scientific Workflow Management Systems</title>
    <abstract>Scientific workflows are used almost universally across research and engineering disciplines and have underpinned some of the most significant discoveries of the past several decades (e.g., first detection of gravitational waves from colliding black holes, the discovery of the Higgs boson, and the detection of an exotic nuclear decay). Workflow management systems (WMSs) are software systems that provide abstraction and automation for facilitating access to and management of distributed and heterogeneous compute and storage resources. They enable a broad range of researchers to easily define sophisticated computational processes and to then execute them efficiently on parallel and distributed computing platforms. Unfortunately, in spite of widespread adoption of workflows,  the technology landscape is segmented and presents significant barriers to entry due to the existence of dozens of seemingly comparable, yet incompatible, systems. The research landscape is also disjoint, making it difficult to compare and contrast approaches, verify and reproduce results, and build upon existing work.    This project will engage with representatives from the workflows community – including researchers, developers, science and engineering users, and cyberinfrastructure experts. Through targeted community surveys and focused workshops, the project will gather a diverse set of perspectives, create a community-owned WMS inventory and common knowledge taxonomy, define an experimental methodology for measuring WMS capabilities, and develop a blueprint for a community research infrastructure. This proposed infrastructure has the potential to truly democratize workflows research, enabling researchers, postdocs, and students, irrespective of their institutions, to access cutting-edge infrastructure for comparison, evaluation, and verification of workflows research results.    This award reflects NSF's statutory mission and has been deemed worthy of support through evaluation using the Foundation's intellectual merit and broader impacts review criteria.</abstract>
    <outcomes>Scientific workflows are used almost universally across scientific domains and have underpinned some of the most significant discoveries of the past several decades. Workflow management systems (WMSs) provide abstraction and automation which enable a broad range of researchers to easily define sophisticated computational processes and to then execute them efficiently on parallel and distributed computing systems. As a result of widespread workflow adoption, the workflows research and development community has grown: there are now hundreds of independent WMSs, thousands of researchers and developers, and a rapidly growing corpus of workflows research publications. This progress has occurred in spite of the absence of a community research infrastructure, which has had wide-ranging consequences.    During this planning project, we conducted a series of events called ""Workflows Community Summits"" (January, April, and November 2021, https://workflowsri.org). The overarching goal of these summits was to (i) develop a coherent view of the state of the art, (ii) identify key research challenges, (iii) articulate a vision for potential community activities, and (iv) explore technical approaches for realizing (part of) this vision. The summits were attended by more than 130 participants, including international lead researchers and developers, from distinct workflow systems and user communities (over 30+ workflow systems were represented). The outcomes of the three Workflows Community Summits have been compiled and published in three technical reports and one research paper:    Workflows Community Summit: Bringing the Scientific Workflows Research Community Together (http://dx.doi.org/10.5281/zenodo.4606958): The first ""Workflows Community Summit"" was held online on January 13, 2021. The summit included 48 invited participants from a select group of international (Austria, Brazil, Germany, Netherlands, Spain, UK, and USA) lead researchers from distinct workflow management systems and users, and representatives from the National Science Foundation (NSF), and Department of Energy (DoE). The overarching goal of the summit was to develop a view of the state of the art and identify crucial research challenges in the workflow community. The summit focused on six themes: (i) FAIR computational workflows, (ii) Training and education for workflow users, (iii) AI workflows, (iv) Exascale challenges and beyond, (v) APIs, interoperability, reuse, and standards, and (vi) Building a workflows community. The end goal was to identify other challenges, if need be, and outline short- and long-term community efforts that could help tackle these challenges.        Workflows Community Summit: Advancing the State-of-the-art of Scientific Workflows Management Systems Research and Development (http://dx.doi.org/10.5281/zenodo.4915801): The second ""Workflows Community Summit"" took place on April 7, 2021. The summit included 75 participants from a group of international researchers and developers (Australia, Austria, Brazil, France, Germany, Italy, Netherlands, Norway, Poland, Spain, Switzerland, UK, and USA)  from distinct workflow management systems and users, and representatives from the NSF and DoE. While the first summit focused on establishing a high level vision, this second summit explored technical approaches for realizing (part of) that vision. Consequently, we strived to engage participants who are actively involved in workflow system development. Based on the outcomes of the first summit, we identified three technical topics for discussion: (i) Definition of common workflow patterns and benchmarks (both for determining workflow system functionality and for providing users with tutorial examples); (ii) Identifying paths toward interoperability of workflow systems; and (iii) Improving workflow systems' interface with legacy and emerging HPC software and hardware stacks.        Workflows Community Summit: Tightening the Integration between Computing Facilities and Scientific Workflows (http://dx.doi.org/10.5281/zenodo.5815332): The third ""Workflows Community Summit"" took place on November 8, 2021. The summit included 14 participants from various computing centers and facilities. Based on the outcomes of the first two summits, we identified the need to share outcomes with computing centers and facilities, as well as to capture their perspectives regarding workflow systems and applications. To this end, this third summit was organized as a focused session with a small group of participants with the aim to understand how workflows are currently being used at each facility, how facilities would like to interact with workflow developers and users, how workflows fit with facility roadmaps, and what opportunities there are for tighter integration between facilities and workflows.        Research Paper: A Community Roadmap for Scientific Workflows Research and Development, 2021 DOI:  https://doi.org/10.1109/WORKS54523.2021.00016.   As an outcome of this planning project, we have established a Workflows Community Initiative (https://workflows.community) to bring the workflows community together (users, developers, researchers, and facilities) and provide community resources and capabilities to enable scientists and workflow systems developers to discover software products, related efforts, events, technical reports, etc. and engage in community-wide efforts to tackle workflows grand challenges.           Last Modified: 01/24/2022       Submitted by: Henri Casanova</outcomes>
</award-details>",software-produced,CISE-True,software-not-produced
1456963,BIO,BIO,"<award-details>
    <title>Regulation of Host Colonization Specificity</title>
    <abstract>Bacteria colonize and perform critical functions for their animal hosts. There has been an increased understanding of the bacteria that are associated with specific animal hosts, but the proceses and mechanisms by which specific animals become colonized with characteristic beneficial bacteria and avoid colonization by harmful (pathogenic) bacteria are not well-understood. This project uses a simplified system in which an animal organ is colonized by only a single bacterial species as a way to examine these processes and mechanisms. Molecular genetic approaches will be used to identify bacterial genes and processes that are critical to host colonization, and comparative approaches will be used to determine how the gene circuits in different bacteria evolve to either keep the same animal partner or allow the bacteria to switch and colonize a new animal host. This work has the potential to impact studies of bacterial aggregation, a process that occurs readily and has broad implications for the ability of bacteria to perform beneficial or harmful functions in natural and man-made environments. Climate change has been shown to influence bacterial-animal associations, so a deeper understanding of the molecular basis to these interactions will allow us to better prepare for changing environmental conditions. Finally, the evolution of infectious diseases depends on pathogen interactions with animal hosts, and therefore it is critical to discern regulatory changes that influence microbe-host communication. Students will be trained in modern genetics and genomics, and bioinformatics to address ""big data"" questions. Outreach activities are focused on broadening the representation of future STEM field leaders.     Microbial symbioses are prevalent in animals and are crucial to the health and development of both partners. These relationships have evolved robust mechanisms to ensure the faithful transmission of symbionts during each new host generation. This project applies modern genomic and genetic methods to examine how host specificity develops in a horizontally transmitted animal-microbe symbiosis. The project focuses on the binary association between Vibrio fischeri bacteria and the bobtail squid hosts. Preliminary data have revealed the importance of biofilm formation (bacterial aggregation) during host colonization, both in V. fischeri colonization of squid and in many bacterial colonization systems. In the canonical squid symbiont ES114, the RscS histidine kinase activates biofilm genes that are necessary for normal host colonization. A comparative approach identified strains that do not use RscS for colonization, and in the project molecular genetic approaches will be undertaken to identify the signal transduction pathways regulating aggregation and colonization in closely related symbiont strains. By taking an integrative approach that encompasses natural populations, genomes, pathways, and genes, the project will yield an understanding of the molecular mechanisms that maintain symbiont-host fidelity and facilitate co-evolutionary dynamics in horizontally-transmitted bacterial symbionts. A pilot workshop is proposed that integrates with the research aims and trains undergraduate and graduate students in modern bioinformatics techniques.</abstract>
    <outcomes>None</outcomes>
</award-details>",software-not-produced,BIO-False,software-produced
2000610,MPS,MPS,"<award-details>
    <title>Hodge Filtration, Singularities, and Complex Birational Geometry</title>
    <abstract>This project addresses problems of fundamental interest in pure mathematics, and especially in the field of algebraic geometry. Algebraic geometry is one of the oldest branches of mathematics, as people have attempted for a very long time to use algebra in order to understand problems in geometry, and at the same time one that has seen some of the most outstanding modern developments and connections with areas of pure and applied science. The main aim of the project is to connect parts of algebraic and complex geometry that have previously been quite disjoint; in particular, it uses new tools (called Hodge modules), relying heavily on topology and analysis as well, in order to classify geometric shapes and singularities. This approach is generating numerous projects for Ph.D. students and the project provides research training opportunities for graduate students.    In more detail, the PI will continue applying the theory of mixed Hodge modules to concrete problems in complex and birational geometry. He will also continue developing the theory of Hodge ideals, in collaboration with M. Mustata. This has been completed for Q-divisors, providing an extension of the theory of multiplier ideas in this setting, but new ideas need to be brought into play in order to obtain a similar picture for ideal sheaves, or for local cohomology. One hopes that this will lead to further interesting applications. In their work the PI and Mustata have already obtained applications regarding the singularities of theta divisors, hypersurfaces in projective space, or minimal exponents. In addition to further consequences along these lines, they will use the proposed extensions in order to study, for instance, effective bounds for linear series, or roots of the Bernstein-Sato polynomial. The PI has also been involved in applying the theory of Hodge modules towards the study of the variation of families smooth projective varieties of varieties, e.g. Brody hyperbolicity or Viehweg-type questions for parameter spaces. He will extend this study to families of singular varieties, especially those that appear in the theory of moduli of higher dimensional varieties according to Kollár and others, perhaps using those Hodge modules that extend variations of mixed Hodge structure. The PI will also continue working towards the classification of subvarieties with minimal cohomology class on principally polarized abelian varieties, and its link with generic vanishing subschemes and with the singularities of theta divisors.    This award reflects NSF's statutory mission and has been deemed worthy of support through evaluation using the Foundation's intellectual merit and broader impacts review criteria.</abstract>
    <outcomes>None</outcomes>
</award-details>",software-not-produced,MPS-False,software-produced
1808678,MPS,MPS,"<award-details>
    <title>Collaborative Research: Fundamental Mechanisms of Microfluidic Traveling-Wave Electrophoresis</title>
    <abstract>This project is funded by the Chemistry Division of the Mathematical and Physical Sciences Directorate.  Professors Aaron Timperman from the University of Illinois and Boyd Edwards from Utah State University are investigating the fundamental mechanisms of a new separation method called microfluidic traveling-wave electrophoresis (TWE). TWE is a promising method for reducing the complexity of samples that may come from biological organisms or the environment. In the investigation of the mechanisms of TWE, the team is determining precisely how TWE works and on optimizing its performance. The unique characteristics of TWE separations make it well-suited for applications that cannot be achieved with other separation methods. The TWE separation is driven with very low voltages (+/-0.5 V) which are 1,000 to 10,000 times smaller than its nearest relative, microchannel electrophoresis. This low voltage requirement makes TWE highly compatible with fieldable sensing systems. TWE should prove helpful in applications such as detection of biomarkers in human medical, forensic, and drug testing, detection of toxic substances in the environment, and detection of threat agents for homeland defense. The team collaborates with the Illinois Academic Ambassadors to enhance exposure of middle school and high school students to STEM research.    A combined experimental and theoretical modeling approach is used to provide a thorough and quantitative description of the mechanisms of TWE. TWE is distinct as a low frequency AC electrophoretic separation in which a longitudinal electric field wave propagates through the microfluidic channel. The separation mechanisms of TWE are unique: TWE can rapidly switch between separative transport, non-separative transport, and immobilization simply by changing the frequency of the traveling wave; and both anions and cations move in the same direction. The goal of this work is to fully understand and quantitatively describe the fundamental mechanisms of traveling wave electrophoresis. The objectives are: 1) determining the mechanisms of zone migration, 2) determining the mechanisms of zone dispersion, and 3) defining the fundamental equations of separation efficiency, resolution, and peak capacity. The experimental results guide the development of the theoretical models, and the fundamental equations derived are experimentally verified. These fundamental equations provide a basis with which this separation method can be quantitatively compared with others and inform optimal device design. The experimental team includes both undergraduate and graduate students. This is an interdisciplinary project that exposes students to separations, theoretical modeling, and fabrication in Engineering. An outreach component is included that impacts middle and high school students, exposing them to STEM disciplines.    This award reflects NSF's statutory mission and has been deemed worthy of support through evaluation using the Foundation's intellectual merit and broader impacts review criteria.</abstract>
    <outcomes>None</outcomes>
</award-details>",software-not-produced,MPS-False,software-produced
1842042,CISE,CISE,"<award-details>
    <title>Pilot Study for a Cyberinfrastructure Center of Excellence</title>
    <abstract>NSF's major multi-user research facilities (large facilities) are sophisticated research instruments and platforms - such as large telescopes, interferometers and distributed sensor arrays - that serve diverse scientific disciplines from astronomy and physics to geoscience and biological science. Large facilities are increasingly dependent on advanced cyberinfrastructure (CI) - computing, data and software systems, networking, and associated human capital - to enable broad delivery and analysis of facility-generated data. As a result of these cyber infrastructure tools, scientists and the public gain new insights into fundamental questions about the structure and history of the universe, the world we live in today, and how our plants and animals may change in the coming decades.  The goal of this pilot project is to develop a model for a Cyberinfrastructure Center of Excellence (CI CoE) that facilitates community building and sharing and applies knowledge of best practices and innovative solutions for facility CI.    The pilot project will explore how such a center would facilitate CI improvements for existing facilities and for the design of new facilities that exploit advanced CI architecture designs and leverage establish tools and solutions. The pilot project will also catalyze a key function of an eventual CI CoE  - to provide a forum for exchange of experience and knowledge among CI experts. The project will also gather best practices for large facilities, with the aim of enhancing individual facility CI efforts in the broader CI context.  The discussion forum and planning effort for a future CI CoE will also address training and workforce development by expanding the pool of skilled facility CI experts and forging career paths for CI professionals.  The result of this work will be a strategic plan for a CI CoE that will be evaluated and refined through community interactions: workshops and direct engagement with the facilities and the broader CI community.     This project is being supported by the Office of Advanced Cyberinfrastructure in the Directorate for Computer and Information Science and Engineering and the Division of Emerging Frontiers in the Directorate for Biological Sciences.    This award reflects NSF's statutory mission and has been deemed worthy of support through evaluation using the Foundation's intellectual merit and broader impacts review criteria.</abstract>
    <outcomes>NSF Major Facilities (MFs) enable unprecedented discoveries across science and engineering disciplines and educate students, researchers, and the public. Innovative and robust cyberinfrastructure (CI) is critical to the MF science missions and is fundamental to the scientific data lifecycle (DLC) that represents the transformation of raw data captured by state-of-the-art scientific instruments into data products that can be visualized, disseminated, and converted into insights and knowledge. The goal of the CI CoE Pilot project (Pilot) effort was to develop a model and a blueprint for a Center of Excellence (CoE) that would serve the CI needs of the MFs  by providing MFs with a central and collaborative space focused on CI issues in MFs. To achieve the goal, the Pilot provided expertise and active support to cyberinfrastructure practitioners at MFs by engaging with the MFs, understanding their CI needs, understanding the contributions the MFs are making to the CI community, and exploring opportunities for building a broader CI community. To better understand MFs' CI, the Pilot developed and validated a model of the MF data lifecycle that follows the data generation and management within a facility and gained an understanding of how this model captures the fundamental stages that the facilities' data passes through from the scientific instruments to the principal investigators and their teams, to the broader collaborations and the public. The Pilot conducted (a) deep engagements, i.e. focused joint activities with MF teams on selected CI topics that are important yet no fully solved, with several MFs, including National Ecological Observatory Network (NEON), Seismological Facilities for the Advancement of Geoscience (SAGE), Geodetic Facility for the Advancement of Geoscience (GAGE), National Center for Atmospheric Research (NCAR), and Arecibo Observatory (AO), (b) topical discussions on CI topics relevant to multiple MFs, e.g. Identity Management, and (c) community building through identifying related efforts, collecting and disseminating information about the broad community activities, and maintaining as a living resource for community information. The Pilot also gained an understanding of CI workforce development challenges the MFs face while designing, constructing, and operating their CI and what solutions they are exploring and adopting within their projects. Through the above activities, the Pilot identified the needs of the MFs in the data lifecycle and workforce development areas, and developed a blueprint for a CI CoE that will learn about and share the CI solutions designed, developed, and/or adopted by the MFs, provide expertise to the largest NSF projects with advanced and complex CI architectures, and foster a community of CI practitioners and researchers.  The Pilot activities not only enhanced the CI for MFs, but also improved overall productivity and efficiency by providing MFs with expert CI knowledge and support and consequently reduced the burden of individual CI development and management that MFs currently bear. The Pilot made a significant impact on the MF CI community by being a resource providing expertise across MFs and the broader CI ecosystem, and being a broker of communications between MFs. At the same time, the Pilot  gained understanding of how the CI within MFs is being designed and operated, in addition to what the unique issues MFs encounter are. The Pilot?s work with NEON resulted in their users accessing data more efficiently in terms of identity management, data semantics, and visualization. In addition, the Pilot aided NEON/NCAR in designing a prototype of a joint NCAR/NEON platform, impacting the cyberinfrastructure collaborations between NCAR and NEON, which will enable novel scientific research in partnership with ecological and atmospheric science communities. The Pilot also aided SAGE/GAGE in planning for a Common Cloud Platform (CCP), which, when fully implemented, will enable seismologists and geogedists to leverage the SAGE and GAGE MF data for important scientific discoveries in their areas of research.       Last Modified: 11/06/2021       Submitted by: Ewa Deelman</outcomes>
</award-details>",software-produced,CISE-True,software-not-produced
0906864,MPS,MPS,"<award-details>
    <title>Statistical methods for space-time processes, time-frequency methodologies, and applications</title>
    <abstract>This project considers space-time models and time-frequency methods for the analysis of space-time data observed continuously (and often sparsely) in space, but discretely (and regular) in time.  This research extends the spatially-dependent filtering approach used to define space-time processes to include space-time long memory processes, non-Gaussian processes, and non-linear processes. Since methods need to be developed for these types of statistical models that are efficient to use, part of this research focuses on statistical inference.  A secondary study involves spectral and wavelet methods for the analysis of space-time processes.  A spectral analysis is used to explore features of a statistical process in the frequency domain in terms of a linear combination of complex exponentials (sinusoids).  A wavelet analysis provides a space/time-scale (approximately a space/time-frequency) decomposition of a statistical process in terms of averages and changes of averages over different temporal or spatial scales.  Developing methods of  spectral- and wavelet-based exploratory data analysis and inference are of key interest.    There is a growing need in many scientific areas to be able to understand phenomena that vary jointly across space and in time. Statistical methods are required in practice because these phenomena are observed in the presence of uncertainty.  For example, Paleooclimatology (the history or ""archaeology"" of climate) involves obtaining surrogate measures for climatic variables over space that are valid over long time scales.  Important scientific questions can be answered by relating data obtained from paleoclimatology to drivers of climate variability.  The use of space-time statistical models and spectral and wavelet-based space-time analyses can inform how different temporal scales affect the climate relationships observed, and to understand how these relationships vary spatially.  This research is directly applicable to other scientific areas, and results will be communicated via peer-reviewed articles in subject-matter as well as statistical areas.  A diverse cross-section of students (statistical and non-statistical) will be mentored in methods of time series analysis and spatial statistics (via supervision and teaching).</abstract>
    <outcomes>None</outcomes>
</award-details>",software-not-produced,MPS-False,software-produced
9726401,CISE,CISE,"<award-details>
    <title>Challenges in CISE:  Automatic Interpretation of High-Altitude Image Data for Eco-System Modeling</title>
    <abstract>9726401  Riseman, Edward  Finn, John  University of Massachusetts, Amherst    Challenges in CISE:  Automatic Interpretation of High-Altitude Image Data for Eco-System Modeling    The goal of the joint research effort between the University of Massachusetts Computer Science Department and the Department of Forestry and Wildlife Management is the development and demonstration of a practical methodology to enable highly automated and accurate scientific monitoring of natural resource and land use via aerial video and photography.  A secondary goal is to use portions of the same system for wildlife surveys and management.  The research project will almost completely automate and significantly extend the manual methodology currently in use involving airborne video data collection, time-consuming manual image registration, and construction of customized expert system classifiers for vegetation and terrain cover.  Thus the proposed computer science research spans technical issues in computer vision, machine learning, and high performance computing.</abstract>
    <outcomes>None</outcomes>
</award-details>",software-not-produced,CISE-False,software-produced
1444568,BIO,BIO,"<award-details>
    <title>Gene Regulatory Networks in the Maize Endosperm</title>
    <abstract>PI: Ramin Yadegari (University of Arizona)    CoPIs: Philip W. Becraft (Iowa State University), Joanne M. Dannenhoffer (Central Michigan University), and Gary N. Drews (University of Utah)    Endosperm is a major component of the seed, and is biologically and economically important. In all angiosperms, endosperm provides nutrients and signals to the embryo during seed development. In cereal grains, endosperm composes a large proportion of the mature seed, and contains large amounts of carbohydrates and proteins, which provide more than 50% of the calories in the human diet, either directly or indirectly through animal feed. Cereal endosperm also serves as a raw material for manufacturing important industrial products, including ethanol. Maize is an excellent model system for molecular genetic analysis of cereal endosperm and is the primary subject of this research project which focuses on maize early endosperm development, encompassing the time when the endosperm grows from a single cell into a multicellular structure composed of different specialized cell types.  Although the molecular mechanisms that control this developmental period have not been elucidated, they are likely to affect many economically important processes including, but not limited to, the regulation of seed size, and accumulation of starch and protein during grain filling. In addition to the training of students and postdoctoral associates, the project will provide summer research training internships for undergraduate students from Central Michigan University.          To identify genetic pathways that control endosperm cell differentiation, gene expression profiling will be performed on each endosperm cell type at multiple time points; this will be accomplished through a combination of laser-capture microdissection to collect specific endosperm cell types and the RNA-seq method (high throughput sequencing of cDNA) to identify all the genes expressed in the collected tissues. This information will be used as a framework for gene-network analysis in two of the endosperm cell types: the starchy endosperm and basal transfer layer. Starchy endosperm is the major repository for starch and protein accumulation, while the basal transfer layer is important for transporting sugar and amino acid building blocks into the growing grain; both tissues are important for grain yield and quality. The gene networks will be revealed by performing gene co-expression analysis and key transcription factors will be studied with protein-DNA assays and genetic analyses.  Early endosperm development is highly sensitive to drought stress which can decrease grain yield, even if favorable moisture conditions are restored. To identify the gene-expression perturbations caused by drought stress in maize kernels, gene expression profiling will be performed with kernels from drought-stressed plants. In addition, this project will profile the genes expressed during early endosperm development in a closely related cereal, sorghum, and use comparative genomics with maize to reveal fundamental and species-specific aspects of endosperm development. Data generated can be accessed through the project website (www.grainendosperm.org) as well as through long-term repositories such as MaizeGDB and NCBI's GEO and SRA.</abstract>
    <outcomes>Understanding the molecular and genetic processes that underlie seed development is a major question of interest to plant biologists and agronomists because most agronomically important plants reproduce through seeds and seeds constitute an important source of food, feed and industrial raw materials. In cereal grains, a major constituent of the seed is the endosperm, a structure composed of multiple cell types which provides nutrients and signals to the embryo during seed development and the seedling during germination. Grain endosperm produces large amounts of carbohydrates and proteins to support seed germination. In fact, grain endosperm supports nearly half of the human caloric intake globally either directly, or indirectly through animal feed.    Synthesis and accumulation of carbohydrates and storage proteins in the endosperm depend on the proper function of a set of specialized endosperm cell types that develop coordinately during seed development. We focused our efforts on deciphering the gene networksthat is, the full complement of all the regulatory and the interacting structural genes responsible for the development of these cell types in maize endosperm, and how the expression of these genes are perturbed due to draught stress. We also studied how some of the genes expressed in maize endosperm may be regulated in a similar manner in the endosperm of sorghum, an important crop which is closely related to maize. Our results identified a large number of novel genes and explained how they are coordinately regulated during endosperm development, and how these coordinated expression patterns underlie development and function of multiple endosperm cell types. We published our results in a number of high-impact publications. Our research also contributed to the training of undergraduates and graduate students and postdoctoral researchers.         Last Modified: 01/23/2025       Submitted by: RaminYadegari</outcomes>
</award-details>",software-not-produced,BIO-False,software-produced
0643742,CISE,CISE,"<award-details>
    <title>CAREER: Discriminative, Syntactic Machine Translation</title>
    <abstract>Statistical machine translation systems have seen increasing success in recent years, due to improved statistical methods and larger quantities of training data.  However, their ability to generalize has been limited by overly simplistic representations, which are not sensitive to linguistic structure.  This project investigates techniques for syntax-aware machine translation in three directions: (1) extending monolingual grammar induction models to the multilingual case, (2) designing discriminative tree-to-tree models which account for structural divergences between languages, and (3) building efficient inference systems for such models.    This project aims to develop general models and algorithms for syntactic translation, as well as building end-to-end translation systems.  A particular focus is on language pairs for which monolingual resources do exist, but for which large bilingual training texts are unavailable.  Another focus is exploring the way in which monolingual algorithms can be extended or applied to the multilingual case.  In addition to the production of new translation systems and algorithms, a central goal is to develop and make available educational materials suitable for use in training undergraduate and graduate students in the areas of machine translation specifically and artificial intelligence more broadly.</abstract>
    <outcomes>How can we improve machines' ability to translate from one language to another?  Under this grant, we investigated ways to enrich and enhance current approaches under two main directions.  Algorithms for Multilingual Analysis  Modern machine translation (MT) systems create new translations by remixing fragments of past translations.  In syntactic MT systems, those fragments reflect the syntactic structures of the input and output sentences.  Syntactic analysis is a challenging task in any language, but we showed that when analyzing a sentence (in one language) and its translation (in another) at the same time, it is possible to improve both analyses by forcing them to be consistent.  In essence, each language constrains the other.  Improved analyses can in turn lead to improved translations.  Algorithms for Faster Translation  When recombining fragments of past translations, the sheer number of candidate fragments can cause translation systems to bog down.  We showed multiple new algorithms that can speed up syntactic translation by improving the representation of translation rules and changing the ways in which fluency constraints are imposed.  In one approach, we took advantage of the tendency of translation rules to be very word-specific in current systems; such rules can be matched in efficient, word-driven ways.  In another, we demonstrated an approach that translates a sentence in multiple phrases; early phases translate into very fuzzy word classes that slowly coalesce phase by phase into a complete final translation.  Education in Artificial Intelligence  In addition to our work on machine translation and multilingual analysis, this work had an educational component in which we developed new materials for a college-level Artificial Intelligence class.  Our materials have been used by dozens of schools, and our class has been offered as a MOOC (free online course) taken by tens of thousands of students.       Last Modified: 11/18/2015       Submitted by: Dan Klein</outcomes>
</award-details>",software-not-produced,CISE-False,software-produced
1850389,CISE,CISE,"<award-details>
    <title>CRII: CHS: Examining a Multimodal Approach to Lowering the Burden of Food Journaling</title>
    <abstract>People use personal journaling methods to develop better habits and make informed decisions about health and well-being. Activities such as food journaling become burdensome, inaccurate, or incomplete over time due to poor design of supportive devices and single-platform constraints. In this project, the investigator plans to use internet-of-things (IoT) functionality to develop a system with integrated and multimodal input capabilities to support food journaling. An integrated device platform will be developed to support data input from multiple devices such as smart phones, wearables, and laptops. An iterative, user-centered design methodology will be applied. Prospective users will be selected for usability studies, and the prototype will be validated by comparing multimodal IoT-enabled food journaling to other common food journaling applications. Benefits include more usable technologies for personal journaling to support mental and physical health, stress management, and personal wellbeing.     This project will center around two participatory design investigations. The research team (1) will examine how people with healthy eating goals use lightweight technology probes developed for journaling food via voice description, photography, or text description. This probe deployment will inform recommendations for how platforms can support collecting data collaboratively across input modalities. These recommendations, and an iterative design process to improve usability, will inform a full-featured multimodal food journaling tool. The research team (2) will then compare the developed tool against design strategies typical of commercial and research food journals, again with people who have healthy eating goals. The comparison will be mixed-methods, combining perceptions of the value and burden of the technology through validated survey instruments with semi-structured interviews discussing the challenges of each approach.    This award reflects NSF's statutory mission and has been deemed worthy of support through evaluation using the Foundation's intellectual merit and broader impacts review criteria.</abstract>
    <outcomes>Personal journaling methods such as food journaling have great potential to better help people understand themselves and their habits, but are notoriously burdensome to enact and continue using. Creating lower-burden, useful technologies for food journaling that people are willing and able to use in everyday life has the potential to help people better monitor diet monitoring goals from healthy eating, identifying food allergies and intolerances, and supporting chronic conditions like diabetes.  In this project, we took an internet-of-things (IoT) approach to supporting food journaling across devices and contexts that people use and experience everyday. The system we developed, ModEat, supported food journaling on smart speakers, smartwatches, mobile phones, and desktop and laptop computers. Further, it supported a range of methods of input like searching in a food database, scanning a barcode, taking a photo, and free text and voice description.  From having 15 people use ModEat for a few weeks, we learned that people's goals and personal circumstances impact what devices they use for journaling and what input techniques they use. For example, people who aim to become more aware of what they eat tended to use more open-ended inputs, like photos and free text, while people with diet monitoring goals tended to prefer inputs which let them monitor calories and nutrient information. The devices people used were influenced both by what was around and convenient in the moment, but also what data these devices could collect. Overall, we take away a need to better support journaling across devices and inputs, such as filling in initial details with a ""quicker"" input method and following up with more information at a later time.  Our work also pointed to valuable opportunities for improving how food journaling can be supported by new and emerging IoT technologies. In one project, we more closely examined how people might want to use voice-based smart speakers to journal, finding tensions between wanting the speaker to ask for more details about a food (like portion size) and wanting to journal quickly. In another project focused on automating the process of food journaling, we surfaced people find more familiar devices like smartwatches more acceptable and less socially awkward in practice, but that their detection capabilities are often lower than more invasive devices like sensors attached to the mouth or face.  Finally, our project has pointed out some important social factors which influence how useful people find food journaling with IoT devices. We find that often times, food journaling starts as a more personal goal, but later becomes informed by people's friends and social connections online. People's friends and families suggest what foods to eat and how to journal, which people then take back to their practice. Also, we find that food journaling practices largely vary by culture, with cultural perceptions on what's healthy or desirable influencing the design of food journaling apps and people's experiences with them.       Last Modified: 10/24/2022       Submitted by: Daniel Epstein</outcomes>
</award-details>",software-produced,CISE-True,software-not-produced
1561084,GEO,other,"<award-details>
    <title>Collaborative Research: Lagrangian Simulations of the Madden Julian Oscillation over Warming Oceans</title>
    <abstract>The Madden Julian Oscillation (MJO) is a large weather system that forms over the Indian Ocean and moves slowly eastward until it dissipates near the middle of the tropical Pacific Ocean.  When it passes a given location, it typically causes a rainy period that lasts 15-30 days that is followed by dry weather, as well as an extended period of strong westerly winds.  The circulations that accompany the MJO go all the way around the world in the tropical atmosphere, and they affect when monsoon rainfall begins in Asia, Australia, and North America, as well as when and where tropical storms and hurricanes form.  Despite its importance to global weather and climate, the MJO has been poorly simulated in climate models for decades, so current predictions of how it will change in the future are unreliable.      The scientists involved in this project have developed a new kind of weather model that better predicts the behavior of the MJO.  It is referred to as ""Lagrangian,"" because instead of solving equations for atmospheric motions on a grid of points, it tracks air masses as they move around the world. The Lagrangian weather model will be used to study how the MJO will change in the future as the oceans warm, and to better understand how the MJO works, so its representation can be improved in other models as well.    Uncertainty about future changes to the MJO represent an important X-factor for climate change.  Preliminary results suggest that the MJO will intensify, become more frequent, and affect a broader region of the tropics as the oceans warm.  Potential impacts include changes to tropical rainfall patterns, altered distributions of tropical storms and hurricanes, and changes in wind patterns that favor more frequent and persistent El Nino-like ocean warming.  This project will also educate two graduate students and several undergraduate students about techniques in modeling atmospheric circulations and about climate dynamics.</abstract>
    <outcomes>The Madden-Julian Oscillation (MJO) is a global-scale disturbance that typically forms over the Indian Ocean and traverses the globe around the equator.  It takes 30-60 days for a complete cycle, in which time the MJO can initiate hurricanes, influence the strength and phase of the El Nino/La Nina cycle, and affect the transport of moisture from the tropics to locations around the world, thus impacting weather and climate globally.  Despite it's significance and influence, researchers still have had an inadequate understanding of the physical mechanisms that initiate and control the evolution of the MJO.  Consequently, models have historically done a poor job of representing the basic characteristics of the MJO.   A notable exception is the Lagrangian Atmospheric Model (LAM); the LAM is a model that tracks parcels through the atmosphere rather than modeling the properties of a fluid in the grid pattern used in most models.  The LAM can simulate realistic MJOs, but prior to this work, we didn't understand why.  Part of the goals of this project were to understand this, so that other models may benefit.   In order to address the question of why the LAM simulates realistic MJOs, we started with the hypothesis that the MJO responds to large-scale balanced dynamics and moisture quasi-equilibrium.  If convection organizes in response to balanced dynamics, we expect to see evidence that large-scale horizontal rotations in the middle-troposphere will induce changes in the vertical profile of temperature.  These changes increase the atmospheric stability (there is a cooling below the large-scale horizontal rotation, and a warmng above, thus leading to a more stable environment, but still remaining unstable to moist convection).  Convection--or the upward motion of air parcels--respond to these temperature changes; warm surface parcels are more buoyant in the lower troposphere, but less buoyant aloft where the temperature difference between the parcel and the environment is less (this is often referred to as ""bottom-heavy"" convection).  In the earliest stages of the MJO, the atmosphere is dry, so the upward motion of these parcels serve to moisten the environment.  This pre-moistening fuels upward motion of convecting parcels so they may eventually reach the tropopause (deep convection), where the atmsophere becomes more stable, and represents the point where the atmosphere has the greatest moisture content.  As the convection deepens, the convection mixes with environmental air through a process called entrainment.  Since the convection is deeper, it entrains air from the mid-troposphere that is drier than the surface air.  This reduces the convective strength and results in a more ""top-heavy"" convective profile (most upward motion is in the upper troposphere).  Throughout the entire  evolutionary process of the convective system, there is a close relationship between the atmsopheric stability and moisture; this relationship is what we refer to as moisture quasi-equilibrium.   In this project, we identified relationships between diagnostic variables that we could easily measure, and we looked for relationships that were consistent with the balanced dynamics hypothesis (for example, a relationship between the middle-tropospheric rotation and changes in the vertical temperature profile; relationships between vertical temperature and moisture, and relationships between these quantities and the vertical shape of the convection).  We first tested these on observational data to see if this hypothesis was consistent with nature.  The diagnostic analysis from the data taken durng the 2011 DYNAMO field campaign was consistent with balanced dynamics and moisture quasi-equilibrium, so we applied the same analysis to the LAM simulations.   For the application to LAM, we conducted two simulations, one that produced a realistic MJO, and one that reduced the environmental entrainment that resulted in a poor MJO simulation.  We applied our diagnostic analysis and found that in the simulation with a realistic MJO, the diagnostic quantities were consistent with balanced dynamics and moisture quasi-equilibrium (similar to the results from the DYNAMO data), while the poor MJO simulation exhibited poor relationships between our diagnostic quantities.  This suggests that the LAM does a good job in simulating the MJO because the physics in the model is consistent with balanced dynamics and moisture quasi-equilibrium.  Perhaps other models could modify model physics to capture these concepts and improve their simulations of the MJO.   In addition to this major outcome, we performed other simulations using a different modeling approach to better understand the sensitivity of convective organization (such as in the MJO) to changes in the sea surface temperatures (SSTs) to represent the impact of warming oceans.  We noted a sensitivity in organization to changes in SST, with stronger convection supported over warmer oceans.        Last Modified: 12/23/2020       Submitted by: Sharon L Sessions</outcomes>
</award-details>",software-not-produced,other-False,software-produced
0968369,OISE,other,"<award-details>
    <title>PIRE: Bilingualism, mind, and brain: An interdisciplinary program in cognitive psychology, linguistics, and cognitive neuroscience</title>
    <abstract>This PIRE project, a collaboration between three U.S. and seven foreign institutions in Europe and Asia, will investigate the cognitive and neural consequences of bilingualism to understand the ways in which multiple languages are learned and used. Recent behavioral and neuroscience evidence suggests that there is more extensive processing interaction between the two languages of a bilingual than previously thought, and this is true even when bilinguals are using only one language. Bilingual science therefore provides a tool for revealing fundamental principles about the mind and the brain otherwise obscured in research focused on monolinguals. The next stage of research on bilingualism calls for national and international collaborations to unify our understanding of the nature of the bilingual mind and brain, the process of bilingual language development, and the consequences of bilingualism for cognition. International collaboration is essential for accessibility to widely differing bilingual populations of several spoken, written, and signed languages. This award enables an international network of collaborators with common research goals and methods to exploit unique and complementary opportunities to investigate properties of human languages. Leveraging the diverse perspectives inherent in interdisciplinary and cross-cultural research will facilitate the establishment of a world-class research context for investigating bilingualism science, enable generalization of research findings, and exploit bilingualism as a tool for investigating the representation and processing of language in the mind and brain.     This PIRE project will bring together the complementary international expertise of collaborators studying bilinguals who communicate in a variety of languages (e.g., Spanish, Catalan, Welsh, and Chinese). A unique feature of this project is the partnership of U.S. and Dutch scientists exploring the consequences of bimodal bilingualism in deaf people. The NSF-funded VL2 Science of Learning Center at Gallaudet University, a world leader in education for deaf students and research on topics related to deaf people, focuses on issues of visual language processing recognizing deaf readers as bilinguals using a signed language for communication yet reading a written language. Researchers in The Netherlands also study sign language and gesture, deaf literacy development, and speech-sign translation but using different signed and written languages. The convergence of these projects provides a unique opportunity for cross-linguistic collaboration and training that would not be possible in the U.S. alone.    Enthusiasm for bilingualism research naturally draws an unusually diverse group of students, scientists, and research participants. This PIRE project will be committed to harnessing that excitement to create opportunities for broadening participation in science by research participants from a broad spectrum of ages and linguistic abilities, and by students and researchers from groups under-represented in the sciences. This PIRE project will provide training and research opportunities to students and scientists not possible without the international collaboration, such as conducting research abroad, participating in virtual international colloquia, developing and sustaining international collaborations, and training by industrial partners with specific expertise in speech, literacy, and neuroimaging. The project also provides institutional opportunities for research with diverse populations, enriching undergraduate, graduate, and post-doctoral training, and increasing opportunities for early career faculty to develop research programs globally engaged and solidly grounded in cross-disciplinary collaborations.     The nature of the science of bilingualism is inherently interdisciplinary and cross-cultural and this project provides opportunities for the participating U.S. institutions to strengthen international offices and activities, develop survey tools to evaluate student's international experiences, and provide energy and synergy for integration and for strengthening links across disciplinary units. This project will strengthen the U.S.'s scientific capital through international training not otherwise available in the U.S. U.S. institutions will benefit from attracting international visiting researchers and students to enrich the internationalizing initiatives and cultures on their campuses. The U.S. population is also increasingly bilingual with ever-diversifying demographic and cultural characteristics so research results are expected to reach well beyond academia.    U.S. project partners include The Pennsylvania State University, Gallaudet University (D.C.), and Haskins Laboratories at Yale University (CT). International partners include ESRC Centre for Research on Bilingualism in Theory and Practice, Bangor University (Bangor, UK), the Max Planck Institute for Human Cognitive and Brain Sciences (Leipzig, Germany), Universidad de Granada (Granada, Spain), Universitat Pompeu Fabra (Barcelona, Spain), Radboud University Nijmegen (Nijmegen, The Netherlands), Beijing Normal University (Beijing, China), and the University of Hong Kong (China).     This project was jointly funded by NSF's Office of International Science and Engineering and the Division of Behavioral and Cognitive Sciences.</abstract>
    <outcomes>Although most of the world is multilingual, the use of two or more languages in the US has historically been viewed as a complicating factor, confounded with attitudes towards immigration and cultural diversity.  Those attitudes have created a wealth of mythology surrounding language learning and language use. The assumption of English as the only language or the majority language in the US has led to the belief that acquiring a second language as an adult is an extremely difficult task, accomplished successfully only by the few who possess a special talent for language learning.  Likewise, there has been an assumption that introducing a second language too early during infancy will produce confusion and irrevocable damage to language and cognitive development.  For those who are proficient speakers of two or more languages, and who freely mix the two languages when they speak to others who are similarly proficient, there has been an assumption that language mixing or language switching is a sign of pathology or incomplete language ability. We have now come to see that the assumptions about the purported dangers of multilingualism are simply mythology. Far from being a complication, multilingualism provides benefits to individuals at all points along the lifespan, from the youngest infants and children, to young adults, and to older adults who may be facing cognitive decline. Young babies are not confused by hearing two or more languages; quite the contrary, they develop the ability to discriminate the languages that they hear and to be more open to new language learning than their monolingually-exposed counterparts. Adult learners who are well past early childhood have been shown to be able to acquire sensitivity to the grammar of a second language despite their age. And for aging populations, research on bilingualism has already documented a delay of 4-5 years in the onset of Alzheimer?s symptoms for bilinguals relative to age and education matched monolinguals. No known pharmaceutical agent has any effect that comes close to bilingualism. A number of investigators are now pursuing a program of research to ask whether new language learning training for older adults will produce benefits to counter age-related cognitive decline.  The PIRE grant ""Bilingualism, mind, and brain: An interdisciplinary program in cognitive psychology, linguistics, and cognitive neuroscience "" awarded to the faculty affiliated with the Center for Language Science at Penn State University, has provided funding to train undergraduate students, graduate students, post-doctoral fellows and early career faculty members in conducting the type of research that leads to new findings, similar to those described above. We refer to this research as ""the science of bilingualism."" The funding has allowed students to travel abroad to conduct research on the science of bilingualism in one of our partner sites in Europe and Asia.  The students' visits to research labs abroad in Europe and Asia have facilitated the development of a broad and sustainable international research network that has enabled new discoveries about the consequences of bilingual and multilingual experience for learning and the brain, and has allowed our research team in the US, Europe and Asia to be at the leading edge of a new frontier of research, with a diversity of perspectives, including linguistics, psycholinguistics, cognitive neuroscience, and speech pathology. The new results have shown that there is more extensive processing interaction between the two languages of a bilingual than previously thought, and that this is true even when bilinguals are comprehending or producing in only one language. It has also shown that bilinguals who mix two languages in the same discourse do so following specific rules.   The research experiences have included a wide range of bilinguals in the US and international sites, from young Hispanic children whose bilingualism may affect the development of literacy skills, to adult speakers of many different spoken languages, and deaf individuals whose bilingualism entails the use of sign language together with a written language. By extending our research questions to the study of widely differing bilingual populations and by using a range of converging neurocognitive and linguistic methods, it has been possible to increase the generality of our research findings and to exploit bilingualism as a tool for investigating the representation and processing of language in the mind and brain.   Although the PIRE experience has benefited all trainees, the exceptional opportunities it has brought to undergraduate students  are especially noteworthy. During the eight weeks of summer research abroad, the undergraduate PIRE students were required to maintain a blog about all aspects of their experience. The blog can be viewed at http://sites.psu.edu/pireblog/. Many of our PIRE undergraduate students (some who did not even have a passport before receiving training through our PIRE grant) are now in top graduate programs.                 Last Modified: 10/29/2017       Submitted by: Paola E Dussias</outcomes>
</award-details>",software-produced,other-True,software-not-produced
1715671,CISE,CISE,"<award-details>
    <title>CIF: Small: The Interplay Between Convex Feasibility Problems and Minimization Problems in Signal Recovery</title>
    <abstract>Signal recovery encompasses the large body of inverse problems in which a signal is to be restored or reconstructed from the observation of data consisting of measurements physically or mathematically related to it. The importance of this field stems from its pervasiveness in numerous areas of science and engineering, including medical imaging, geophysics, astronomy, electron microscopy, nondestructive testing, seismology, telecommunications, social media analysis, and homeland security. This project investigates foundational principles guiding the formulation of signal recovery problems as convex optimization problems and develops new strategies and methodologies for data processing that significantly improve the efficiency of existing techniques and broadens their scope.    This research focuses on the interplay between two prominent frameworks that coexist in relative independence in signal recovery, namely convex feasibility problems and convex minimization problems. These two approaches employ different principles to exploit the prior knowledge and the data, their mathematical formalizations lead to distinct fixed point paradigms, and the algorithms used to solve them do not rely on the same techniques. The investigator shows that, despite these profound divergences, fruitful connections can be established between the two formalisms, that are mutually beneficial and suggest new models and algorithms. An important outcome of this research is a relaxation model that bridges the gap between feasibility and minimization formulations. Another highlight is a novel proximal geometric framework for solving structured minimization problems using a deep cutting plane technology adapted from convex feasibility algorithms. The impact of the theoretical findings and of the new algorithms resulting from this research is illustrated through applications to concrete signal recovery problems.</abstract>
    <outcomes>Signal recovery is the problem of recovering the original form of a signal or an image from the observation of other signals mathematically or physically related to it. The importance of this field stems from its pervasiveness in numerous areas of science, engineering, medicine, and homeland security. This project investigates foundational principles guiding the mathematical formulation of signal recovery problems, with a special emphasis on the interplay between feasibility problems and optimization problems. In feasibility formulations, one seeks to find a signal consistent with the available prior information and the observations modeled as hard constraints; in optimization formulations on seeks to construct a cost function that aggregates prior knowledge and observations, and that penalizes the deviation from ideal solutions. We have established several connections between these two types of problems that have deepened our understating of models and created methods able to tackle new applications. In particular, we have shown that most minimization formulations are relaxations of feasibility formulations. This research has also impacted the area of nonlinear signal processing by proposing a novel fixed point formalism to handle nonlinear observation models efficiently, including the case of inconsistent observations. Additionally, our research has impacted the modeling of neural networks, one of the main tools supporting artificial intelligence and modern data analysis. There, we have shown that one of the main devices used in solving optimization problems, namely the proximity operator, also models most activation steps in a neural network structure. This has led to advances in the understanding of neural networks and the quantification of their robustness. Finally, we have developed a new generation of block-iterative splitting algorithms to efficiently solve very large scale problems arising in signal processing and data science.       Last Modified: 08/28/2022       Submitted by: Patrick L Combettes</outcomes>
</award-details>",software-not-produced,CISE-False,software-produced
1818716,MPS,MPS,"<award-details>
    <title>Collaborative Research: Stochastic Methods for Complex Systems</title>
    <abstract>This project addresses computational challenges in materials science, chemistry, uncertainty quantification, and related fields.  Quantities of interest such as chemical reaction rates, strength of alloys, and more, can be estimated using a common mathematical modeling framework that computes mean values and provides quantification of the variance about the means.  Estimating these quantities by computer simulation can be particularly challenging when the property that one wishes to study is rare and many repeated computer simulations would be required to estimate the mean value and the variance.  While this challenge is somewhat alleviated by growth in computing power, some simulations, including chemical reaction rates, cannot be addressed via brute force computation.  Rather than rely on raw computing power, the investigators intend to develop novel computer algorithms and approximations that will allow for more efficient and more accurate predictions.  This includes the use of interacting copies of mathematical models, which communicate information between one another, resulting in higher quality estimates.  These algorithms and approximations will allow more faithful prediction of quantities of interest and access to bigger models (such as larger, more complicated molecules).  Mathematically the project will provide a rigorous understanding of the computer algorithms, providing confidence to scientists in a variety of fields.      Multiscale distributions appear in a variety of applications, including materials science, chemistry, and uncertainty quantification.  Given efficient sampling strategies, one can compute a variety of quantities of interest, including ensemble averages, mean first passage times, and probabilities of rare events.  However, multiscale distributions in high number of dimensions are particularly challenging to sample.  One example is the Boltzmann distribution induced by an energy landscape containing superbasins.  Such a landscape features clusters of local minima that correspond to close groupings of modes in the distribution.  This project will investigate four sampling algorithms: weighted ensemble sampling, parallel replica dynamics, local entropy smoothing, and piecewise deterministic Markov processes.  Weighted ensemble sampling partitions state space into bins and then elects to sample within those bins in an optimal way.  The project will investigate the choice of the sample allocation strategy and consider both finite and infinite system size limits for the method.  Parallel replica dynamics also involves using an ensemble of samples, but, in contrast to weighted ensemble, it uses the replicas to efficiently find first exits out of one metastable region and into another.  Local entropy smoothing removes the superbasin features of the energy landscape by performing local ensemble sampling and averaging.  Finally, the investigators will use piecewise deterministic Markov processes to perform rejection free sampling without requiring estimates of gradients.  These algorithms will be rigorously analyzed, and they will be tested on a variety of realistic high-dimensional problems including chemical reaction networks and stochastic molecular dynamics.    This award reflects NSF's statutory mission and has been deemed worthy of support through evaluation using the Foundation's intellectual merit and broader impacts review criteria.</abstract>
    <outcomes>Many complex systems, across a variety of disciplines and applications, require computations on complicated energy landscapes.  Physical energy landscapes, which may be thought of as generalizations of topographic maps, can characterize preferentially favorable arrangements of atoms in structures like biological proteins and metal alloys.  Synthetic energy landscapes have become an essential tool for contemporary problems in data science, data assimilation, and machine learning, where the artificial energy quantities the amount of misfit between model predictions and available measurements.  Here, lower energy corresponds to better agreement between models and data.     Energy landscapes manifest themselves in two ways in computer simulations and computations undertaken for these applications.  The first challenge is that of minimization ? efficiently finding the troughs of the landscape.  Such minimizers correspond to stable configurations of atoms in physical systems or best predictions in data science problems, given the available measurements.  The second challenge is associated with sampling, which is to say, the generation, in the computer, of random samples using a so-called Boltzmann distribution.  In this setting, low energy configurations are more likely than high energy ones.  This probabilistic (or stochastic) framework allows us to account for the fluctuations of atoms in physical systems and noise in measurements in data science.     In this project, we studied numerical algorithms for efficiently finding minimizers and generating samples.  A key concern was to establish, in a mathematically rigorous sense, the validity and optimality of our methods.  By providing such a robust basis for the algorithms, scientists, and engineers in other fields, including chemistry, materials science, dynamical systems, mechanics, and uncertainty quantification may use our methods with confidence.  Provided their questions are within the scope we have examined, and the methods are properly implemented in software, the outputs will be valid.     As examples of our contributions, we examined Weighted Ensemble, a method for improving the performance of sampling to reduce the variance, a form of error, in averages.  Of particular interest for this method is the estimation of chemical reaction rates.  In addition to studying the method, we developed a freely available software package to allow individuals to easily use this method.  Another sampling challenge we examined was that of rough energy landscapes, which may have a colossal number of local minimizers.  Here, we were able to explain why some classical tacts succeed while others fail, and we proposed alternative methods to improve performance.  In a data assimilation type problem, were we sought to make inferences of an unknown based on a sequence of noisy measurements, we were able to show that a simple modification, averaging the sequence, of a classical method, called 3DVAR, could make it nearly as optimal as more computationally expensive alternatives.     In addition to solving these mathematical aspects, this project supported the training of two graduate PhD students in mathematics.  As part of their work on this project, they were trained in contemporary challenges in computational statistics, data science, and uncertainty quantification, and they have also been exposed to high performance computing, making them ready for professional opportunities in the field of data science.          Last Modified: 11/18/2022       Submitted by: Gideon Simpson</outcomes>
</award-details>",software-not-produced,MPS-False,software-produced
1852239,MPS,MPS,"<award-details>
    <title>REU Site: Summer Undergraduate Research in Physics and Astrophysics at the University of Michigan</title>
    <abstract>The University of Michigan Physics REU program provides a transformative summer research experience for undergraduate students from around the country who otherwise may not have access to a major research program. The first goal of the program is to prepare the students for a career in the physical sciences. The second goal is for the students to perform cutting edge research in modern physics laboratories with active research groups and dedicated faculty. The research areas include astrophysics and cosmology, atomic, molecular and optical physics, condensed matter physics, high energy physics, nonlinear dynamics, complex systems and nuclear physics.     The REU students work closely with a faculty mentor on a carefully crafted ten-week research project. The selected students are interviewed to determine their interest and are then matched to faculty who are active in research in that area. The project is defined based on the interest of the student and the research needs of the faculty. In addition to the research project the students are exposed to a variety of research topics and methodologies through a series of faculty research seminars. Professional development is a critical part of the REU program and students participate in tutorials on ethics, applying to graduate school, applying for grants, scientific writing and giving scientific presentations. Students engage in additional educational and social activities, including safety training, machine shop and electronic shop classes, lab tours and a variety of lunches with other students and faculty. These activities allow students to put their research experience in a wider perspective, to build a network of professional contacts, and to develop professional skills in a scientific environment.    This award reflects NSF's statutory mission and has been deemed worthy of support through evaluation using the Foundation's intellectual merit and broader impacts review criteria.</abstract>
    <outcomes>The Department of Physics at the University of Michigan has a strong track record of promoting outstanding undergraduate research.  This award continues the long-running and successful REU Site hosted by the Department.  The primary goal of this REU Site is to provide a transformative research experience, especially to students with limited opportunities to participate in research at their home institutions, and to recruit a diverse set of students into the STEM fields.  Over the three-year period covered by this award, the Department hosted a total of 28 REU students from a variety of institutions, including 11 from primarily undergraduate institutions.  In addition to a strong focus on meaningful research under the supervision of a world-class faculty mentor, the REU Site organized a wide variety of professional and enrichment activities.  These included weekly research seminars as well as workshops on giving presentations, applying to graduate school, and on the responsible conduct of research.  The students were also trained in laboratory safety and had the opportunity to take a machine shop course.    The period covered by this award was somewhat trying, as the REU site was impacted by the Covid-19 pandemic.  While the summer 2019 program was held in-residence as usual, the summer 2020 program transitioned to completely virtual, despite having been planned to be in-residence.  Both students and their REU faculty mentors proved to be flexible in making this transition, and in the end the virtual program was successful, based on student feedback.  The summer 2021 program was held in residence with Covid-19 restrictions in place.  Many program activities, including the REU Symposium held at the end of the summer, included students from the Biophysics and other REU programs as well as internal students at the University of Michigan.  This provided numerous opportunities for the students to interact and begin to build up a professional network and to frame their projects in the context of the overall environment at a major research university.  Based on student surveys, this REU Site has been successful in having students gain confidence in performing research and in functioning independently in a laboratory setting.  After participation, the majority of students have gone on to PhD programs in Physics, Applied Physics, Astronomy and Engineering.          Last Modified: 08/23/2023       Submitted by: James T Liu</outcomes>
</award-details>",software-not-produced,MPS-False,software-produced
1313021,MPS,MPS,"<award-details>
    <title>Toward Planetesimal Formation in Protoplanetary Disks</title>
    <abstract>This is a theoretical project to develop simulations of protoplanetary disks that model the development and saturation of magnetohydrodynamic turbulence and the response of small solid particles to that turbulence.  They will focus on planetesimals 1-100 km in size, and more accurately model Ohmic diffusion and ambipolar diffusion in disks.  One of the goals is to determine whether planet formation can occur equally through a disk, or whether there are locations or disk properties (such as metallicity) that strongly favor or inhibit planetesimal formation.  Planetesimals are the first bodies in primordial circumstellar disks that are large enough that their dynamics is dominated by gravity at the very early stages of planet formation, and they eventually lead to the formation of planets.      Broader impacts include training a postdoctoral researcher, incorporating this work into class lecture notes which are shared with the astronomy community, and providing planetarium programs to the public.  This work has implications for models of how planets formed in our solar system, and for extrasolar planetary systems.</abstract>
    <outcomes>The project studied how the first comet or asteroid-sized bodies, called planetesimals, may have formed within the disks of gas and dust that orbit newly formed stars. The investigators focused on the hypothesis that planetesimal formation is initiated by the streaming instability, which causes pebbles orbiting within the gas disk to cluster into dense clumps that can collapse gravitationally to form planetesimals. Using new computational methods that were developed as part of the project, and NSF XSEDE supercomputer resources, we completed a series of numerical simulations of planetesimal formation. The most significant result was a demonstration that the predicted distribution of planetesimal masses, arising from the streaming instability, appears to be independent of the sizes of the pebbles that participate in the instability. This implies that the primordial asteroid and Kuiper Belts in the Solar System, and analagous structures in extrasolar planetary systems, have certain universal properties. Simple models were developed to investigate where and when planetesimals may form within disks. We also studied how turbulence within protoplanetary disks develops over long time scales, and explored how this may affect the pebbles that are the raw material for planetesimal formation. The project provided partial support for one graduate student and two postdoctoral researchers, who gained experience in different aspects of high performance computing. The Principal Investigator gave advanced lectures on protoplanetary disks and planet formation at two winter schools, published a major open access review on the physics of protoplanetary disks, and participated in outreach activities with the Logan School (Denver) and via Sommers-Bausch Observatory. Our simulations of planetesimal formation were professionally visualized, and featured as part of the California Academy of Sciences planetarium show ""Incoming!"".       Last Modified: 12/03/2017       Submitted by: Philip J Armitage</outcomes>
</award-details>",software-not-produced,MPS-False,software-produced
2108227,BIO,BIO,"<award-details>
    <title>Developmental Architecture of Structure and Color on Butterfly Wings</title>
    <abstract>Color patterns are one of nature's most dynamically rich and important signals of communication among plants and animals. In nature, these colors are produced by either pigments or structures that reflect different wavelengths of light. This project leverages the dramatic diversity in butterfly wing color patterns to study the biological basis of pattern development. The relative simplicity and the accessibility of butterfly wings make them attractive model systems for the study of pattern formation. Using a combination of genome sequencing, microscopy and gene-editing, the project will identify the genes involved in the formation of complex color patterns. These results will provide valuable insights into basic biological processes that control cell and tissue development. The research will provide hands-on training for undergraduate and graduate students in molecular and computational biology methods. Through ""Butterfly Roadshows"" and other outreach events, the researchers will engage K-6 students with immersive activities that explore butterfly diversity using origami paper microscopes, which students can continue to use in their own backyards. Collectively, the outcomes of this research program will represent a major milestone for understanding the genetic and developmental processes that orchestrate color patterning and how complex, biologically-important color-based signals are generated in nature.    The aim of this project is to explore the developmental genetics of structural coloration using butterfly wing patterns as a model system. Butterfly wings form large arrays of differentiating epithelial cells that determine scale fate, and ultimately, the final color pattern of the wing. Colors are the result of pigments and/or structures of individual wing scales that reflect different wavelengths of light. Unlike pigment-based colors, structural colors result from three-dimensional nanostructures that manipulate the behavior of light. Although the developmental and genetic basis of pigment-based variation is well understood in a wide array of organisms, little is known about the generative processes responsible for structural coloration. The natural arrangements of butterfly scale types in space, their sexual dimorphism, and the ability to assay position specific gene expression patterns across the wing throughout development provides an unparalleled opportunity to identify the genes and developmental processes responsible for patterning and activating highly specialized cellular states. Through a combination of transcriptome sequencing (RNA-seq), in situ hybridizations, immunofluorescence, electroporation and CRISPR genome editing, this study aspires to provide a direct connection between changes in gene networks and cytostructural variation. The project team members will also implement a multifaceted outreach and educational program that will (1) establish a vibrant Student Training Program, (2) actively recruit students from underrepresented groups, and (3) develop a public outreach program that engages students in hands-on, inquiry-based discovery. These efforts by the project team will ensure the impacts extend well beyond the specific research objectives.    This award reflects NSF's statutory mission and has been deemed worthy of support through evaluation using the Foundation's intellectual merit and broader impacts review criteria.</abstract>
    <outcomes>Color patterns are one of nature’s most dynamically rich and important signals of communication among plants and animals. In nature, these colors are produced by pigments or structures that reflect different wavelengths of light. Despite a rich understanding of the biology of pigment coloration, we know little about the generative processes responsible for differences in structural coloration in any organism. In particular, the genetic and development processes responsible for differences in structurally based colors remains poorly understood.  Through this award, Counterman and colleagues worked to address this gap in knowledge and advance our understanding of gene networks and development pathways that modulate variation in structural colors on butterfly wings. By leveraging the sex-specific ultraviolet patterns (UV) of Coliadinae butterfly species that vary in UV wing patterns. The UV patterns of Coliadinae species result from ornate microstructures that are tightly organized on the surface of individual wing scales. Scales lacking these organized structures will lack UV reflection, and the patterns of UV across wings varies dramatically among Coliadinae species. Through a combination of genetic mapping, RNA-seq, immuno-inflorescence, and CRISPR gene editing, we demonstrated a key role of the doublesex/bric-a-brac genes in the evolution and development of UV wing patterns. Across animals, these genes are often highly conserved and involved in regulating the sex differences of trait development. Among Coliadinae butterflies, we demonstrated these genes are involved in the development of sex-specific UV wing patterns that differed between species. In Zerene cesonia (Coliadinae), sex-specific differences in UV pattern appear to involve a newly evolved copy of the doublesex gene, highlighting the potential for gene duplication to impact trait diversification. In Colias (Coliadinae) species, genetic changes in bric-a-brac control species difference in UV pattern that critical for species identification and mating success. Collectively, our results mark a major advancement in our understanding of the types of genes and developmental pathways involved in generating variation in structurally based colors. Further, our results highlight how changes in these pathways has influenced diversification and speciation. Our study and the genomic resources produced through this project, established Coliadinae butterflies as a tractable experimental model to address a broad range of genetic, developmental, evolutionary, and ecological questions. The funding for this award supported research training for multiple postdocs, graduate students, and undergraduate students in Alabama, Mississippi, and Washington DC.          Last Modified: 03/19/2023       Submitted by: Brian A Counterman</outcomes>
</award-details>",software-not-produced,BIO-False,software-produced
1901236,CISE,CISE,"<award-details>
    <title>CHS: Medium: Collaborative Research: Collaborative Online Learning and Control for Motor Prosthesis</title>
    <abstract>It is estimated that approximately 5.4 million people in the United States live with some form of paralysis, defined as a central nervous system disorder resulting in difficulty or inability to move the upper and/or lower extremities. Many paralyzed individuals consider restoration of lost basic motor functions such as grasping and walking as important abilities that could improve their quality of life. The goal of this project is to develop and evaluate advanced machine learning algorithms that enable quadriplegic individuals to control a robotic hand with heterologous muscles (that is, muscles not typically involved in moving the limbs; for example, muscles of the neck). To enable this research, prospective algorithms will be initially evaluated in normally-enabled individuals. The most promising algorithms will subsequently be evaluated in quadriplegic individuals. This research is a first step toward providing benefit to the paralyzed community by creating pathways toward the development and commercialization of functional motor prosthetic systems. Paralyzed individuals can be trained to use the system by planning the movements in their minds, much like moving their natural limbs. Success of this research could lead to a significant advance in improving function and quality of life for individuals affected by stroke or spinal cord injury. High-School students as well as undergraduate and graduate students will be trained on this multi-disciplinary project.    This research involves learning human intent from biological signals, extracting higher-level goals using sensors embodied in the patient, and developing controllers for motor manipulation based on estimated motor movement intent and higher-level goals. Specific sub-goals proposed to achieve the overall goal of the project include: a collaborative brain-machine learning system that trains the human brain to remap limb movement control to heterologous muscles while simultaneously training the machine to interpret the movement intent from surface electromyograms of the heterologous muscles; algorithms to extract higher-level movement goals using biologic and auxiliary sensor signals; shared brain-machine controllers of robotic hands using the extracted goal and decoded movement intent; and experimental assessment of the capabilities of the methods on individuals with paralysis of the upper limbs. In addition to the innovations in the development of motor prostheses for people with paralysis of the limbs, the proposed research will provide new insights into online learning in nonlinear and time-varying environments, collaborative brain-machine learning, and shared brain-machine control algorithms for motor prostheses.    This award reflects NSF's statutory mission and has been deemed worthy of support through evaluation using the Foundation's intellectual merit and broader impacts review criteria.</abstract>
    <outcomes>Approximately 5.4 million people in the United States live with paralysis, defined as a central nervous system disorder resulting in difficulty or inability to move the upper and/or lower extremities. Many paralyzed individuals consider restoration of lost basic motor functions, such as grasping and walking, as important abilities that could improve their quality of life. This researchs goal was to develop and evaluate advanced machine learning algorithms that enable tetraplegic and amputee individuals to intuitively control a robotic hand (i.e., inferring a users desired movements and performing them) using biological signals that may not be involved in such motor control by individuals with intact arms. This project contributed to the development of signal processing and machine learning algorithms that are fundamental to the intuitive control of robotic arms and hands, and evaluated these in intact arms volunteers, upper arm amputee volunteers, and quadriplegic volunteers. Important contributions resulting from this work included the following:  Continuous movement intent decoders, which interpret volitional movement intent from bioelectric (electromyograms (EMGs), peripheral nerve signals, electroencephalogram, etc.) and other sensor signals (e.g., camera outputs), are critical components of intuitive controllers. A general framework for shared control of prosthetic and robotic hands was developed in this work. It employs multiple movement intent decoders using bioelectric and external sensor signals and develops control strategies that combine individual decoders to achieve performance that may be better than any individual decoders on its own. It was experimentally demonstrated that shared controllers can reduce the physical and cognitive demands of maintaining a secure grip. A critical issue in developing movement intent decoders based on EMGs measured from heterologous muscles (muscles not normally used in desired movement) is to determine which muscles (and actions) to use and to train the prosthetic or robotic hand user to evoke EMGs reliably and consistently in the selected muscles to create specific movements. An efficient search algorithm and an experimental protocol were developed to downselect the actions from a large number of possible choices to the minimum number needed.  Movement intent decoders, whose parameters are typically held constant after training, deteriorate in performance over time because the human body and bioelectric interfaces are non-stationary. This research formulated and developed a real-time framework for adaptive neural network-based decoders, whose parameters adapt over time. Experimental analysis demonstrated that the adaptive approach reduces performance degradation over time in a statistically significant manner over non-adaptive decoders. Noise in biological signals can lead to undesirable jitter in the output of movement intent decoders. A latching filter was developed, which is a nonlinear system that operates on the output of the decoder and provides smoothing of small amplitude jitter while allowing quick changes to its output in response to large input changes. Experimental evaluations showed that the latching filter provided a statistically significant improvement in the users ability to hold a prosthetic hand steady when compared to unsmoothed decoder outputs. A multimodal and modular assistive-robotic-arm control system using combinations of gyroscope measurements, eye-tracking, and heterologous EMG was created and validated in this research. Experimental evaluation in a virtual reality environment employing healthy and quadriplegic volunteer subjects indicated that the system provided adequate control to all participants to complete functional tasks such as opening door handles, turning stove dials, eating, and drinking, which could enable independence and improved quality of life for these individuals. Accurate separation of neural source signals from EMGs can substantially improve our ability to interpret movement intent. A blind, neural source separation algorithm was developed. Experimental work employing a high-density EMG data set demonstrated that this method performed statistically significantly better than two competing algorithms in accurately estimating the force evoked by the digits of the hand, providing a better ability to control the force evoked by a robotic hands digits. Developing efficient training algorithms for neural networks is important for machine learning-based movement decoders and robotic hand controllers. A generalized framework called AutoSGM for accelerated learning was developed in this research. This lowpass regularized learning framework contains, as special cases, several popular accelerated stochastic gradient methods including Adam. An optimal iteration-dependent learning rate was derived, and empirical analyses indicated that AutoSGM employing the iteration-dependent learning rate can outperform Adam in many situations.    Successful adoption of the methods developed in this project could lead to a significant advance in improving function and quality of life for individuals affected by stroke or spinal cord injury.   This project furthered the training and development of multiple high school, undergraduate, and graduate students. Over the grants duration, 5 PhD students, 1 masters student, and 1 undergraduate student were trained in problems related to this grant. In addition, 2 high school students, 10 undergraduate students, 3 masters students, 3 PhD students, and one post-doctoral student were trained at Oregon State University on a collaborative grant.        Last Modified: 01/03/2024       Submitted by: DavidJWarren</outcomes>
</award-details>",software-not-produced,CISE-False,software-produced
1950170,BIO,BIO,"<award-details>
    <title>OPUS: CRS Synthesis to add dissolved organic matter to the trophic paradigm: the importance of water transparency in structuring pelagic ecosystems</title>
    <abstract>Water of higher clarity adds economic, recreational, and other value to lake ecosystems and the services they provide. Yet, lakes worldwide are threatened with decreasing clarity due not only to increased nutrient inputs and subsequent algal growth, but also due to increased dissolved organic matter inputs.  Some of the compounds produced during the decomposition of organic matter, which is primarily dead plant material, dissolve in water and turn lake water brown.  This process is similar to how a steeping tea bag discolors a clear cup of hot water.  Increases in rainfall, which are pronounced in some areas, are increasing the flow of dissolved organic matter into lakes from surrounding land, significantly decreasing water clarity and quality.  Dissolved organic matter strongly and selectively absorbs ultraviolet radiation, which would otherwise disinfect surface waters by killing harmful human and wildlife pathogens.  Dissolved organic matter also absorbs wavelengths of light that are used by photosynthesis, which is the only source of oxygen in the deep waters of lakes. Decreasing water clarity thus results in the degradation of water quality, a greater risk of pathogen survival in surface waters, and depletion of the oxygen in deeper waters, leading to “dead zones” like those in Lake Erie and the Gulf of Mexico. Through a synthesis of data from over 400 lakes that have been monitored over multiple decades, this project will provide new insights into how dissolved organic matter influences long-term changes in water clarity, and the resulting consequences for lake ecosystems.  The effects of dissolved organic matter will be integrated into the conventional paradigm for water clarity, so that models can more accurately predict future consequences of dissolved organic matter inputs for lake ecosystems and the services they provide. The products of this research will be: (1) a unique, comprehensive, fully annotated, and publicly available lake database, (2) a suite of synthesis papers that integrate dissolved organic matter (DOM) and UV into a lake ecosystem model, (3) a broader conceptual model for research and educational purposes, and (4) educational and public outreach for diverse audiences, including undergraduates, lake association members, lake managers, and policymakers.    The strong relationship between nutrients and chlorophyll and the classification of lakes along a single axis of lake productivity has been the most central paradigm in lake ecology for decades. However, one of the major changes in lakes in recent decades is up to a doubling or more of DOM, leading to browning of many inland waters in North America, Europe, and beyond. Recent increases in precipitation extremes (drought to flood), and associated browning of lakes, require extension of the traditional paradigm to include DOM and the optical properties of lakes. This project will synthesize the most geographically extensive and site intensive database in existence on ultraviolet radiation (UV), optical properties, and associated limnological survey and experimental data on hundreds of lakes worldwide, and a set of three core study lakes.  The synthesis will add a new dimension to the current trophic paradigm for lakes.    This award reflects NSF's statutory mission and has been deemed worthy of support through evaluation using the Foundation's intellectual merit and broader impacts review criteria.</abstract>
    <outcomes>Life on Earth is integrally dependent upon the amount and quality of available water. Water quality is essential for the success of human health and well-being, and one of the most important metrics of water quality is its transparency to sunlight. While data on the transparency of water to visible light (photosynthetically active radiation) are common, very few data are available on how deep DNA-damaging ultraviolet radiation (UV) from the sun penetrates in lakes. In this synthesis project we synthesized, archived, and published numerous papers on over 30 years of UV profile data from three ?core? lakes, as well as over 400 lakes worldwide. These data comprise the most intensive and geographically extensive database on UV transparency in the world. We also synthesized the results of decades of experiments on the effects of UV on aquatic organisms ranging from bacteria and plankton to amphibians and fish.  This project is important because water quality, including the presence of parasites, pathogens, harmful algal blooms, and invasive species, as well as the recruitment of commercially important fish species, are all influenced by the transparency of water to UV radiation. One of the primary regulators of UV transparency is dissolved organic matter (DOM) derived from vegetation in the surrounding terrestrial landscape. By absorbing UV radiation, DOM turns inland and coastal waters brown, and decreases the disinfection potential of sunlight as well as the extent of DNA damage in aquatic organisms, thus regulating many important ecological processes. In recent decades, increases in DOM in lakes have led them to turn browner, decreasing exposure to disinfecting UV, and altering the exposure of aquatic organisms to UV. Our 30+ years of UV surveys and experiments include extensive DOM data, and as such have created new insights into how climate change is altering DOM in lakes through variations in rainfall and drought, as well as smoke from wildfires that shades lakes from UV. Our project also made several major advances by incorporating DOM into lake models to reveal the driving mechanisms and ecosystem responses to browning. These UV, DOM, and other associated lake data have been archived in the NSF-supported data repository, EDI (Environmental Data Initiative) so are available to other scientists and the public in perpetuity.  In conjunction with two other grants studying Great Lakes UV transparency (Great Lakes Fisheries Trust and Midwest Climate Adaptation Science Center grants), we have been able to extend our synthesis and archiving of UV data beyond what we initially anticipated to include over 1,000 UV profiles from both nearshore and offshore in the Laurentian Great Lakes. In collaboration with several research groups, we have compiled this extensive database of UV profiles collected over the past two decades. This database is also publicly available through the EDI data repository. As the Great Lakes have been increasing in transparency in recent decades due to the invasion of zebra and quagga mussels, these data are being used to assess the role of UV in influencing commercially important Great Lakes fisheries and other aspects of these large lake ecosystems.  In summary, this project has created new insight into issues relevant to the effects of UV radiation and climate change on water quality, human health, and food security.          Last Modified: 09/28/2023       Submitted by: Craig E Williamson</outcomes>
</award-details>",software-produced,BIO-True,software-not-produced
1936526,MPS,MPS,"<award-details>
    <title>QLCI-CG: Center for Quantum Sensors</title>
    <abstract>The Quantum Leap Challenge Institutes (QLCI) program is part of the Quantum Leap, one of the research Big Ideas promoted by the National Science Foundation. This award is a QLCI Conceptualization Grant, which supports activities to build capacity among teams planning for the large-scale, interdisciplinary Challenge Institute projects that aim to advance the frontiers of quantum information science and engineering. Research at these Institutes will span the focus areas of quantum computation, quantum communication, quantum simulation, and/or quantum sensing. The Institutes are expected to foster multidisciplinary approaches to specific scientific, technological, and workforce development goals in these fields.     This Conceptualization Grant will develop well-formulated plans for a future Challenge Institute proposal that will address aspects of quantum science and technology relevant to quantum sensing.    This award reflects NSF's statutory mission and has been deemed worthy of support through evaluation using the Foundation's intellectual merit and broader impacts review criteria.</abstract>
    <outcomes>Quantum mechanics forms the foundation for much of our physical world. It explains why atomic energy levels are stable, why atoms bind together to form molecules, and the properties of materials such as heat capacity and conductivity. Remarkably, as quantum systems extend to even modestly larger size, the complexity of the system grows exponentially. For example, a quantum processor of even modest size has a parameter space that is larger than the number of particles in the observable universe. As a field, we are at a point where we can fabricate and control quantum systems with a complexity that would take millennia to capture with even the most powerful supercomputers.  In the coming years, control over this quantum complexity will dominate technological advances across all scientific disciplines; we only need to develop techniques to harness the advantages of quantum systems for advances in sensing, computation, and simulation.    This grant supported the conceptualization of questions and research opportunities that strive to harness quantum advantages across three frontiers of research. These include: ""looking out"" - where quantum technologies are harnessed to advance the fields of astrophysics, ""looking in"" - the application of quantum technologies for imaging the microscopic environment, and ""looking where we cannot yet see"" - including searches for physics beyond the standard model, new probes of many-body order, and new ways to harness the exponential complexity of quantum systems for sensing.  Over 50 scientists across disciplines including physics, math, biology, chemistry, engineering, computer science, materials, and medicine participated in guided multi-week discussions and brainstorming. Together, the group identified new scientific opportunities and formed enduring collaborations.          Last Modified: 11/02/2021       Submitted by: Kater Murch</outcomes>
</award-details>",software-not-produced,MPS-False,software-produced
1016815,CISE,CISE,"<award-details>
    <title>III: Small: Combining Algorithms for Recognition and Retrieval of Mathematics</title>
    <abstract>Currently there is a significant need for increasing mathematical literacy in the United States. Among other benefits, this would permit more Americans to pursue careers in STEM (Science, Technology, Engineering and Mathematics) disciplines.  The most extensive resource for finding introductory information on math, the internet, primarily supports text-based search.  Similarly, current Portable Document Format (.pdf) viewers support search for text, but not math.  The goal of this research is to develop a query-by-expression mechanism, where users enter expressions using images, stylus/finger, mouse and keyboard. Users may then search using a combination of the expression appearance, symbols, structure, and mathematical semantics.  Expression properties may be combined with text-based search, allowing queries for mathematical information to be more precise than current text-based methods.    For query-by-expression methods to be viable, improvements in math recognition are needed, along with the development of efficient methods for indexing and retrieving mathematical expressions. In particular, the project seeks to improve optical character recognition (OCR) for handwritten and typeset mathematics, along with methods for parsing expression structure.  Approach based on Graph Transformer Networks (GTN) and adaptations of boosting techniques is applied to intelligent combination of modules that locate, recognize and relate mathematical symbols with an aim to further improve recognition.  Research focuses on identifying appropriate features, distance metrics, indexing and search methods for expression retrieval. Developed techniques are evaluated via user studies both in-lab settings and through the internet. Additional user studies to identify appropriate use cases for query-by-expression are also planned.    This project is expected to produce new query-by-expression methods usable by both math experts and (perhaps more importantly) non-experts. These methods might be adapted to retrieving other non-textual document elements such as chemical diagrams, tables, and figures. Source code and experimental data developed for the project will be made public via the project web site (http://www.cs.rit.edu/~dprl/msearch.html). To promote mathematical literacy, the principal investigator and graduate students working on the project will visit middle schools and talk about the history, recognition and retrieval of mathematical notation. The PI also plans to participate in the McNair Scholars program at RIT, which seeks to provide research experiences to low-income, first-generation college students that are interested in pursuing doctoral studies.</abstract>
    <outcomes>In modern socities, mathematical notation is a fundamental tool that shapes our personal lives and environment.  However, for persons of all ages math notation can be a source of anxiety or frustration when it is unfamiliar or hard to interpret.  Currently popular search engines do not support mathematical notation in queries. This makes it hard to browse for similar formulae, limiting one's ability to locate additional sources that may shed light on challenging mathematical concepts.  Our project sought to make math search easier for the general public. We created a new search engine and search interface for this purpose. In order to make math search engines easier to use, we also developed new structural models and algorithms for recognizing math drawn on tablet computers and in images.  Image 1 shows search results from the Tangent math search engine.  Tangent uses a new simple but effective scheme to search formulae in documents.  Formulae are represented by the relative position of symbol pairs in the formula. For example, ""2+2"" is represented by three pairs of symbols, ""2+,"" ""+2"", and ""2 2"" (a ""2"" two positions to the right of another ""2""). To reduce size of the index for search, individual symbols are stored only for very small formulae (e.g. ""x"").  When a formula is submitted for search, symbol pairs in the query are looked up in an index, and formulae with more matching pairs are ranked higher. The top matches are then re-ranked, using more specific information about the arrangement of symbols and their types. This allows formulae with the same structure but different symbols to be ranked higher in the final results.   Tangent also supports queries containing multiple keywords and formulae. Formula are searched individually, and then treated as keywords with associated scores. These formula 'keywords' are then combined with text keywords to produce a final ranking for documents. Larger formulae have more weight than smaller formulae in the final ranking. In a recent international competition held in Tokyo (NTCIR-11, 2014), Tangent produced the strongest Top-5 search results for combined text and formula queries. Tangent is also able to process queries quickly in real-time, and scales up for large collections.  Image 2 shows the min math search interface, designed to make math entry and search easier for non-experts. Math is entered by typing, drawing, and loading or dragging images (see Image 2). Keywords along with a formula selected from the 'deck' at top of the interface can then be sent to Tangent or other math-aware search engines.  Recognition algorithms developed by our group are then used to convert user input into computer encodings for search. Over the course of the project we developed a number of systems for locating and classifying symbols, and parsing expression structure in handwriting and images. The source code for these systems is publicly available, and includes a handwritten symbol classifier that obtained classification results within 2% of the leading commerical system.  Image 3 shows a visualization of recognition errors from an evaluation library created for the project. This tool is the first of its kind, allowing researchers to identify and count low-level recognition errors in a way that was not previously possible. In particular, when handwritten strokes are grouped incorrectly into symbols, this causes errors in the location and structure of symbols in an expression. This makes comparing disagreeing interpretations at the level of symbols difficult.    This can be overcome by comparing results using the handwritten strokes themselves. We developed a stroke-level representation capturing both stroke and symbol-level information. Our label graph representation simplifies error analysis for designers and programmers, and we believe that it will be useful for other tasks and in creating new machine learning algorithms.  In addition to our own work, our evaluation model was used for the CROHME...</outcomes>
</award-details>",software-not-produced,CISE-False,software-produced
1841420,SBE,SBE,"<award-details>
    <title>Doctoral Dissertation Improvement Award: Factors Influencing the Development of Monumental Architecture</title>
    <abstract>The construction of large and elaborate monumental architecture, such as mounds, pyramids, tombs, and statues, were important factors in the emergence of socially complex societies, as they are seen as archaeological evidence for the rise of organized religion, social stratification, competition between social groups, and large-scale cooperation within them. How these processes relate to environmental and ecological factors, however, is poorly understood and this limits understanding of societal evolution. This project seeks to shed insight into the socio-ecological factors underlying the emergence of monument construction.These processes will be investigated through archaeological and environmental investigations on the island of Rapa Nui (Easter Island), famous for its elaborate religious monumental architecture. The famous monuments of Rapa Nui are at great risk of being destroyed by erosion, storm surges, and development. This research will result in the creation of high-resolution 3D models to be used as digital documentation and preservation tools to help conserve Rapa Nui's monument sites. This is an urgent need and a goal that will be achieved through an on-going collaborative partnership with Rapanui archaeologists and stakeholders. This project also involves several education, training, and outreach initiatives, including training of American and Rapanui students in archaeological survey and geospatial field techniques, training and dissertation completion for Co-PI DiNapoli, and dissemination of results in both academic and public media. These initiatives will directly contribute to enhancing collaborative relationships, training for underrepresented groups, and public engagement in archaeological science.     This project will test predictions of an evolutionary ecology model known as costly-signaling theory for the origins of monument construction using Rapa Nui as a case study. Given Rapa Nui's small size, isolation, and plethora of religious monuments, it offers an ideal model system to investigate the evolutionary ecology of monument construction. The central hypothesis is that, in addition to their well-known religious roles, monuments functioned within Rapa Nui society as conspicuous displays (i.e., costly signals) of communities' competitive ability to control and defend their limited critical resources, which resulted in limited violent conflict or interaction between groups. This hypothesis will be tested through archaeological and environmental investigations of:  1) the energetic costs of building monuments; 2) their visibility on the landscape; 3) relationships between the costs of building monuments, their visibility, and contested subsistence resources; and 4) the degree of interaction between prehistoric communities. These objectives will be approached through a series of geospatial field techniques, quantitative analyses, and geochemical sampling. All data and analyses will be made fully open-access, which is crucial for reproducible research in archaeological science. This project has the potential to advance anthropological theory and a broader understanding of societal change by illuminating the social and ecological influences behind why cooperation, competition, and religiosity were so frequently manifested as monumental architecture in the human past.    This award reflects NSF's statutory mission and has been deemed worthy of support through evaluation using the Foundation's intellectual merit and broader impacts review criteria.</abstract>
    <outcomes>The construction of large and elaborate monumental architecture, such as mounds, pyramids, tombs, and statues, were important factors in the emergence of socially complex societies, as they are seen as archaeological evidence for the rise of organized religion, social stratification, competition between social groups, and large-scale cooperation. How these processes relate to environmental and ecological factors, however, is poorly understood. This represents a significant limitation in our understanding of the human past and its various trajectories. This project was designed to further our understanding of the socio-ecological factors underlying the emergence of monument construction through archaeological and environmental investigations on the island of Rapa Nui (Easter Island), famous for its elaborate religious monumental architecture. Given Rapa Nui’s small size, isolation, and plethora of religious monuments, it offers an ideal model system to investigate the evolutionary ecology of monument construction.  This project investigated these issues by testing predictions of an evolutionary ecology model known as costly-signaling theory for the origins of monument construction using Rapa Nui as a case study. The central hypothesis was that, in addition to their well-known religious roles, monuments functioned within Rapa Nui society as conspicuous displays (i.e., costly signals) of communities’ competitive ability to control and defend their limited critical resources, which resulted in limited violent conflict or interaction between groups. This hypothesis was tested through archaeological, historical, and environmental investigations of: 1) the energetic costs of building monuments; 2) their visibility on the landscape; 3) relationships between the costs of building monuments, their visibility, and contested subsistence resources; and 4) the form and degree of interaction between prehistoric communities.  These objectives were achieved through field research and laboratory analyses on Rapa Nui and at the University of Oregon between May 2019 and May 2020. Using drone-based remote sensing and photogrammetry, we documented and create high-resolution 3D models for nearly 100 monument sites on Rapa Nui. Because data on Rapa Nui’s agricultural and marine resources are relatively well-known, we focused our environmental analyses on the island’s freshwater sources, which prior to this had been poorly understood. We documented coastal freshwater locations using a combination of thermal remote-sensing, electromagnetic induction, and geochemical measurements. 3D models of monuments were used to calculate energetic labor investment in building these features, which suggests a high degree of variability of investment in the island’s monuments. Most monuments are relatively small (e.g., &le; 300 m3 of construction stone) with a smaller portion representing a substantial investment of time and energy (&gt;1000 m3 of construction stone). We then used sophisticated spatial modeling and multiple-hypothesis testing to explore the relationship between the location/size of monument sites, their visibility on the landscape, and contested subsistence resources. The results of this modeling provide compelling support for the costly signaling hypothesis by demonstrating a strong relationship between investment in monuments, locations with abundant and high-quality freshwater sources, and highly visible locations. These results suggest that the religious and ritual activities centered around the construction, maintenance, and use of monuments involved signaling access and control of critical resources, as well as broadcasting an honest signal of the group’s collective action potential to defend their territory from other communities. We also demonstrate that the period of greatest investment in monuments coincides with a prolonged drought period that stressed the island’s freshwater sources, which we argue likely increased signaling competition. We hypothesize that this costly signaling dynamic ultimately led to Rapa Nui’s unique settlement pattern and relatively low degrees of inter-group violence.  The results of this project advance anthropological theory and a broader understanding of societal change by illuminating the social and ecological influences behind why cooperation, competition, and religiosity were so frequently manifested as monumental architecture in the human past. Rapa Nui can provide a model case study for the evolution of religious signaling in the human past, which is currently an important topic in several fields outside of archaeology. Our model-based methodological approach can also serve as a template for similar theoretically-focused studies of monumental architecture elsewhere in world history. The results have broader impacts in terms of heritage management and archaeological conservation. The famous monuments of Rapa Nui, a UNESCO World Heritage Site, are at great risk of being destroyed by erosion, storm surges, and development. This photogrammetry products from this project are being used as digital documentation and preservation tools to help conserve Rapa Nui’s monument sites through an on-going collaborative partnership with Rapanui archaeologists and stakeholders. This project also led to several education, training, and outreach initiatives, including training of students in archaeological survey and geospatial field techniques, training and dissertation completion for Co-PI DiNapoli, and dissemination of results in both academic venues and public media. These initiatives directly contributed to enhancing collaborative relationships, training for underrepresented groups, and public engagement in archaeological science.          Last Modified: 09/28/2020       Submitted by: Robert J Dinapoli</outcomes>
</award-details>",software-produced,SBE-True,software-not-produced
2029040,CISE,CISE,"<award-details>
    <title>Collaborative Research: PPoSS: Planning: Integrated Scalable Platform for Privacy-aware Collaborative Learning and Inference</title>
    <abstract>Building scalable distributed heterogeneous systems of the future with easy-to-program software is broadly acknowledged to be a grand challenge. It is widely recognized that a major disruption is currently under way in the design of computer systems as processors strive to extend, and go beyond, the end-game of Moore’s Law. This disruption is manifest in new forms of heterogeneous and distributed processors and memories at all scales (on-chip, on-die, on-node, on-rack, on-cluster, and on-data-center), rendering scalability as a fundamental challenge at all levels.  Healthcare analytics offers a unique opportunity to explore scalable system design for the 21st century because there has been a tectonic shift in the ability of medical institutions to capture and store medical data, and to even stream data in real time. This shift has already contributed to an ecosystem of Machine Learning (ML) models being trained for a variety of clinical tasks. A new distributed heterogeneous architecture is required to build systems that can develop and deploy ML models based on distributed healthcare data that must necessarily be accessed with privacy-preserving constraints. Further, the proposed architecture must be accompanied by a software framework that can address the needs of domain-specific data scientists to develop and augment ML models being deployed in their hospitals.    This planning grant project is exploring the foundational principles necessary in building integrated scalable distributed systems of the future, so as to prepare for submitting a full proposal to the PPoSS program.  It uses the domain of healthcare analytics to motivate and concretize the research agenda, but the principles developed in this research should be applicable to other application domains as well.  The exploration focuses on demonstrating an integrated platform that spans multiple levels of distribution and heterogeneity of computation and storage, while also obeying important  privacy constraints. While recent progress on the use of ML in healthcare applications has been encouraging, current approaches do not a) scale to the degrees of parallelism, heterogeneity, and distribution that will be required in future systems, or b) support the soft real-time responsiveness to streaming data that is needed in many clinical situations. The originality of this project can be seen in the integration of distribution, heterogeneity, and privacy considerations in a single unified software/hardware stack, which includes adaptive resource management that spans privacy-preserving federated continuous learning, automatic specialization of ML models at individual sites, and automatic selection of ML models best suited for specific clinical tasks that maximize accuracy subject to different latency and soft real-time constraints.    This project’s end-to-end approach to develop foundational scalability principles will impact multiple areas of computer science through publications, tutorials and courses, thereby benefiting other researchers working on scalability challenges in future distributed heterogeneous systems. The use of healthcare analytics as a driving application has the potential to result in significant benefits to society, by demonstrating how knowledge distilled from multiple sources of data can be embodied in recommendation systems that can run onsite to provide time-critical decision support to physicians. As a further impact, the project will contribute to the training of Highly Qualified Personnel (HQP) at the intersection of Systems for ML and ML for Healthcare — two emerging inter-disciplinary communities that are currently growing independent of each other. Finally, this research will leverage existing activities at the PIs’ institutions that contribute to broadening participation of underrepresented groups in computing.    This award reflects NSF's statutory mission and has been deemed worthy of support through evaluation using the Foundation's intellectual merit and broader impacts review criteria.</abstract>
    <outcomes>We have made significant progress in advancing the field of privacy-preserving federated learning, where we propose several novel ideas to either augment existing security techniques or extend to new application scenarios. We have proposed novel techniques to reconcile Byzantine robustness and model integrity, two incompatible security notions originally. We have also developed techniques for secure federated hypothesis testing.    First, we have developed a Byzantine-robust and privacy-preserving federated learning protocol. Specifically, we protect both the privacy of the participants of federated learning and the model integrity of the server when facing maliocious participants. Moreover, our protocol leverages advanced filtering-based robust aggregator to provide dimension-independent optimal error rate. To reconcile Byzantine robustness and model integrity, we propose shared-FL to split traditional FL into 2 layers: a secure aggregation layer which runs secure aggregation within shards, and a robust aggregation layer which runs robust aggregation across shards. The work is accepted and presented at SpicyFL workshop @ Neurips 2020.     Second, we have developed the first secure federated protocol for correlation test. We organically integrate chi2-test, sketching, and secure aggregation together to achieve a federated hypothesis testing protocol with security and communication improvement. Specifically, as chi2-test is not linear, it is intrinsically incompatible with secure aggregation so we use sketching to glue the two parts together. Empirical evaluation demonstrates high utility of the proposed solution with performance close to a centralized version. The work is accepted and presented at PPAI workshop @ AAAI 2022.       Last Modified: 04/19/2022       Submitted by: Dawn Song</outcomes>
</award-details>",software-not-produced,CISE-False,software-produced
1734818,EHR,other,"<award-details>
    <title>NRT-IGE: Reproducibility and Rigor in Quantitative Biology: A Hands-on Approach</title>
    <abstract>Current research in biology is producing increasingly large and complex sets of data. These data could represent, for example: DNA sequences, images of the brain, or number of species in an ecosystem. In each case, unlocking the information within these big data sets requires sophisticated mathematical and computational approaches. The standard curriculum for graduate students in biological sciences was designed well before this data deluge. As a consequence, today's graduate students are not being adequately trained for their future careers. At the same time, there are growing concerns that scientists are sometimes unable to reproduce published findings. This inability often results from poor data analysis strategies. The future success of the US biological research mission hinges on training students to use data analysis approaches that are both rigorous and reproducible. This National Science Foundation Research Traineeship (NRT) award in the Innovations in Graduate Education (IGE) Track to the University of Chicago seeks to meet this need by developing a new and effective approach to the training of early stage graduate students in the quantitative analysis of biological data.    The overarching goal of this program is to teach students to critically evaluate quantitative analysis methods in the scientific literature, and to acquire good programming habits that support reproducibility and rigor in their own research. An interdisciplinary team of quantitative biologists will direct and lead the program, exposing students to the faculty that can advise them in future work. The training program begins with an intensive residential week-long boot camp that brings together students across diverse sub-fields of biology to promote teamwork and prepare them for interdisciplinary research. The boot camp includes introductory tutorials in computer programming, statistics, and modeling in modern biology, as well as more advanced tutorials in statistical approaches to large data sets and practical lessons in organizing and sharing code and data. The boot camp is capped off with a series of workshops in which students apply what they have learned to real biological data spanning a wide range of fields. A subsequent on-campus course builds on and reviews these concepts, and integrates training in rigor and reproducibility with concepts of responsible research. We hypothesize that this program will produce trainees who are well-prepared for the future scientific workforce. We will evaluate the impact of this intervention through quizzes, surveys, and targeted interviews. All teaching materials and data sets used in the workshops will be shared online so that any university can implement a similar training module on their own campus.     The NSF Research Traineeship (NRT) Program is designed to encourage the development and implementation of bold, new, potentially transformative models for STEM graduate education training. The Innovations in Graduate Education Track is dedicated solely to piloting, testing, and evaluating novel, innovative, and potentially transformative approaches to graduate education.</abstract>
    <outcomes>The NRT-IGE award allowed the Reproducibility and Rigor in Quantitative Biology curriculum to be offered on four occasions from 2017-2020 to incoming graduate students in the biological sciences at the University of Chicago.  A total of 387 students benefitted from the intervention.  Of this group, 187 identified as male, 194 as female, and 6 as non-binary, with 83 of the students identifying as a race/ethnicity traditionally underrepresented in the sciences. The curriculum consisted of a week-long pre-matriculation intensive boot camp course in September, followed by refresher training as part of a required Responsible, Rigorous and Reproducible Conduct of Research course in the following spring. The first three boot camps were held at the Marine Biological Laboratory in Woods Hole, and the fourth boot camp was delivered online as necessitated by the COVID-19 pandemic. Overall, our intervention aimed to provide an introduction to quantitative tools and resources for biologists embarking on their research careers. In the modern era of big data, biologists must be familiar and comfortable with computer programming, analysis methods, and basic statistics. Moreover, they must know where to look when they need help in these areas. Modern biology is increasingly collaborative, so our approach strongly emphasized team building and collaboration. We found that our course successfully demystified quantitative methods for new biological researchers, with comparisons of students pre versus post boot camp quiz scores confirming significant learning gains in all four funded iterations of the course. Survey data showed that students were less intimidated by quantitative topics and programming after the course and had a larger social network of experts and colleagues to look to throughout their thesis work. This social aspect of the introductory boot camp had a lasting effect on participants. However, we discovered that the online version of the course was much less effective at cohort building than the in-person iterations. Our intervention also focused on introducing students to the ways in which they can make their analyses reproducible and rigorous. A key feature of that kind of coding involves clear and usable dissemination to the broader community. Our students practiced this with each other via code-sharing programs like Git and GitHub, and we led by example, sharing all course materials through the same online, free-to-all platform. In 2019 the project was also shared via the NSF Stem for all Video Showcase, and our approach and outcomes have also been presented at several national conferences. Our course materials and design are freely available to graduate programs worldwide and we are now preparing a manuscript on this project for submission in 2022.          Last Modified: 01/05/2022       Submitted by: Victoria E Prince</outcomes>
</award-details>",software-not-produced,other-False,software-produced
1415460,CISE,CISE,"<award-details>
    <title>Eager: Discrete Optimization Algorithms for 21st Century Algorithms</title>
    <abstract>Motivation.  Discrete optimization problems have been studied by both the optimization and computer science communities. This EAGER project proposes to develop new approaches by synthesizing the ideas from the two communities by interdisciplinary collaboration between computer scientists and optimization specialists in mathematics and engineering. The goal is to develop rigorous and systematic approaches to discrete optimization problems by combining insights and state-of-the-art methods from integer programming (e.g., cutting planes and branch-and-bound) and algorithmic ideas from computer science (including online algorithms and machine learning). To be able to evaluate and compare methods on real-world instances, PIs plan to develop a theory of ""natural instances"". This theory starts from the application side, tries to model properties of the instances that arise from that application and then give guarantees for algorithms on such instances. The project plans to incorporate machine learning into algorithms to solve integer programs.  PIs propose a systematic development of an algorithmic theory of cutting planes to identify families of instances for which they are provably efficient and to take advantage of the computational benefits of sparse cutting planes.     Intellectual Merit. The ideas that are proposed here are novel and intellectually challenging. The notion of natural systems, insofar as known, has not been investigated previously. While machine learning algorithms currently use optimization technology, the reverse has not been systematically studied. Cutting planes are mainly used on an ad-hoc basis. There is no systematic theory regarding problems for which cutting plane algorithms are provably efficient. It is known that sparsity is needed in the linear algebra of cutting plane algorithms, but there is very little known about polyhedra that are defined by only sparse inequalities.    Broader Impact. This EAGER project is motivated by a range of optimization problems of high societal impact from transportation and supply chain logistics such as palletizing, package delivery, petro-chemical cargo routing, vehicle and mobile robot routing to energy production and distribution. The ultimate goal is to study algorithmic optimization methods which over the next decade could lead to more than a billion dollars in annual savings in energy production and distribution, a 50% reduction in fuel consumption in supply chains and elimination of energy shortages caused by extreme weather disturbances. This will be possible by the creation of optimization algorithms that are orders of magnitude faster, more robust and capable of dealing with massive and messy data. This EAGER will provide research training for both graduate and postgraduate students and intensive collaboration among multiple EAGERs, and will provide rapid dissemination of the research throughout the relevant communities by hosting a workshop at Georgia Tech.</abstract>
    <outcomes>This EAGER project  was motivated by a range of discrete optimization problems of high societal impact that arise in applications in many economic sectors including  energy production , transportation and supply chain logistics, health systems and manufacturing.  The goal of the project was to create new algorithms for discrete optimization problems that are much faster and more robust than existing ones. Discrete optimization algorithms  have been studied by both the  operations research  and computer science communities. This project developed new approaches by synthesizing the ideas from the  two communities by interdisciplinary collaboration between computer  scientists and optimization specialists in mathematics and engineering.  This has been accomplished by combining insights and state-of-the-art methods  from integer programming (e.g., cutting planes and branch-and-bound)  and algorithmic ideas from computer science (including online algorithms  and machine learning).   To be able to evaluate and compare integer programming methods on real-world instances, this project  investigated a theory of ""natural instances"".  This theory starts from the application side, tries to  model properties of the instances that arise from that application and then give guarantees for algorithms on such instances.  This project provided methodology for  incorporating machine learning into integer programming algorithms. The learning methodology addresses such questions as how to choose branching variables in a branch-and-bound algorithm and yields significant improvements in the running time of the algorithm. This project studied the application of integer programming to direct current (DC) power transmission problems with switching by determining an optimal set of transmission lines to switch off to  minimize the cost of meeting a given power demand under the DCmodel of power flow. The project provided research training for PhD and post-doctoral students.          Last Modified: 05/08/2017       Submitted by: George L Nemhauser</outcomes>
</award-details>",software-not-produced,CISE-False,software-produced
1823633,SBE,SBE,"<award-details>
    <title>RR: The Generalizability and Replicability of Twitter Data for Population Research</title>
    <abstract>Social media data have the potential to track phenomena in real time, such as percentage of the population fearful in the minutes after a disaster or terrorist event, or the degree of anger immediately after the announcement of a jury verdict in a highly publicized case. In each of these examples, it would be difficult to conduct a field survey in real time, and respondents may not be able to reconstruct how they felt or behaved at the time of the event, even if interviewed just a few days later. Social media data have the potential to overcome these limitations. This project will analyze how the application of survey weighting can rebalance samples of Twitter data, and assesses how well this rebalancing will allow valid generalizations about population behaviors. The project will provide a foundation for future advances in the use of social media data for scientific, health, and applied research, thus permitting a wide variety of inferences useful in social policy formulation.  A key aspect of the project will provide new evidence regarding the accuracy of migration flows in real time, thus assisting social policy relevant to providing assistance in response to natural disasters.               This project will evaluate the extent to which Twitter users represent or misrepresent the population across different demographic groups and test the feasibility of developing weights that, when applied to Twitter data, make the results more representative of the underlying population. The project conducts the research at the county level in the United States from January 2014-December 2017, using 96% geotagged tweets in the study period and 100% tweets in one month. The project will: (1) extend and refine existing methods for imputing the gender, age, race/ethnicity, and county of residence of each Twitter user; (2) use these values to assess the representativeness of Twitter samples at the county level and explain the determinants of biases; (3) adapt five methods developed for probability or non-probability surveys to reweight Twitter samples and compare their performance in producing model estimates that can be used to infer characteristics of the general population; and (4) test the feasibility of using Twitter data to estimate migration at the county level by comparing to the Internal Revenue Service migration data, as well as estimate Puerto Rico migrants to the continent after Hurricane Maria. Analysis of these migration data will provide a new source of information with which to estimate migration flows in real time and at unprecedentedly detailed geographic scales.    This award reflects NSF's statutory mission and has been deemed worthy of support through evaluation using the Foundation's intellectual merit and broader impacts review criteria.</abstract>
    <outcomes>Social media has become an essential component in the daily lives of many people, connecting billions of users around the world, e.g., the number of monthly active users on YouTube, Facebook, and Twitter in 2021 were 2.3 billion, 2.85 billion, and 353 million, respectively. Not surprisingly, social media data that captures those conversations, user interactions, and social ties has become a gold mine of information for both academic and non-academic use. With the right methods to wrestle with this massive resource, they can be used to examine massive populations, especially related to time-sensitive events as they unfold, providing information on public opinions or observations about disastrous weather events, political events (a presidential election, for example), and others.  Nevertheless, there is a major concern about the representativeness of the social media user population. It is believed that the users of most social media platforms skew towards the younger population. Accessibility to the Internet also contributes to the disparity of the user population. This bias limits the ability to generalize research findings.  This project evaluated the extent to which Twitter users represent or misrepresent the population across different demographic groups and tested the feasibility of developing weights that, when applied to Twitter data, make the results more representative of the general population.  This project analyzed how the application of survey weighting can rebalance samples of Twitter data, and assessed how well this rebalancing allows valid generalizations about population behaviors. The project provided a foundation for future advances in the use of social media data for scientific, health, and applied research, thus permitting a wide variety of inferences useful in social policy formulation. A key aspect of the project provided new evidence regarding the accuracy of migration flows in real time. This, in turn, contributes to social policies that offer assistance in the aftermath of natural disasters.          Last Modified: 09/06/2023       Submitted by: Guangqing Chi</outcomes>
</award-details>",software-produced,SBE-True,software-not-produced
1332566,EHR,other,"<award-details>
    <title>Enriching Computing Curricula through HPC Teaching and Research</title>
    <abstract>The goal of this project at Prairie View A&M University is to improve undergraduate computing education through enhanced courses and research opportunities that incorporate high performance computing (HPC) training that will stimulate students' interest in computing and strengthen their computational problem-solving skills. This project leverages faculty expertise, institutional commitment, industry and federal support to elevate students' computing-related skills and education.    This project is a collaboration of faculty members from three departments - Electrical & Computer Engineering, Computer Science, and Engineering Technology - to develop a diverse high performance computing environment and use it to improve HPC-related education and training at the institution.  Six courses will be redesigned to include both embedded and cluster HPC platforms and integrate research topics of the project faculty members. In addition, faculty members will develop new courses in the areas of parallel computing, machine learning, and computer vision. The proposed HPC platforms can easily be expanded to support other disciplines in science technology, engineering, and mathematics.     This project addresses a national need to provide trained graduates in the computing sciences in order to help the U.S. retain its technological competitiveness. Almost 500 undergraduate students, the majority of whom are African American, will be impacted during the three project years. Each year, high school teachers and university faculty members will receive training.  Research data, source code, and curriculum materials generated by this project will be posted online and disseminated in conferences and publications for the research and educational community.</abstract>
    <outcomes>Today's scientists and engineers depend increasingly on information and tools made available through new advanced computing technologies. High Performance Computing (HPC) now plays a critical role in enabling such scientific and engineering inquiry. A group of faculty members from Prairie View A&amp;M University (PVAMU) realized the computing curricula did not adequately cover HPC contents, thus resulted in the lacking of experience in how HPC functions among undergraduate students. So, they acquired NSF HBCU-UP Targeted Infusion support to enrich computing curricula through HPC teaching and research.  The overarching goal of this project is to improve undergraduate computing education at PVAMU through enhanced courses and research opportunities that incorporate HPC training in order to motivate students? interests in computing and strengthen their computing problem-solving skills, thus strengthening and diversifying the future U.S. workforce.  The anticipated outcomes of this project include an increase of underrepresented groups (African American, Hispanic, and Women) in computing discipline, who demonstrate that they can utilize HPC to solve engineering problems. After years of implementation, this project:  (1)  Deployed a novel HPC research and educational platform through engineering computational laboratory;  (2)  Revamped existing and developed new computing courses in the context of HPC across three departments;  (3)  Improved student performance and critical thinking in HPC related areas;  (4)  Involved undergraduate students in research, and prepared them with lifelong learning skills;  (5)  Propelled faculty professional development and established a scholar community to promote faculty collaborations through training workshop;  (6)  Increased the awareness of cutting-edge computing techniques to K-12 students as well as general public.  Specifically, five new undergraduate courses were developed to cover the emerging areas of HPC, machine learning, parallel programming, computer vision, and embedded system. Eight existing courses were revamped with new teaching modules from HPC hardware, software, and applications. Class surveys were collected and analyzed to prove the effectiveness of the curricula enhancement. Conference and journal publications were published to disseminate this project. Eight senior design groups were supported throughout the project years. The project team mentored nearly twenty undergraduate students to work on various computing research projects. The supplement award supported graduate students to finish their research and defended their theses.  This project also involved extra curriculum activities. For example, it supported a team to participate in 2018 IEEE Region 5 Robotics Competition. The team got very good result (tied in the 11th place). Beyond that, the project supported the establishment of PVAMU Robotics Club. This is an association provided both hardware and software training for robotics design. It also sponsored the annual PVAMU robotics competition. Students gained valuable experience on embedded system design and computer vision algorithms. The project provided many training opportunities for undergraduate students. During major semesters, one-day Intel workshop was conducted. It also co-sponsored the PVAMU Annual IEEE workshop. In 2019, the technical sub-topic was ""Artificial Intelligent."" A whole afternoon training on Python obtained good feedback. In summer semester, it co-sponsored multi-day workshops on big data analysis.  Besides curricula enrichment and students mentoring, faculty members also enhanced their teaching and research capabilities through this project. All of them added one new course to their class offering list, expanded their research areas, and obtained new findings to extend their previous research.  To summarize, this is a well implemented project which focused on improving the key technique among undergraduate engineering students. All the goals are achieved and proposed outcomes are met.       Last Modified: 10/30/2020       Submitted by: Suxia Cui</outcomes>
</award-details>",software-not-produced,other-False,software-produced
1110526,BIO,BIO,"<award-details>
    <title>DISSERTATION RESEARCH:   Antagonistic selection and speciation in the platyfish</title>
    <abstract>This study investigates the evolutionary forces acting on a potent oncogene and putative speciation gene in the Southern Platyfish, Xiphophorus maculatus.  The Xmrk gene in X. maculatus causes the formation of aggressive melanomas in hybrids between X. maculatus and a closely related species, Xiphophorus helleri.  As a result, this has been a classic system for both skin cancer and speciation research.  However, relatively little is known about the evolutionary genetics of Xmrk.  This research will use sophisticated molecular techniques and mathematical models to estimate the strengths and types of evolutionary forces acting on Xmrk.  Specifically, this research will determine whether genetic evidence exists for reproductive isolation between X. maculatus and X. helleri caused by Xmrk and the strength of selection operating on Xmrk.      This study will advance our understanding of the evolutionary forces acting on cancer genes.   It will also provide much needed data on the molecular basis of reproductive isolation in natural populations.  The molecular, mathematical, and computational techniques developed for this project will advance the capabilities of future research in these areas.  This research is a collaborative effort between scientists at the University of Texas at Austin and at Centro de Investigaciones Biológicas del Noroeste in La Paz Mexico.  International collaboration is a critical component of modern research and developing strong bonds between universities in Mexico and the United States greatly advances the science in both countries.</abstract>
    <outcomes>Fish in the genus Xiphophorus provide a remarkable opportunity to study two key evolutionary processes.  The first is the evolution of cancer.  Since the 1940s, geneticists have used these fish as model organisms for the study of melanoma.  The melanoma is genetically determined and is similar to skin cancer in humans. In this project, we sequenced DNA from the gene responsible for repressing the melanoma in healthy fish.  We identified a region of the gene that may be important for determining whether an individual fish will develop melanoma.  The results have interesting implications for human disease because a similar type of genetic variation is also thought to be important for human diseases such as asthma.  Further, a related gene is an important tumor repressor in humans.   A second research opportunity offered by these fish is the study of how new species form. When a species that carries the oncogene hybridizes with a species that lacks the repressor, some of their offspring develop melanoma.  This results in a genetic barrier between the species and promotes the emergence of new species.  Our results suggest a new paradigm for how genetic incompatibilities between species evolve that differs from the classical hypothesis that evolutionary biologists have discussed for 75 years.          Last Modified: 05/02/2013       Submitted by: Samuel Scarpino</outcomes>
</award-details>",software-not-produced,BIO-False,software-produced
1904937,MPS,MPS,"<award-details>
    <title>Scalable Magnetic Anisotropy from Molecular Lanthanide Building Units</title>
    <abstract>Non-technical summary:  One modern approach to the design of new functional materials is through the construction and connection of molecular building units. In this approach, chemists synthesize molecules with structures that, when linked together to form a bulk material, lead to a material with specific properties. New properties can be introduced and tuned simply through modification of the molecular building unit. By analogy, a limitless number of structures can be designed starting with bricks and mortar, as opposed to one structure from a single pre-formed slab of fired clay. An area of synthesis where the building block approach remains a challenge is magnetic materials. Magnetic materials are vital components in nearly every aspect of modern life, yet only a handful of materials meet the requirements for use in applications, and none of these are made through a molecular building unit approach. The complexity of interactions that determine what direction the magnetic moment wants to align (its magnetic anisotropy) contributes to the difficulties in making the materials. As molecular building units are connected, new interactions disrupt their individual magnetic anisotropy, drastically weakening it and destroying any rational connection with the anisotropy of the original building unit. Returning to the construction analogy, connecting molecular magnets to make a bulk magnet is often akin to using bricks that spontaneously become raw clay when stacked. To change this, with support from the Solid State and Materials Chemistry program and the Chemical Structure, Dynamics and Mechanisms B program at NSF, researchers at UCSD are developing molecular building units that retain their large anisotropy values when connected to form an extended magnetic material. This class of new materials, built from individual units containing a rare earth ion, Er3+, allows the researchers to create designer magnetic structures that mimic rare and difficult-to-study motifs from solid state chemistry or create entirely new magnetic structures by design. Additionally, this project educates graduate and undergraduate students through innovative approaches such as a ""In the Lab"" live-feed featuring lab tours and demonstrations to enhance classroom teaching.    Technical summary:  A molecular building unit approach to magnetic materials can be realized only if the preferred orientation of the electron spin (its magnetic anisotropy) can be controlled. With this project, supported by the Solid State and Materials Chemistry program and the Chemical Structure, Dynamics and Mechanisms B program at NSF,  molecular building blocks are identified that are capable of controlling anisotropy in the presence of the intermolecular linkages necessary to construct magnetic materials. Generating and fixing the magnetic anisotropy at the single-ion level, shifts research efforts to the rational design of complex spin geometries, enhanced magnetic coupling, and expanded dimensionality. The design principles for creating strongly anisotropic magnetism by combining a lanthanide with its specific, suitable crystal-field environment are well understood. Maintaining this anisotropy while introducing coupling interactions, however, is a complex challenge. One approach is to determine a single ligand-lanthanide combination that can direct the anisotropy roughly independent of the rest of the coordination sphere. Through computational and experimental results researchers have previously shown that the interaction between Er(III) and the cyclooctatetraenide dianion fulfills the requirements of a magnetic building unit of roughly fixed anisotropy. In this project researchers at UCSD use the molecular magnetic building unit to probe the behavior of anisotropic spins in the presence of both exchange and magnetic dipolar coupling, which enables them to construct new magnets and to independently tune system parameters, unavailable in any other class of materials. Fixing the two-site anisotropy and enhancing the exchange interaction creates stronger and switchable magnetic interactions between ions. More complex 1- to 3-dimensional spin structures that explore the limits of magnetic strength are created from these molecular building blocks. Each aspect of the system, from the coupling anisotropy and strength to the connectivity and dimensionality, allows the controlled study of an array of fundamental magnetic phenomena - often in ways that are not tunable or practical in traditional oxide or intermetallic magnetic materials. While spintronic technology has become ubiquitous, it is almost exclusively based on top-down approaches. Molecule-based materials offer the promise of enhanced tunability, terminal scalability, self-assembly, and unique quantum-confinement properties that align well with the goals of the NSF Big Ideas category: Quantum Leap.    This award reflects NSF's statutory mission and has been deemed worthy of support through evaluation using the Foundation's intellectual merit and broader impacts review criteria.</abstract>
    <outcomes>Hierarchical design of magnetic materials from the atomic level cannot be considered a rational synthetic process because the two most important factors, magnetization (governed by the total strength of the electron spin interaction) and anisotropy (the propensity for the magnetization to prefer a specific direction) cannot be independently controlled. In most cases, in fact, a molecule with highly oriented (anisotropic) magnetization will lose that orientation when it is attached to other molecules in a chain, sheet, or 3D net in an attempt to enhance its magnetization. The overarching goal of NSF Project 1904937 was to find, verify and utilize a model for describing materials that are inert to this type of anisotropy loss by specific design of their wavefunction through a combined effect of the arrangement of atoms bound to the central metal (the crystal field symmetry) and the nature of the electron spin and orbital motion (spin orbit coupling; SOC). To accomplish our goals, we used the Er3+ ion which has a large SOC ground state.  Within the project period, research performed by graduate (PhD, MS) and undergraduate trainees under the guidance of PI, Prof. Jeffrey Rinehart, led to confirmation of this model and a deeper understanding of the methods by which the strongly oriented magnetic moments can be made to interact with each other to form complex magnetic units. The advantages discovered in using this model as an approach to magnet design from molecular building units are manifold:  1) Simplicity. In its essential form, the only parameters are the direction each local moment is facing and the distance between them ( This contrasts sharply with other coupling mechanisms such as superexchange which depend on many, often competing, interactions.  2) Applicability. While most forms of magnetic interaction are more complex in lanthanide systems, this model is often simpler. The large moments and propensity to isolated anisotropic ground states make the results of the interaction more amenable to chemical intuition. Additionally, the poor radial extension of the 4f orbitals makes elimination of other forms of magnetic coupling easier and more predictable.  3) Extendibility. The simplicity of the fundamental mechanism is important, but perhaps even more intriguing is the ability to add electronic structure complexity without significantly increasing the computational cost or altering the basic model. In fact, we can estimate the quantum structure from routine computations on molecular models of a single spin center ? no matter how large the coupled spin system is. The form of can be further simplified through enforcement of the crystallographic symmetry and imposing decorated Ising conditions when appropriate in multidimensional systems.  4) Verifiablility. Unlike many other models of molecular magnetic interactions, the dipolar interaction is rooted in geometry and simple enough to test the veracity against calculations.  5) Utility. While our original goal of enhancing magnetic coupling through building a molecular unit of stable anisotropy was realized, the complexity and control of the quantum states offers a far broader potential. Synthetic tuning of molecular geometry parameters such as angle and nuclearity can have profound and predictable effects on diverse effects such as quantum tunneling rate, vibrational coupling, and the absorption / emission of light.       Last Modified: 12/14/2022       Submitted by: Jeffrey D Rinehart</outcomes>
</award-details>",software-produced,MPS-True,software-not-produced
0529922,GEO,other,"<award-details>
    <title>Southern California Earthquake Center</title>
    <abstract>The basic science goal of Southern California Earthquake Center (SCEC) is to understand the physics of the Southern California fault system and encode this understanding in a system-level model that can predict salient aspects of earthquake behavior. Southern California's network of several hundred active faults forms a superb natural laboratory for the study of earthquake physics. Its seismic, geodetic, and geologic data are among the best in the world. Moreover, Southern California contains 23 million people, so that high seismic hazard translates to nearly one-half of the national earthquake risk. The Center's tripartite mission statement emphasizes the connections between information gathering, knowledge formulation through physics-based modeling, and public communication of hazard and risk. An important part of SCEC's mission is to increase the diversity of its scientific workforce; SCEC values diversity in all aspects of its activities. Created in 1991, SCEC has since expanded to 54 institutions involving over 560 scientists. The core institutions, currently 15, are committed to SCEC's mission and offer sustained support for its programs; the participating institutions, currently 39, are self-nominated through their members' participation. The Center is open to any credible scientist from any research institution interested in collaborating on the problems of earthquake science. However, SCEC is structured to achieve prioritized science objectives within the Southern California Natural Laboratory, and resources are allocated accordingly.</abstract>
    <outcomes>Project Outcomes Report for the General Public  Southern California Earthquake Center, 2007-2012 (SCEC3)  T. H. Jordan, Principal Investigator        Earthquakes pose the greatest natural threat to life and property in California. During the past five years, the SCEC consortium has coordinated over 600 earthquake scientists from more than 60 research institutions worldwide in a research program on (a) how tectonic forces evolve within active fault networks over years to millennia to generate sequences of earthquakes, (b) how forces produce slip on time scales of seconds to minutes when faults rupture during earthquakes, and (c) how seismic waves propagate from the rupture region and cause shaking on the surface of a heterogeneous crust. This basic research has pioneered novel methods for data analysis in seismology, earthquake geology, and tectonic geodesy, and the SCEC collaboration has substantially advanced integrative modeling in earthquake system science. The latter has been enabled by a new cyberinfrastructure for physics-based seismic hazard analysis that comprises a complementary and interactive set of high-performance computational platforms. These vertically integrated platforms are now capable of executing the principal computational pathways of earthquake system science on NSF and other national supercomputers at unprecedented resolution, with outer-scale/inner-scale ratios up to 1017.        Through integrated studies of earthquake processes, SCEC has worked with its principal agency partners&mdash;the National Science Foundation, the U.S. Geological Survey, and the California Geological Survey&mdash;to translate this basic geoscience and computational research into practical products that can reduce seismic risk and improve community resilience to earthquake disasters. A steadily improving series of Uniform California Earthquake Rupture Forecasts (UCERFs) has been developed on the OpenSHA platform by the Working Group on California Earthquake Probabilities (2008, 2012) in response to requests from the California Earthquake Authority and the National Seismic Hazard Mapping Project. The CyberShake ground-motion prediction platform is now capable of running, processing, and archiving the very large suites (~106) of earthquake simulations needed for the probabilistic calculations of physics-based seismic hazard analysis. CyberShake has produced the first comprehensive, simulation-based hazard models for the Los Angeles region. These models are being extended statewide, and they are being coupled to structural models of the built environment developed by NSFÆs earthquake engineer research centers, with the goal of achieving a ""rupture-to-rafters"" simulation capability that will aid in the design of earthquake-resilient communities.        Meta-organizations fostered and administered by SCEC, such as the statewide Earthquake Country Alliance and the 60-institution EPIcenters program of informal education, have provided entirely new venues for helping the public understand and deal with seismic risks. SCEC has deepened collaborations among earthquake scientists, and it has extended them to mathematicians who study earthquake statistics, computer and computational scientists who design and execute large-scale simulations, physical scientists who study rock behavior in the laboratory, earthquake engineers who understand hazard in the context of risk, social scientists who understand public behavior in the face of risk, and decision-makers who must forge public policies based on the best available science. One transformative activity that binds together this diverse assemblage of expertise is the Great ShakeOut drills. These annual earthquake preparedness exercises, which have been developed by SCEC and its partners since 2008, now involve millions of people across the United States and in other several other countries, including Canada, New Zealand, Italy, and Japan.        Earthquake system science relies on the premise...</outcomes>
</award-details>",software-not-produced,other-False,software-produced
1707247,MPS,MPS,"<award-details>
    <title>Collaborative Research: Turbulence, Structures, and Diffusive Shock Acceleration</title>
    <abstract>This project will further our understanding of the origin and properties of highly energetic particles accelerated at shock waves in outer space.  Shock waves in the interplanetary and interstellar medium are known to accelerate charged particles to very high (relativistic) energies. Exactly how this is done remains an important open problem. Energized particles irradiate the Earth, satellites and astronauts orbiting the Earth, and spacecraft exploring the heliosphere and other planets. Highly energetic particles represent a hazard to biological systems and technological systems, including communication, positioning, and observational and research satellites. Thus, determining the origin and subsequent properties of very energetic charged particles can have important technological and biological consequences that impact our daily lives and even the national security of the US.  This award will support a collaborative effort between the University of Alabama - Huntsville and the New Mexico Consortium, with support from the Department of Energy, to investigate the effects of complex plasma structures that are typically generated at shock waves on the production of highly energetic particles in interplanetary space.     This project will, for the first time, develop quantitative and testable models of particle energization in shock generated turbulence, which is in turn dissipated via reconnection current layers, associated magnetic plasmoids, and particle energization. The coupling of diffusive shock acceleration (DSA) and particle acceleration in the turbulent wake of fast shocks cleaves naturally into two: A) the generation, transmission, and amplification of turbulence and structures at collisionless shock waves, and B) the coupled acceleration of electrons and ions at and in the turbulent wake of collisionless shocks. This project will 1) develop models, validated by simulations that describe the transmission and generation of turbulence through and at collisionless quasi-perpendicular and quasi-parallel shock waves; 2) determine whether collisionless shocks can generate magnetic structures downstream of the shock and will describe the downstream evolution of shock-generated structures through reconnection-related processes; 3) explain the interaction of magnetic structures and current sheets, including the heliospheric current sheet, with incident shock waves; and 4) use numerical models and observations of turbulence, magnetic structures, and current sheets interacting with shocks to develop a theory of particle acceleration in the vicinity of shock waves.</abstract>
    <outcomes>The standard mechanism typically invoked to explain the energization of particles locally in the solar wind is that of diffusive shock acceleration (DSA). However, detailed interplanetary observations are not easily interpreted in terms of the simple original steady-state models of particle acceleration at shock waves. Three fundamental aspects make the interplanetary problem more complicated than the typical astrophysical problem: the time dependence of the acceleration and the solar wind background, the geometry of the shock, and the long mean free path for particle transport away from the shock. Despite the success of the coupling of DSA to CME-driven shocks in explaining many SEP observations, numerous examples of energetic particle events simply cannot be accounted for by DSA, especially those that exhibit characteristics of obviously local acceleration or intensity profiles that possess features that suggest additional acceleration processes. For example, sometimes energetic particle flux enhancements are observed well beyond several correlation lengths downstream of a shock, i.e., too far to allow accelerated particles to return to the shock front for further acceleration.     Intellectual Merit: The idea that local structures and dynamical processes associated with low-frequency (MHD) turbulence may affect particle transport and acceleration in the heliosphere is not new, but it has attracted considerable attention recently through a convergence of theory, simulations, and detailed observations. In particular, this grant has supported the state-of-the-art theoretical modeling of particle transport in dynamical turbulence dominated by interacting small-scale flux ropes or magnetic islands. Related simulations by a graduate student supported through this grant and collaborating with scientists at Los Alamos National Lab confirm the ability of dynamical colliding small-scale magnetic islands (SMIs) to contribute to local particle acceleration. Furthermore, in the case of shock waves, time-intensity profiles of the energetic particle flux mediated by small-scale flux ropes downstream of a shock were predicted to be ""amplified"" over their value at the shock front. This is distinctly different from the predictions for a pure DSA case, which predict a ""1"" plateau. Such events were both predicted by the theory and confirmed by numerous observational studies supported by this grant. In summary, 1) This gratn led to the development of a comprehensive transport theory that describes the propagation and energization of charged particles, primarily ions, in dynamically evolving low frequency turbulence comprising small-scale magnetic flux ropes aka small-scale magnetic islands. This grant has brought the development of these theories to the state-of-the-art. 2) Solutions to the transport phenomenology have provided the first quantitative comparison of predictions to observations, finding quite remarkable success. A series of papers compared successfully energetic particle distributions downstream of shock waves in the supersonic solar wind and downstream of the heliospheric termination shock, and energetic particle distributions in the vicinity of the heliospheric current sheet, which is expected to generate and trap numerous magnetic islands, to predictions. 3) Numerical simulations have compared in detail their results with those predicted from the theory, identifying in particular the importance and role of the different physical energization mechanisms incorporated in the theory. 4) Finally, new simulations have begun to explore the complicated problem of electron energization in the context of solar physics, identifying a potentially important novel energization mechanism via an electron Kelvin-Helmholtz instability within ion scale magnetic islands.     Broader Impacts: A primary broader impact was the training and professional development of a graduate student working towards his PhD, and, as part of that training, fostering an extended collaboration between UAH and LANL. As part of the collaboration, the student spent three consecutive summers doing collaborative research in a national lab environment (LANL), where he was eventually employed as a post doc. The LANL co-PI played an integral role in mentoring the student and became an adjunct associate professor at UAH and was a member of the student’s PhD thesis committee.       Last Modified: 09/13/2021       Submitted by: Gary P Zank</outcomes>
</award-details>",software-not-produced,MPS-False,software-produced
2032474,CISE,CISE,"<award-details>
    <title>RAPID: New Models for Online Social Experiences Supporting Immediate Needs of NSF REU students, Conferences and the Advancement of Remote Research</title>
    <abstract>The Covid-19 pandemic has dramatically impacted how and where work may take place, creating a profound demand for technologies and strategies supporting remote work and education.  While video conferencing and chat applications have been a great help during this time, their limitations have also become clear. This project explores how 3D virtual worlds can recreate the advantages of being in shared office and learning environments: awareness of the work of your colleagues or fellow students, a sense of being part of a shared community, and opportunities for impromptu interactions. The project promotes the design and development of more resilient work and learning environments by advancing knowledge of how 3D and virtual reality technologies enable people to connect and collaborate at a distance, simulating the physical constraints that naturally create social situations that are vital to  the emergence and diffusion of new ideas and professional networks. This project will study how 3D and virtual reality technologies may be effective at recreating the positive aspects of physical conditions of the real world, while allowing for social interaction to be more convenient and efficient than video or chat technologies. The project will also study how virtual reality technologies promote diversity and inclusion by reducing barriers to remote participation.          Virtual worlds technology will be used to support key social interactions of current and future scientists in three areas. First, the project will support a network of undergraduate research students over the summer as a starting point for exploring more regular sharing of research progress and community building, by situating ongoing research artifacts in virtual worlds to stimulate conversation as well as co-construction and review of the research products. The project will explore ongoing informal collaboration as well as formal presentations. Second, it will leverage work completed over the summer for exploring new approaches to online and multi-site models of conferencing in the fall. Third, it will build on both of these projects and previous work to support and study the transition of a major academic conference to an online or hybrid form. Throughout, the 3D and virtual reality technology will be systematically studied and advanced through feedback from participants and partnership with industry that can scale these approaches globally.    This award reflects NSF's statutory mission and has been deemed worthy of support through evaluation using the Foundation's intellectual merit and broader impacts review criteria.</abstract>
    <outcomes>The primary aim of this project was to determine how virtual worlds can enable effective social interactions during remote research, especially those forced by the Covid-19 pandemic.  In pursuit of this aim, the project built new tools and extended existing tools for remote research collaborations, provided support in using such tools to to academic research partners.  These experiences were studied through the lens of ethnographic research methods, where researchers were embedded into the social gatherings and conducted interviews of participants to better understand how tools were being used and what aspects were contributing to successful outcomes. Our partners included several academic organizations (IEEE VR/ISMAR, ACM SUI/VRST and the International Communication Association) as well as two undergraduate research experiences, one at Georgia Tech and one at the University of Puerto Rico (NSF-funded Bio-IQ program).  In the first year of the project, a primary focus was helping these programs use 3D virtual worlds, such as Mozilla Hubs and VirBela to support social engagement at research meetings.  A key finding from studying these integrations was that participants did not favor the use of 3D virtual worlds and especially immersive virtual reality headset interfaces due to the difficulty of using them as a primary interface, especially when the majority of others were not using them.   As a result, the second year of the project focused on how to modify and design tools to make better use of immersive virtual reality in these experiences.  In summer of 2021, we supported the Bio-IQ program again by sending virtual reality headsets to all participants (10) and (3) instructors distributed throughout the United States, providing a meeting application and encouraging their use for social engagements.  This approach yielded the primary finding that while participants used the headsets extensively to engage with each other, their primary use case was social (e.g. play immersive games), despite the availability of more work-oriented products and an interest in using virtual reality for research.   The project also resulted in contributions to the Mozilla Hubs open source product, as well as the creation and initial deployment of open source VR networking components that enable self-hosted virtual worlds.  These were developed by undergraduate research assistants, and they have been made available through GitHub and are under active development and use.              Last Modified: 10/26/2022       Submitted by: Kyle Johnsen</outcomes>
</award-details>",software-produced,CISE-True,software-not-produced
1846017,CISE,CISE,"<award-details>
    <title>CAREER: Utilizing Fine-Grained Knowledge Annotations in Text Understanding and Retrieval</title>
    <abstract>All members of our information society are constantly in need for quick access to knowledge for work, education, and personal interests. Often the necessary knowledge cannot be found on a single web page or article but deserves a longer, query-specific complex answer. Examples are questions about causes of political events, about nutritional benefits of chocolate, or about the economic viability of wind energy. However, today's search engines that merely provide a list of multiple sources, but leave users on their own to synthesize sources into knowledge. This project develops novel algorithms that distill relevant key concepts, text passages, and relational information to provide users with a single summary of comprehensive information. The summary is structured into different sections, each covering a different facet of a complex topic. The focus of this project is to identify the relevant facts and connections that will enable users to form their own opinions and make strategic decisions. Embedded in a self-directed-learning environment, it allows users to learn about new topics at their own pace. Integrated educational activities will make use of the software to inspire STEM-interest among middle school students and undergrads of other disciplines.    Today's algorithms fall short to identify relevant resources for complex topics, as these require knowledge about the world. Utilizing knowledge graphs for information retrieval has led to several important advances, such as the Entity Query Feature Expansion model (EQFE). This project takes a novel holistic approach towards developing representations of knowledge in a knowledge graph, corresponding text annotation algorithms, and retrieval algorithms that work hand-in-hand. The project focuses on three thrusts: (1) Entity aspect linking, which determines the topical context of entity mentions to facilitate a high-precision paragraph ranking. (2) Utilizing relation extractions for open domain information retrieval, where the presence of many non-relevant relations is explicitly addressed. (3) Selecting the query-specific subgraph of the knowledge graph that is suitable to identify relevant entities through long-range dependencies while avoiding concept drift. All three thrusts lead to fine-grained machine-understanding of relevant connections and aspects of entities, aligned through supporting passages that provide provenance for their relevance. The impact of all three thrusts extends beyond information retrieval: many applications that build on entity links will gain topical precision from entity aspect links. Most technology that utilizes relations as-is, will be improved when relational information is considered in context. Any method that extracts information from the knowledge graph structure will perform better when spurious edges are eliminated. Overall, this research effort will lay the foundation for identifying query-relevant complex information in natural large collections.    This award reflects NSF's statutory mission and has been deemed worthy of support through evaluation using the Foundation's intellectual merit and broader impacts review criteria.</abstract>
    <outcomes>None</outcomes>
</award-details>",software-not-produced,CISE-False,software-produced
1056861,MPS,MPS,"<award-details>
    <title>CAREER: Local Probes of Electronic Disorder in Organic Semiconductors</title>
    <abstract>Technical: The research component of this CAREER award is to study disorder in thin films of organic semiconductors on metal surfaces at the nanometer scale, using scanning probe techniques. The origin of disorder at metal-organic interfaces is assessed by ultrahigh vacuum scanning tunneling microscopy combined with new quantitative approaches to tunneling spectroscopy in constant current mode that have been explicitly developed for soft materials. The research aims to determine the functional form of the distribution of transport states for prototype disordered organics as well as the spatial correlation between transport states in the plane of the interface. Multilayer films are compared with monolayer films to answer the question of whether interfacial disorder differs significantly from bulk-like disorder. The basic materials research is expected to contribute to organic semiconductor device design capabilities by revealing the major factors governing charge injection at metal-organic interfaces. The research also aims to reveal the spatial disorder in charge transport properties in thick organic semiconductor films by applying conducting atomic force microscopy.  Non-technical: The project addresses basic research issues in a topical area of materials science with high technological relevance. The project, if successful, can have impacts on the advancement of organic semiconductors for energy related applications. The research and education activities of the project are integrated. Graduate students are trained in an interdisciplinary environment. New scanning probe experiments will be adapted for the senior level undergraduate physics labs at the North Carolina State University. The plan is to modify the existing scanning tunnel microscopy to permit ballistic electron emission spectroscopy and to use the modified instrument to measure injection barriers at metal-organic interfaces in films grown by students. In addition, computational research project will be developed to allow undergraduates to explore aspects of one-dimensional quantum mechanics relevant to scanning tunneling spectroscopy.</abstract>
    <outcomes>Intellectual Merit  The realm of organic electronic materials has opened new technologies for large area, low cost displays and photovoltaics.  The tradeoff compared to traditional electronic materials is that organic device structures tend to be very strongly disordered.  In some cases, such as bulk heterojunction solar cells, the disorder is intentional.  However, in all cases, understanding the molecular scale origin and properties of the disorder is essential to explaining and improving device operation.  This mission of this project was to survey the molecular origins of disorder in organic electronic materials using advanced imaging and measurement tools like scanning tunneling microscopy and atomic force microscopy.  The goal was to see disorder at very small scales down to the single organic molecule and to assess its immediate effect on electronic properties.   The project often worked to build a birds-eye view of the random landscape in an organic material using molecule-by-molecule measurements in the same way that polls build an overall view of public opinions.  Several key origins of disorder in organic materials were found during the course of this project.  The most surprising was the fact that electrically-active disorder can be dominated by factors extrinsic to organic thin films even when the films suffer from intrinsic structural imperfections.  This has two practical implications:  First, the surroundings of organic device materials have to be optimized in devices (e.g. contacts and gate dielectrics); Second, intrinsic structural imperfections are not always significantly detrimental to organic device performance.   In addition, the project identified electrical impacts of structural disorder in a famous organic light emitting diode (OLED) material called a-NPD that could be directly compared with previous device observations.  By directly visualizing the molecular structure of the film with a scanning tunneling microscope (Figure 1) it was determined that the origin of the disorder is random twisting of the molecular structure around central single bonds between carbon atoms.  This will be a prevalent phenomenon in many OLED materials that involve similar molecular structures.  Further origins of disorder were identified as those induced by metal electrical contacts (which disrupted organic film structure up to several molecular layers), and interlayer structural imperfections that were found to enhance electrical charge trapping between layers.   Significant effort was placed upon microscopic probes of functioning device structures.  The project fabricated ultrathin (two layer) organic field effect transistors for which the surface electrical potential in the active channel was directly accessible to force microscope experiments.  The result of this work was the first direct visualization of the onset of ""multiple trapping and release"" of carriers in an organic transistor.  By observing this effect with a Kelvin Probe Force Microscope, it was discovered that charge trapping and release can occur uniformly throughout the device, which strongly constrains the type of disorder that can cause the trapping.  Moreover, when trapping occurs, the electrical properties of the organic film become noisy and this noise will determine performance limitations for organic devices.  The diverse and complicated origins and implications of disorder are a constant concern for organic electronics.  This project provided insights and examples of how disorder in organic films can impact practical electrical properties.  These outcomes will help to guide future device planning and optimization efforts in an increasingly consumer-relevant field.     Broader Impacts  The project supported teaching and learning in condensed matter physics through the integration of atomic force microscopy experiments into the advanced experimental physics capstone course for physics majors at North Carolina State University.  This experiment is now a fixture in the course and evolved to include experiments on local force curves, advanced high-k dielectric films, biomolecular films , and organic semiconductor single crystal degradation.  It provides training for students on an industrially-relevant analytical tool as well as experimental design, data analysis, and scientific communication.   Several undergraduate students participated in research associated with the project, including one who was co-author on a peer-reviewed publication.  Undergraduates learned techniques of thin film growth, atomic force microscopy, and software development for custom adaptations of force microscope experiments.  Graduate students were trained in the interdisciplinary environment of the NC State Organic and Carbon Electronics Lab (ORaCEL).  The project fully-supported two Ph.D degrees and partially supported a substantial part of one other.                   Last Modified: 02/22/2018       Submitted by: Daniel B Dougherty</outcomes>
</award-details>",software-produced,MPS-True,software-not-produced
1029764,MPS,MPS,"<award-details>
    <title>CDI-Type II: Quantum Cyberinfrastructure for the Simulation of Complex Quantum Systems</title>
    <abstract>This award, made on proposal submitted to the Cyber-enabled Discovery and Innovation solicitation, supports research to design and demonstrate a novel kind of quantum computer.    A quantum computer, if one could be built, would transform information technology by making practical certain specialized computational tasks that would otherwise be impossible with current or foreseeable supercomputers. The most famous application is to the mathematical problem of prime factorization, which is central to code breaking. Code breaking, however, will require a sizable quantum computer performing thousands of operations on thousands of quantum bits. Another promising application is to use a quantum computer to simulate complex quantum systems such as molecules or solid materials, which is notoriously difficult using existing computers. Recent experimental progress suggests that this ""quantum simulation"" will be one of the first practical applications of a quantum computer. In this joint theoretical-experimental program, the PIs will develop and demonstrate a general purpose quantum simulator built from superconducting electrical circuits. The approach is made possible by recent experimental breakthroughs in the use of solid-state superconducting devices called Josephson junctions, operated at very low temperatures, combined with a new method to operate the quantum simulator that makes interesting applications immediately possible and practical. The PIs envision that, in 10 or 20 years, these general purpose quantum simulators will be stationed at supercomputing centers next to conventional machines and will be made available as an online computational resource for large communities of scientists. Such a resource would make a significant impact in many fields, including: atomic and molecular collisions, cold atomic gases, complex chemical dynamics, low-temperature physics, materials physics, and quantum chemistry.</abstract>
    <outcomes>The main goal of this project is to develop a method to enable practical quantum simulation with exising superconducting circuit technology. While it is known that a large error-corrected quantum computer should be capable of supercomputing power and beyond, such a machine will require millions of quantum bits (qubits). Here our approach is to develop quantum simulation techniques that do not require millions of qubits and error correction and which are practical now.  Basic idea of our developed approach is to accomplish more during the available decoherence time. We do this by bypassing the standard gate-model approach to quantum computation, where algorithms are decomposed into one-qubit and two-qubit operations. Instrad, we perform the entire computation in a certain subspace of the full state space, allowing complete programmability of the system Hamiltonian in that subspace. This allows one to implement, in a graph of n qubits, symmetric n-dimensional unitaries in a single fast step and nonsymmetric ones in three.  It also enables direct quantum simulation of real but otherwise arbitrary time-dependent Hamiltonians, the application focused on here.   The theoretical development we carried out very clearly shows the power of the single-excitation subspace approach. Chips of even modest size should be able to outperfrom current gate-model based demonstrations of quantum computation and simulation. While achieving supercomputer power is farther away and perhaps more speculative, the field is very much moving in the direction of large complex superconducting circuits. For example, the latest D-Wave machine has about 1000 qubits. The design requirements for an SES based chip are somewhat more challenging but not that different. And our development and demonstration of a 3-qubit SES chip certainly shows that the approach is sound.                       Last Modified: 01/30/2016       Submitted by: Michael R Geller</outcomes>
</award-details>",software-not-produced,MPS-False,software-produced
1927710,GEO,other,"<award-details>
    <title>Belmont Forum Collaborative Research: World Wide Web of Plankton Image Curation</title>
    <abstract>The capability to bring computer science and technology as well as large and complex data sets to bear on interdisciplinary and transdisciplinary science is emerging. It is therefore critically important to establish and enable transnational frameworks so that data-driven scientific knowledge can transcend disciplines and geographical borders, ultimately increasing the scientific underpinnings of policy and action. International collaboration within global environmental change research fields holds the potential to establish international foundations for federated data integration and analysis systems with shared services, bring together best practices from the public and private sectors, foster open data and open science stewardship among the science communities including related areas such as publishing, and encourage data and cloud providers and others to adopt common standards and practices for the benefit of all.    This award supports U.S. researchers participating in a project competitively selected by a coalition of 29 funding agencies from 23 countries through the Belmont Forum Call for proposals on Science-driven e-Infrastructure Innovation (SEI) for the Enhancement of Transnational, Interdisciplinary and Transdisciplinary Data Use in Environmental Change.  SEI is a multilateral initiative designed to support research projects that bring together environmental, social and economic scientists with data scientists, computational scientists, and e-infrastructure and cyber-infrastructure developers and providers to solve one or more of the methodological, technological and/or procedural challenges currently facing inter-disciplinary and transdisciplinary environmental change research that involves working with large, diverse and multi-source transnational data. The SEI call will intimately link research thinking and technological innovation toward accelerating the full-path of discovery-driven data use and open science and enable a broader scientific community to benefit from the identified new and potentially disruptive demonstrators or pilots toward solutions.    Scientific research is generating an increasing number of digital images, from micrographs of cells to pictures of galaxies. Automated instruments can capture many images, which are then processed automatically to extract data from them. For this data to be useful to the scientific community and benefit the general public, it needs quickly generate output (even for millions of images), consistent, and easy to share. Digital imaging can help determine how many organisms are present in a given environment, how diverse the organisms are and whether these data change in time.  This technique is particularly useful underwater, where direct observation by humans is difficult. The main goal of this project is to build a World Wide Web of Plankton Image Curation applications that collect images of plankton (the organisms that drift with ocean currents), allow scientists to name them consistently, store associated ecological information (such as time, location, etc.), and make all data easily accessible to the community. It will leverage cutting edge advances in database design and machine learning to process billions of images, will be hosted on public web servers to be easily accessible, and will foster an atmosphere of collaboration and sharing that is essential for the progress of science. This network of applications will be used to tackle studies that have proved challenging, such as fast plankton monitoring to assess ecosystem health, or global estimations of the distribution of planktonic diversity and its contribution to carbon storage or ecosystem productivity.    This award reflects NSF's statutory mission and has been deemed worthy of support through evaluation using the Foundation's intellectual merit and broader impacts review criteria.</abstract>
    <outcomes>Teaming with colleagues from four separate countries (France, Brazil, Japan, US), the World Wide Web of Plankton Image Curation (www.PIC) project was aimed at developing standardized image analysis approaches for the identification of marine plankton to advance next generation utilization of underwater imaging systems (see Figure 1 for example imagery). Given the diversity in size, shape and abundance of different plankton types, a variety of imaging systems have been developed over the last two decades, most with different taxonomic focus. This has led to considerable variability in image format, scale and resolution, as well as an abundance of images requiring automated analysis. Therefore, in meeting our overarching goal to develop a standardized means of analyzing and storing this diversity of imagery, we needed to: i) create imaging analysis pipelines that are able to handle images from a variety of imaging systems, ii) develop database capacity to accommodate very large (billion plus image) image libraries from multiple imaging platforms, and iii) provide ecological application examples demonstrating the use and value of access to large image datasets.      We succeeded in developing a fully functional and open-sourced image analysis pipeline and running it at NSF’s Extreme Science and Engineering Discovery Environment (XSEDE) supercomputing facility, as well as implementing the database holding data on the classified images with ancilliary environmental data and actual images. This pipeline is composed of two main steps: segmentation and classification. Image segmentation is the first step in the pipeline that reduces the overall frame that the camera sees - with up to hundreds of individual plankters per frame - to separate and smaller images only containing individual plankters. This step is recognized as being very important because it determines the input into the following classification, or identification step. In the classification step, individual plankter images are compared to a known set of images (or library) via a deep convolutional neural network (CNN).      As part of this process, the taxonomic nomenclature that is used in the different pipelines was streamlined as well by following the DarwinCore Principles https://dwc.tdwg.org. Through this, taxonomically-standardized outputs from the pipeline can then be made available automatically to biodiversity information hosts such as the Ocean Biogeographic Information System (OBIS)  https://obis.org, via application programming interfaces (APIs) for broad community access to the data. As libraries are developed by different researchers in different regions, they can be trained into a new CNN model for running through the pipeline. In our own work, we have now used the pipeline to classify over 800 million plankton images.   As the third objective of this work, we applied the processed imagery data in an ecosystem level analysis the marine environment off of CA/Oregon. We used imagery collected with the In-situ Ichthyoplankton Imaging System (ISIIS), processed through our newly developed CNN pipeline, to investigate the drivers of plankton community structure in the northern California Current. We specifically addressed the contrasting impacts of upwelling and downwelling on planktonic communities.   Broader impacts include training of students and post-doctoral fellows. Specifically, the project provided training for four undergraduate students in Computer Science at Oregon State University's Center for Quantitative and Life Sciences (CQLS). We also trained one biological oceanography postdoctoral scholar how to work with machine language algorithms supporting image analysis. Image processing outputs were also utilized by two Ph.D. graduate students for part of their dissertation research. Two papers/communications were published providing details about image analysis pipeline including full public access (open-source) to the pipeline (with full training guide) via XENODO, and a third manuscript is under review describing our findings on the drivers of plankton community structure in the northern California Current. Development and access to this image analysis pipeline has already led to several oceanography research groups use of the pipeline which not only speeds up their research productivity, but ensures future ability to compare across regional studies of plankton distributions and dynamics.           Last Modified: 10/05/2023       Submitted by: Robert K Cowen</outcomes>
</award-details>",software-not-produced,other-False,software-produced
1506969,MPS,MPS,"<award-details>
    <title>Control and Thermodynamics of Nanoscale Systems</title>
    <abstract>NONTECHNICAL SUMMARY    Technological progress has enabled scientists and engineers to build and manipulate physical systems at the level of individual atoms and molecules.  At these small scales the laws of Nature are often strange and counter-intuitive.  This award supports theoretical research and education aimed to elucidate how the dynamics of such systems can be controlled, and to deepen understanding of how the laws of quantum physics and thermodynamics combine to determine the behavior of nanoscale systems.    Quantum physics governs the behavior of atoms and molecules, while thermodynamics was developed to describe how systems exchange energy and matter with one another.  Combining the two fields, particularly for systems that are far away from the steady state of thermal equilibrium is a challenging area of research.  The activities funded by this award will address three aspects of this problem.  One project involves developing theoretical methods for controlling a quantum mechanical system so that it reaches a desired final state in a fixed amount of time.  This will involve theoretical tools borrowed from quantum physics, classical mechanics and thermodynamics.  The second project is aimed to explore how thermodynamic concepts such as heat and work apply to systems that are governed by the laws of quantum physics.  In the third project, the PI will investigate the role played by the interactions between a small system and its surroundings, in the thermodynamic behavior of the system.    These activities will involve students as well as postdoctoral researchers, providing training in theoretical methods at the intersection of quantum physics and thermodynamics.        TECHNICAL SUMMARY    This award supports fundamental theoretical research and education related to the coherent quantum control and the thermodynamics of systems at atomic and molecular length scales. The first project addresses the new and exciting field of shortcuts to adiabaticity, where the aim is to guide a system to evolve as if it were being manipulated very slowly, even when the manipulation occurs rapidly. The PI will develop strategies that apply the tools of classical and statistical physics to design such quantum shortcuts. The second project undertakes a careful analysis of the relationship between classical and quantal definitions of work, with an emphasis on using semiclassical methods to identify the impact of quantum interference between classical trajectories. The third project involves investigating how the first and second laws of thermodynamics ""scale down"" to describe the behavior of systems that are strongly coupled to their thermal surroundings. The PI will explore microscopically precise definitions of quantities such as internal energy, entropy and volume that preserve the structure of the first and second laws, without needing to introduce corrections to account for strong system-environment interaction.     The proposed research will:    (1) Develop a broadly applicable methodology for using classical mechanics to design protocols for the manipulation of coherent quantum systems. This methodology will be useful in experimental settings where many of the current methods, based on scale-invariant driving, do not apply.  (2) Provide a deeper understanding of the emergence of classical thermodynamics from quantum thermodynamics, for isolated systems driven by the variation of external parameters. In particular, it will clarify the role of quantum interference on the second law of thermodynamics and on nonequilibrium fluctuation relations.  (3) Establish a consistent, microscopic thermodynamic framework for describing the interchange of energy between a system and its surroundings, when the two are sufficiently strongly coupled that the interaction energy itself cannot be ignored. This framework will be useful in describing the thermodynamics of biomolecules, which interact strongly with their aqueous surroundings.     This award supports graduate student and postdoctoral level training in the methods of theoretical and computational statistical physics.</abstract>
    <outcomes>This project has addressed problems related to understanding and controlling the behavior of very small systems &ndash; typically at the level of single atoms or molecules.  We have made fundamental progress toward understanding of how the laws of quantum mechanics and thermodynamics apply to such nanoscale systems.  In one activity, we have contributed to developing a set of tools for manipulating the behavior of a small system that is governed by the law of quantum mechanics, so as to cause the system to evolve rapidly from a given initial state to a corresponding final state.  Such tools, or ""shortcuts to adiabaticity"", have been investigated intensely over the past decade.  A previously proposed class of these tools has been limited to systems that begin in the ground state, that is the state of lowest possible energy.  We have succeeded in lifting this restriction, developing a shortcut to adiabaticity that can be used when a system begins in an excited state.  We have also developed a separate method for manipulating the state of a quantum system by applying an impulse, that is a brief but strong external force.  These outcomes contribute to the toolbox available for experimentalists to control the behavior of quantum systems.  In a second activity, we investigated the interplay between quantum-mechanical and thermodynamic laws.  We first worked with an experimental team to demonstrate that the second law of thermodynamics &ndash; when expressed as a fluctuation theorem &ndash; applies to a quantum system that is in weak contact with its thermodynamic surroundings.  We also studied how unique quantum properties known as coherences can be exploited for thermodynamic gains.  As an unexpected outcome of this investigation, we found that entirely analogous gains can be obtained for classical systems, in other words quantum mechanics does not provide a uniquely quantum thermodynamic advantage.  Both of these outcomes have helped to clarify how thermodynamic concepts apply to systems governed by the strange laws of quantum mechanics.  For a macroscopic system that exchanges energy with its thermodynamic surrounding, the contact between the system and its surroundings is typically weak, whereas for a microscopic system, the contact with its thermodynamic surroundings is strong.  In a third activity covered by this project, we considered how the laws of thermodynamics must be modified when the contact between a system and its surroundings is strong.  While it might initially seem that these laws must be supplemented with ""correction terms"" to account for the strong contact, we have shown that this is not the case.  We have developed a theoretical framework in which thermodynamic quantities such as energy, entropy, heat and work are defined precisely at the microscopic level; and we have shown that these quantities obey the laws of thermodynamics, without requiring correction terms.  This outcome contributes toward a comprehensive framework for applying thermodynamic laws to nanoscale systems.  In addition to advancing knowledge, this project has contributed to the development of the scientific workforce through interdisciplinary scientific training and education.  The project has funded three graduate students, two of whom have completed their PhD’s, and a third who is expected to do so within two years.  These students have received rigorous training in theoretical analysis, experience with requisite computational tools, and mentorship related to oral and written scientific communication and scientific ethics.  Additionally, the PI has developed and taught a summer-school course on nonequilibrium statistical physics, in Beg Rohu, France (2014) and Lausanne, Switzerland (2019), and he will teach a version of this course in Bangalore, India in March, 2020.  He has also delivered, over the course of the project, over a dozen department-level colloquiua both within the United States and internationally, as well as a public lecture in Munich, Germany.  The outcome of these activities has been the broad dissemination, to non-specialist audiences, of recent advances in understanding how the laws of thermodynamics ""scale down"" to nanoscale systems.          Last Modified: 01/20/2020       Submitted by: Christopher Jarzynski</outcomes>
</award-details>",software-not-produced,MPS-False,software-produced
1625089,EHR,other,"<award-details>
    <title>Collaborative Research: The PIPELINE Network</title>
    <abstract>The PIPELINE Network project will significantly enhance physics education by developing and evaluating methods to incorporate workforce-relevant skills and activities in the student experience. The majority of physics graduates at all degree levels will become scientists and innovators working in the private sector, yet very little of the knowledge they gain while earning their degree specifically prepares them for these roles (for example, few physics programs emphasize real-world applications of scientific concepts, communication skills, or basic business concepts, all of which are important to successful private sector careers). Adding workforce-relevant learning to the discipline will attract a larger and more diverse student body to major in physics, and by extension improve the quality of the future STEM workforce. The PIPELINE project will bring together efforts of six institutions to create and document new approaches to teaching innovation and entrepreneurship in physics which can be shared with the broader community. The project will also advance our understanding of how these practices affect student and faculty attitudes towards innovation and entrepreneurship in physics.    The goals of the PIPELINE network are to build students' workforce confidence, improve physics faculty attitudes toward private sector careers, foster better integration of academic and industrial sectors, promote innovation in the physics discipline, and build a framework for wider adoption of physics innovation and entrepreneurship practices. The project will accomplish these by implementing physics innovation and entrepreneurship (PIE) approaches at member institutions during each year of the project, revising approaches between iterations, and finally documenting and disseminating curriculum. Most importantly, PIPELINE will develop surveys and interview protocols which will investigate the link between PIE experiences and student and faculty attitudes about innovation and entrepreneurship, and which can be used by other departments for gauging, monitoring, and improving institutional change around PIE. These research findings and tools will provide insights and utility that go beyond the immediate partner institutions, and live on beyond the duration of the project. PIPELINE will generate a core network of experienced PIE practitioners, a readily accessible body of tested PIE curricula deliberately varied in scope to fit unique needs and challenges of future adopters, and robust insight into the obstacles to PIE implementation and how future adopters might address them.</abstract>
    <outcomes>Project Outcomes Report:  Award Title: Collaborative Research: The PIPELINE Network  Federal Award ID: 1625089  This project was a collaboration between the American Physical Society (APS) and six institutions: Loyola University Maryland (Loyola), Rochester Institute of Technology (RIT), Wright State University, University of Colorado-Denver, George Washington University, and The College of William and Mary. The goals of this PIPELINE Network were to create new approaches to teaching innovation and entrepreneurship in physics and to develop research instruments to investigate the link between such approaches and corresponding student and faculty attitudes. The project leaders developed and evaluated methods to incorporate workforce-relevant skills and activities into the student experience to enhance physics education, mapping these efforts onto four categories of learning outcomes: (1) physics-specific knowledge and skills; (2) scientific and technical skills; (3) communication skills; and (4) professional/workplace skills.  The project outcomes include physics career- and entrepreneurship-oriented pop-up courses, physics-focused makerspaces, and curriculum modules, all of which were implemented at the member institutions. All these materials (1) explicitly connect physics concepts with real-world applications; (2) utilize physics principles to create innovative solutions to real-world problems; and (3) include content relevant for careers in the private sector, such as communication skills, intellectual property protection, private and public funding sources, business models, budgeting, commercialization, and others. These curricula are freely available online to all educators  The PIPELINE Network project developed surveys and interview protocols to examine the link between PIE experiences and the attitudes of physics students and faculty about innovation and entrepreneurship. Based on student feedback in the related course evaluations, all educational materials have engaged undergraduate students in learning physics and fostered their interest in physics topics. Physics majors who participated in the project indicated that they had increased confidence that they were prepared to enter the workforce. In addition, over 80% of participating faculty reported benefits from the curriculum for both themselves and their students and 100% indicated that they would keep using the PIPELINE curricular materials after the project ended. The project results were presented at the 2019 and 2020 American Society for Engineering Education (ASEE) Annual Conference, as well as presentations at other national conferences, invited talks, and workshops, and webinars.  The project generated a nascent and growing community of PIE practitioners. Faculty members across the six institutions participated in the project and revised courses with the PIE curricula, modules, and activities. Additionally, the project launched the PIE Newsletter and the EPIC web portal to share the results of the PIEPLIEN Network efforts with all educators and the public.            Last Modified: 12/28/2021       Submitted by: Bahram Roughani</outcomes>
</award-details>",software-not-produced,other-False,software-produced
1523116,CISE,CISE,"<award-details>
    <title>EXP: Learning Parallel Programming Concepts Through an Adaptive Game</title>
    <abstract>The Cyberlearning and Future Learning Technologies Program funds efforts that will help envision the next generation of learning technologies and advance what we know about how people learn in technology-rich environments. Cyberlearning Exploration (EXP) Projects explore the viability of new kinds of learning technologies by designing and building new kinds of learning technologies and studying their possibilities for fostering learning and challenges to using them effectively. This particular project will develop educational games that adapt to the skill level of the user and will conduct research on using them to teach concepts from computer programming.     Modern computing is increasingly handled in a parallel fashion and despite the growing body of work on how to teach parallel programming, little is understood about the learning of this subject. This project will shed light on the challenge of learning parallel programming and gather initial data on ways to scaffold it in college-level courses. We propose to develop a genre of adaptive learning games in which we will gather data on how experts and novices address parallel programming problems and study ways to scaffold learning. Our research will advance understandings of how people learn concepts associated with parallel programming, as well as investigating which activities enhance the learning process in this domain. We will generate content tailored to specific students through a method entitled procedural content generation. This work will transform the transition from sequential programming to parallel programming in undergraduate computer science curricula and advance personalized learning. We will disseminate our prototype and results via the CSinParallel network, an NSF-funded national organization that works to introduce concurrent, parallel, and distributed computing concepts into a greater percentage of computer science curricula. The research will further our understanding of how students learn parallel programming concepts and contribute to training a competitive workforce that is better prepared for today's parallel computing world.</abstract>
    <outcomes>Concurrent and parallel programming (CPP) skills are increasingly important in today's world of parallel hardware. However, the conceptual leap from deterministic sequential programming to CPP is notoriously challenging to make. This project accomplished three main objectives: (1) develop an educational platform to gather data on how do students learn CPP in the form of an educational game (Parallel); (2) developed several artificial intelligence techniques to model player's behavior (player modeling) and CPP skills by observing them play the game, and used these to automatically generate tailored game puzzles (procedural content generation) to help them practice the skills they had not yet mastered at a controlled and personalized pace, and (3) gathered data on how actual students learn CPP concepts and skills both in lab setting as well as in a real classroom via the deployment of Parallel in to an undergraduate CPP class at a major US university.  As a result of our data analysis we identified three main problem solving strategies students deploy when solving CPP problems: trial-and-error, single-threaded thinking, and multi-threaded thinking. Further, we linked these strategies to how much is the student struggling to solve the problem at hand. By using this insight, our player modelling approach was able to use these strategies as a proxy for inferring the level of mastery of the student in a collection of CPP concepts and skills. This, in turn, allowed us to deploy personalized experiences (by generating customized puzzles for each student).   All the new ideas and technologies developed in this project have been made publicly available either via research publications or via open source software, in order to make all of it available to the research community. A screenshot of our Parallel educational game is included in this report.        Last Modified: 12/02/2019       Submitted by: Santiago Ontanon</outcomes>
</award-details>",software-not-produced,CISE-False,software-produced
1353783,BIO,BIO,"<award-details>
    <title>SG: RUI: Pollinator competition and plant competition as mechanisms for evolutionary diversification in two hummingbird-pollinated plants of the Caribbean</title>
    <abstract>Ecologists have long sought to understand how competitive interactions within and between species shape patterns of species diversity in natural communities. Plant-pollinator competition differs from competition among animal species in a significant way: pollinators may compete for plants as much as plants compete for pollinators. This project examines the mechanisms by which competing pollinators partition flowering plants and whether such partitioning leads to floral diversification. The researchers will identify mechanisms using a combination of experiments in a large, enclosed garden mimicking a natural system, and field measurements of natural selection in wild populations of plants. The research adds a significant conceptual component to studies of ecological dynamics by directly linking ecological interactions between consuming pollinators to natural selection of their mutualist plant resources.    The project is a collaboration between an undergraduate college and a research institution. A minimum of ten undergraduates will be involved in every aspect of the work, from experiments with hummingbirds in the enclosed garden, to measurements of selection and reproductive success of plants in wild populations, to statistical analyses of data. Individuals from the host country of Dominica, West Indies, will participate in the field and laboratory studies to strengthen an international collaboration and to provide lasting knowledge in the host country once the project is completed. Findings will be disseminated to the public through popular articles in magazines in the USA and Dominica, podcasts in the USA, radio interviews and public lectures on Dominica and in the USA, on departmental websites, and public exhibits at the Smithsonian Institution.</abstract>
    <outcomes>The great diversity of flower sizes and shapes on our planet have fascinated biologists for hundreds of years, because to understand the forces that shape this diversity is to understand much of the natural control of diversity of life. One hypothesized mechanism for the generation of differences in flower shape and size is pollinator competition, where competition between two types of pollinators leads to partitioning of floral resources and their subsequent reproductive isolation and divergence in floral shape. The research funded under this award presented the first experimental test of this hypothesized mechanism using sexes of purple-throated carib hummingbirds and their Heliconia food plants in an enclosed garden the size of a basketball court and 10 meters tall on the island of Dominica, West Indies. Experiments supported the hypothesis and demonstrated that hummingbirds partition plants on the basis of floral color and that such partitioning leads to reproductive isolation and divergence in flower size and shape as inferred from powdered dyes used as pollen analogs. Additional experiments established that these birds also partition artificial feeders by color, and that competition between males and females results in reproductive isolation of their natural food sources. This research also capitalized on a natural disturbance, Hurricane Maria, which dramatically reduced hummingbird population sizes to 25% of their pre-hurricane levels and provided novel insights on the evolutionary impacts of a hurricane on floral traits and their bird pollinators. Patterns of natural selection on floral traits were altered from those observed prior to the hurricane. Hummingbirds of both sexes that survived the hurricane were smaller in size, presumably because small size was favored as a result of reduced food supplies. Surviving males had significantly longer bills, presumably because longer bills were an advantage for feeding from long-flowered plants that were the only available resource following the hurricane.     This research resulted in the training of five undergraduates in ecological, behavioral, and evolutionary analytical methods, including experimental design, statistical analyses, and techniques of pollination biology. Four of these students produced senior honors theses from this work and are included as co-authors on publications. Two graduate students and one post-baccalaureate student also were mentored during this research. The work was shared through five public presentations in the United States and in Dominica, including a televised lecture in that country. It was also profiled in popular magazines.       Last Modified: 12/08/2020       Submitted by: Ethan J Temeles</outcomes>
</award-details>",software-not-produced,BIO-False,software-produced
1458641,BIO,BIO,"<award-details>
    <title>Collaborative Research: ABI Sustaining: The National Center for Genome Analysis Support</title>
    <abstract>The study of genomes is a critical and rapidly growing component in understanding the variability of life, biological functions, population dynamics, and how organisms respond to external influences.  Genomics has qualitatively improved our ability to investigate biological dynamics and to make important discoveries that are the foundations for understanding topics such as environmental change, developing and protecting crops, and improving health outcomes. Genome analysis, however, is a significant challenge for the practicing biologist.  Most biologists who need to undertake genome science are not sufficiently expert in the relevant analytical tools, or understand the complex workflows required to get from the initial data generated by sequencers to a biologically meaningful analyzed result. In addition, few have access to the supercomputing resources and large-scale storage required for processing and managing genomics data.  The National Center for Genome Analysis Support (NCGAS) addresses these challenges by providing an integrated service comprised of expert consulting and educational services, hardened and optimized software available through easy to use web-based workflow management tools, large memory supercomputers, and large scale data storage and publishing facilities.  These resources are particularly useful for researchers from smaller, and minority serving, institutions that typically do not have access to the required expertise and cyberinfrastructure, yet whose investigations are equally important. Since its inception in 2011, the NCGAS has supported over 80 research projects representing over $61M in funded research.  It engaged in 51 training events that served 691 individuals, of which 241 were from traditionally underserved populations.    The NCGAS (http://ncgas.org) was established in 2011 through a National Science Foundation ABI development award to help the national research community complete genomics research that requires data management and computational infrastructures at scale.  NCGAS is a partnership among the Indiana University Pervasive Technology Institute, the Pittsburgh Supercomputing Center, the Texas Advanced Computing Center, and the San Diego Supercomputing Center. It meets the technology challenges of modern genome science by providing excellent bioinformatics consulting services for genome analysis, particularly genome and transcriptome assembly, including research design, data analysis and visualization. It optimizes, supports, and delivers genome analysis software on national supercomputing systems such as those funded by the NSF eXtreme Digital (XD) program and coordinated by the eXtreme Science and Engineering Discovery Environment (XSEDE) and the Open Science Grid (OSG). The NCGAS maintains and supports easy-to-use gateways, including Galaxy web portals, for genome analysis workflows that lower barriers for scientist to create, execute, document, and share genomics analyses. It distributes software tools for genome analysis to research computing facilities and the general research community so that IT managers can more easily install these tools on their systems. It provides long-term archival storage services. The NCGAS provides a digital library resource for the dissemination of data sets, publications, reports, or collections of files that will allow research to be visible and data to be re-used for decades to come. It delivers education and outreach programs on genome analysis, interpretation, and data management to biology faculty and students nationally. These programs will enhance the technology literacy of practicing scientists and help grow the bioinformatics workforce. These services are particularly available to smaller institutions across the country without access to supercomputers, bioinformatics expertise, or training. The NCGAS will enable breakthroughs that would not be possible without advanced cyberinfrastructure support.</abstract>
    <outcomes>The National Center for Genome Analysis Support (NCGAS; NSF Award ID 1458641) is funded to help biologists who would like to use genomic methods to address their research interests. Currently biology (ecology, evolution, physiology, etc.) and medicine (cancer, immunology, infectious disease, etc.) make more and more use of genomic methods to approach their research. Genomic methods include sequencing the genome &ndash; the nuclear DNA in the cell. By sequencing genomes, we learn what genes an organism carries; by sequencing many genomes of a species, we learn what makes individuals unique. NCGAS works with other sequences as well. By sequencing transcriptomes, we learn what genes are expressed in disease, health, and in response to the environment; by sequencing microbiomes, we learn how the bacteria in our environment&mdash;and in and on our bodies&mdash;contribute to the health of our environment, and ourselves.   While the cost of generating sequence has fallen dramatically over the last ten years, the analysis of the resulting sequence is computationally demanding. By this we mean that ""super computers"" are needed, many specialized computer programs are used, how to do the analysis is a special field of its own, and biologists and medical researchers are rarely trained this field. This is where NCGAS steps in to help!   1) NSF funds many super computers around the country appropriate for genomics work, but biologists generally don’t know they exist, nor how to use them. We connect researchers with these computers, and train them in their use.   2) We evaluate and install appropriate software applications onto these computers (a lot more complicated than installing onto a desktop computer) and then train researchers in how to use them.   3) We train researchers in the hardware, the software, and the methods they need to answer their questions. By ""methods"" we mean how to do a genomics experiment&mdash;what sort of data (sequence) can you get, and how can it be used to answer questions&mdash;we do this via direct consulting, workshops, educational blogs, a web site, and social media.   The grant that just ended was a Sustaining award&mdash;to continue what we were doing in a previous grant&mdash;and we just started a second Sustaining award, to keep doing it.   The intellectual merit and broader of impacts of our work is in the accomplishments of others whom we have aided.  Over the last ~8 years we have helped hundreds of biologists to do their science&mdash;something we are very proud of.  Below is a graphic that includes only some of the species our clients work on.          Last Modified: 01/03/2020       Submitted by: Thomas G Doak</outcomes>
</award-details>",software-not-produced,BIO-False,software-produced
1565962,CISE,CISE,"<award-details>
    <title>CRII: SCH: Brain-Body Sensor Fusion: Merging Neuroimaging With Full-Body Motion Capture</title>
    <abstract>Title: CRII: SCH: Brain-Body Sensor Fusion: Merging Neuroimaging With Full-Body Motion Capture  PI: Kunal Mankodiya    This proposal is to establish a cyber infrastructure to detect and visualize the brain's activities while the human body is in motion, performing various limb movements. Any disturbance in the brain-body functional coupling affects one's ability to move efficiently, causing various movement disorders such as Parkinson's disease that is the second most common neurodegenerative disorder, affecting 4 million worldwide. Acquiring deepened understanding of such movement disorders demands to study brain activity and body movements simultaneously. Due to technical constraints, traditional brain scanners such as functional magnetic resonance imaging (fMRI) require the body to remain horizontal and motionless during scanning periods. Moreover, fMRI is bulky and immobile, providing one image per second, while the brain's activity occurs at a much faster rate. Hence, there is a limited knowledge of brain dynamics that are coupled tightly to body's mobility behaviors. In recent years, ""functional near infrared spectroscopy (fNIRS)"" is emerging as a portable, optical neuroimaging device that provide greater benefits compared to the bulky counterparts such as fMRI. The PI takes the fNIRS technology one step further by integrating it with the maturing technology of body sensor networks (BSN) to quantify brain-body connectivity.     The project aims to establish a medical cyber-physical system (mCPS) delivering the system integration of fNIRS and BSN. Specifically, the project mainly explores the following directions: System Integration: The mCPS is a system integration aggregating two complex subsystems (20-channel fNIRS system and 17-sensor body motion suit) to produce a unique interface delivering the overarching functionality of motion-tagged neuroimaging. Challenges in this project emerge from the heterogeneity of system components and interactions among them. In this work, system integration takes place into three forms: 1) ""hardware integration"" for centralizing the multimodal sensor data, 2) ""data integration/fusion"" for conditioning and fusing multi-dimensional task-level signals, and 3) ""presentation integration"" for combined visualization of brain and body behaviors. Motion-Tolerant Neuroimaging: It is expected that fNIRS neuroimaging data will face challenges of motion artifacts. Brain activity data would largely be superimposed by the mechanical vibrations traversed to the scalp due to the body movements. The PI explores harmonic sum models to rectify motion-affected brain activities to extract the more accurate hemodynamic response of the brain in mobile settings. A Clinical Screening Interface for Neurologists: The PI collaborates with a neurologist specialized in treating Parkinson's disease. The end result will be a clinical tool for physicians to screen the motor exams of patient with Parkinson's disease. The clinical tool is aimed at providing quantified data of motion and brain's cortical activities displayed side-by-side for the improved diagnostic screening of Parkinson's disease.</abstract>
    <outcomes>Brain Body Sensor Fusion was a 2-year project supported by NSF CISE Research Initiation Initiative. This project was conducted at the University of Rhode Island. The overall objective was to establish a cyber infrastructure to simultaneously collect the multi-channel data from a portable brain monitor and a full-body motion capture system. The project was aimed to assist the interventions of Parkinson?s Disease.    The project outcomes are summarized in three parts:  1) Integration of Brain and Body Monitoring Systems: We developed, validated, and experimented a data acquisition system that could collect multi-channel sensor signals from commercial devices - functional near infrared spectroscopy brain monitor and inertia-based full-body motion capture system. The data acquisition system was designed after a thorough investigation in the area of system integration and software engineering. The latest software is a one-click interface taking care of connecting, initializing, and gathering the data from two complex systems.    2) Integration of Brain and Body Data: When the data from two systems are centralized and stored, they need to be analyzed for the measurement of how the body and brain are synchronized. The data arriving from both systems are inconsistent because the sensors are sampled at a different speed. We designed signal processing algorithms to synchronize the data.     3) Visualization of Brain-Body Data: We also developed a visualization interface presenting the data from brain and body simultaneously side-by-side. This interface designed using graphics and animation software is helpful for neuroscientists who study movement disorders and are interested in learning about brain-body synchrony.    The project also involved a data collection study from human participants including healthy individuals and Parkinson?s patients. The preliminary analysis of the data suggests that the data acquisition system could show differences in brain-body synchrony between Parkinson's patients and healthy individuals. In-depth analysis of the study data is underway.                Last Modified: 09/27/2018       Submitted by: Kunal Mankodiya</outcomes>
</award-details>",software-not-produced,CISE-False,software-produced
2023474,GEO,other,"<award-details>
    <title>Collaborative Research: Patterns, causes, and consequences of synchrony in giant kelp populations</title>
    <abstract>Populations of organisms located in different, often far-apart places can change over time in similar ways. This natural phenomenon, known as synchrony, is important to many issues affecting societal well-being, such as those in medicine, public health, conservation, and natural resource management. For instance, synchrony is critical to the persistence, stability, and resilience of plant and animal populations, and can have cascading effects on biodiversity, ecosystem function, and associated benefits to society. However, many aspects of synchrony are poorly resolved. For example, understanding the influence of multiple potential drivers of synchrony—such as climatic events and predators—has been a longstanding challenge in ecology. Moreover, the causes of synchrony may change over space, time, and timescale (e.g., annual vs. decadal synchrony), but this potential is rarely explored, especially in marine ecosystems. The consequences of synchrony for the dynamics of diverse ecological communities, and the potential for synchrony to have cascading effects across ecosystem boundaries (e.g., from sea to land), are also understudied. Addressing these gaps is especially pressing because growing evidence indicates that climate change may alter patterns of synchrony, potentially leading to diminished spatial resilience of ecosystems. This project studies coastal kelp forests and sandy beach ecosystems to address several current gaps in the understanding of synchrony. The project generates knowledge to improve the understanding of these economically-valuable environments and the many organisms that they sustain. Broader impacts extend through the mentorship of researchers across career stages and student training in coastal ecology and data science. To improve educational opportunities for students from groups underrepresented in science, the project creates a Coastal-Heartland Marine Biology Exchange, in which undergraduates from the Midwest travel to California to carry out coastal field research, and undergraduates from Los Angeles interested in marine biology travel to Kansas to learn biostatistics. To benefit the management of kelp forests in California that have suffered dramatic declines in recent years, workshops will be hosted with coastal managers, conservation practitioners, and other stakeholders to identify restoration sites to enhance regional recovery, stability, and resilience. Methods, software, and data that are useable across scientific disciplines are published online following reproducible and transparent standards.    The objective of this project is to investigate the patterns and causes of synchrony in giant kelp (Macrocystis pyrifera) forests and the consequences for coastal ecosystem structure and function. By integrating and leveraging numerous long-term, large-scale datasets and analyzing them with new statistical techniques, the investigators  assess how oceanographic conditions, propagule dispersal, and sea urchin herbivory interact to structure the synchrony and stability of giant kelp populations over the past 36 years across 10 degrees of latitude in the northeast Pacific Ocean. New wavelet modeling tools and other statistical techniques are used to quantify the drivers of synchrony and how they operate across geography, time, and timescales. Using a 20-year spatial timeseries of reef biodiversity, it will be determined how giant kelp and other factors induce synchrony in a speciose community of understory algae through ‘cascades of synchrony’. Moreover, the team tests the degree to which giant kelp synchrony propagates across ecosystem boundaries to sandy beaches through the transport and deposition of allochthonous organic matter (kelp wrack), and how such spatial subsidies produce bottom-up cascades of synchrony to beach invertebrates and shorebirds.    This award reflects NSF's statutory mission and has been deemed worthy of support through evaluation using the Foundation's intellectual merit and broader impacts review criteria.</abstract>
    <outcomes>None</outcomes>
</award-details>",software-not-produced,other-False,software-produced
1916555,BIO,BIO,"<award-details>
    <title>Collaborative Research:  Temperate radiations and tropical dominance: the diversification and evolution of the plant clade Ericales</title>
    <abstract>The tropical forests that circle the equatorial belt of Earth are home to vastly more plant species than the temperate zones that extend toward the poles. Biologists have tried to explain the difference in biodiversity between tropical and temperate regions for centuries, but efforts have been hindered by limited data, particularly among plant groups. Nevertheless, understanding these worldwide patterns is fundamentally important to understanding these patterns in natural systems in the U.S., where plants play a key ecological and economic role. This research will provide a detailed study of a diverse and globally distributed group of plants, known as the Ericales, that includes a variety of economically important species such as blueberries, kiwi fruit, persimmon, Brazil nut, timber woods (e.g., ebony), azaleas, rhododendrons, and even carnivorous plants. These newly collected ""big data"" resources will allow researchers to discover genetic and morphological factors that contribute to the origin and maintenance of the biological diversity in Earth's forests. This research will also promote the training of the next generation of young STEM researchers to be fluent in application of computational and plant genomics resources to challenges facing the nation.    The staggering diversity of tropical plants contributes to a latitudinal diversity gradient of increased species richness towards lower latitudes; a pattern found across the tree of life. Despite the significance of tropical biomes and the evolutionary/ecological importance of movements across, into, and out of tropical latitudes, the sparse sampling of species for both DNA sequences and morphological traits has inhibited progress in addressing major evolutionary questions regarding the origin, diversification, and niche evolution of lineages with temperate and tropical transitions. This research is positioned to overcome these limitations, using the diverse and ecologically important plant clade Ericales as a case study. The researchers will use transcriptome and targeted-capture sequencing to resolve phylogenetic relationships and characterize gene and genome evolution within the Ericales at an unprecedented scale to produce a robust species-level phylogeny combined with paleobotanical data, morphological traits (including habit and floral), and information regarding species niche to evaluate the intrinsic and extrinsic correlates of tropical and temperate diversification. They will conduct analyses that address specific questions of broad interest: 1) What are the major drivers of diversification and evolution between the temperate and tropical lineages? 2) Do adaptations to new environments lead to faster rates of both molecular evolution and diversification? 3) Are differences in rates of evolution between lineages in different biomes and different elevations reflected in individual species geographic and niche evolution patterns? 4) What biogeographic histories and adaptations underlie the highly diverse and threatened tropical montane biomes?    This award reflects NSF's statutory mission and has been deemed worthy of support through evaluation using the Foundation's intellectual merit and broader impacts review criteria.</abstract>
    <outcomes>PROJECT OUTCOMES REPORT   The Ericales represent more than 4% of all flowering plant species diversity (more than 11,000 species in 22 families, comprising ~ the same number of species as birds and nearly twice as many as mammals) and include economically important species such as tea (Theaceae), blueberries and cranberries (Ericaceae), persimmon (Ebenaceae), kiwi (Actinidiaceae), Brazil nuts (Lecythidaceae), sapote (Sapotaceae and Ebenaceae), fine woods including ebony (Ebenaceae), and many ornamental species including primroses (Primulaceae) and rhododendrons and azaleas (Ericaceae). Importantly, Ericalean families exhibit ecological dominance in diverse habitats ranging from boreal and alpine peatlands to tropical rain forests. The clade underwent an early rapid radiation and represents a series of additional, nested radiations, and teasing apart phylogenetic relationships, patterns of migration, and trait evolution has long been problematic.   To better understand the ancestral and nested rapid Ericales radiations, we generated 1572 Gbases of DNA sequence data for 2116 biological samples representing 2000 species that were previously under-represented in national databases. These data have been made publicly available and are being used to build a densely covered species-level phylogeny to address fundamental questions of the origin and diversification of Ericales in both tropical and temperate biomes. Disruption by the COVID pandemic of our timeline for data generation led to delays in completing the lab work for this project, but analyses of subsets of the data have been completed, and a comprehensive analysis of the full clade is now underway (Smith lab). Our work disentangled relationships and diversification in one particularly enigmatic family, Primulaceae (Larson et al. 2023, Molecular Phylogenetics and Evolution). Data generated for the large, complex genus Vaccinium (blueberries and cranberries) have been used to tease apart relationships, biogeography, and character evolution in the genus (Becker et al. in prep.-a), the origin of the Hawaiian clade of Vaccinium (Becker et al. in prep-b), and the radiation and morphological diversification of Vaccinium on the Hawaiian Islands, a study with important conservation implications (Becker et al. in prep-c). Anna Becker contributed the results of some of her work on Vaccinium in two oral presentations at Botany 2023 in Boise, ID. This project has helped to further the training of a PhD student (Becker) in the College of Liberal Arts and Sciences and Florida Museum of Natural History at the University of Florida and a research faculty member (Chanderbali) of the Florida Museum. This award has also extended training and development opportunities to undergraduates, visitors, graduate students, post-doctoral researchers, and professors at the University of Florida.     Last Modified: 12/03/2023       Submitted by: AndreSChanderbali</outcomes>
</award-details>",software-not-produced,BIO-False,software-produced
1207389,MPS,MPS,"<award-details>
    <title>Collaborative Research: On-The-Fly free Energy Parameterization in Molecular Aimulations</title>
    <abstract>TECHNICAL SUMMARY    This award supports computational and theoretical research and education with an aim to develop a new method for extracting free energies from molecular dynamics simulations. The method is based on temperature-acceleration, wherein free energy gradients in some desired set of collective variables are sampled in a running molecular dynamics simulation while simultaneously driving those collective variables over free energy barriers that would otherwise render traditional molecular dynamics ineffective. These gradients are used as inputs into an optimization procedure that minimizes the error associated with gradients of an analytical free energy.    The major thrusts of the research are: (1) benchmark the performance of the method against alternative approaches for computing coarse grained potentials, such as iterative Boltzmann inversion and force-matching, (2) developing the method as a tool for deriving potentials of mean force for multiscale polymer molecular simulations, and (3) developing the method as a means of statistical evaluation of large-scale protein conformational sampling.    The method is formulated in a general way and is therefore expected to be applicable broadly to almost any desired collective variables. This project will be devoted to developing this method particularly for applications involving deriving effective coarse-grained potentials for multiscale simulations and to the study of conformational statistics of large biomolecules. All simulation codes developed in this project will be made freely available to the community.    This award also supports training and mentoring of underrepresented students in state of the art computational and numerical methods.    NON-TECHNICAL SUMMARY    This award supports computational and theoretical research and education with an aim to develop a new method of extracting information from computer simulations.  Whether in designing new drugs or new materials, or simply trying to understand how nature works, computer simulations are important in understanding how matter behaves at the molecular level. Bringing molecular-level understanding into the realm of everyday perception requires statistical approaches that are not always straightforward and often computationally quite expensive. This award supports developing a new statistical method for extracting information from molecular-level simulations. The method is potentially much more efficient than existing approaches. The research will develop and apply this method to test systems relevant for biological and materials applications. The project could significantly reduce the cost associated with obtaining high-quality information from simulations at the molecular level that at the intersections of chemistry, physics, and biology. All simulation codes developed in this project will be made freely available to the community.    This award also supports training and mentoring of underrepresented students in state of the art computational and numerical methods.</abstract>
    <outcomes>All-atom molecular dynamics simulations are important tools for understanding and using the atomic nature of matter, from engineering new materials to unraveling the molecular building blocks of life.  However, despite the impressive and continually improving computational power of modern supercomputers, molecular dynamics simulations remain severely limited in their ability to sample the vast spectra of possible atomic arrangements with enough statistical accuracy to make predictions of how molecular structures give rise to observable properties and behaviors.  This project makes a major step forward in tackling this limitation by developing a new enhanced-sampling algorithm which, when combined with traditional all-atom molecular dynamics simulations, provides accurate predictions of how molecular systems behave when viewed in terms of macroscopically relevant collective variables.   The intellectual merit in this project rests in the development of our method, termed ""on-the-fly free-energy parameterization"" (which we abbreviate OTFP), and the demonstration that it outperforms leading competitor methods in terms of how much computational effort is required to generate accurate predictions of statistics of collective variables within all-atom molecular dynamics simulations.  We successfully challenged our method to predict the propensity of a particular part of the human prion protein to unfold, hypothesized to be an initiating step in the progression of transmissible spongiform encephalopathies (TSE?s).  Indeed, with OTFP calculations we were able to rationalize why a particular position on the prion protein sequence, position 129, is apparently so important in determining what type of TSE a person might acquire, providing a new link between decades? worth of genetic and protein-structural research.  The outcomes are embodied in four journal publications and several contributed and invited presentations.  Improvements to the OTFP method continue beyond the lifetime of this project, and all are cataloged in a publicly accessible github repository which includes tutorials and examples.  In particular, we have shown how to improve the accuracy of OTFP predictions by merging it with replica-exchange molecular dynamics, and are currently expanding OTFP into two-dimensional collective variables, which will greatly broaden its applicability.  The method could potentially be used for measuring defect formation free-energies in soft materials and small-molecule binding free-energies to biomacromolecules.          Last Modified: 11/29/2016       Submitted by: Cameron F Abrams</outcomes>
</award-details>",software-not-produced,MPS-False,software-produced
1709060,MPS,MPS,"<award-details>
    <title>Coherent Multidimensional Spectroscopy of the Oxygen Evolving Complex in Photosystem II</title>
    <abstract>With support from the Chemical Measurement and Imaging Program in the Division of Chemistry, Professor Wright at University of Wisconsin continuously develops coherent multidimensional spectroscopy (CMDS) by expanding its capability of measuring molecular motions.  CMDC is a spectroscopic technique to fingerprint a molecule, which helps scientists to distinguish different molecules present in complex samples.  In this project, Professor Wright uses a pair of laser pulses to create specific responses from different electrons in a molecule and then follow the change of their energy levels over a very wide range of time scales.  He then uses this technique to study how vitamin B12 works and how green plants use sunlight to make oxygen at the molecular level.  Studying these two questions could help us to better understand how human body works and how to harness solar energy more effectively.  Professor Wright also works with an instrument company on the commercialization of the CMDS technique by reducing the cost and make it easier to use by other scientists. Through this project, Professor Wright provides research opportunities to graduate, undergraduate, and secondary school students.  He is also passionate about using active learning methods to prepare future STEM students for better national competitiveness and works closely with summer students from Spelman College.     Professor Wright's project has two specific goals - understanding the enzymatic mechanism for vitamin B12's catalysis of ethanolamine degradation and the mechanism by which the oxygen evolving complex in photosystem II makes oxygen.  The vitamin B12 mechanism serves as a model for understanding enzymatic reactions.  The OEC mechanism is one of the grand challenges of chemistry, particularly for developing solar energy.  For both systems, Professor Wright uses CMDS to create quantum mechanical superpositions of vibrational and electronic states that provide the selectivity and structural details required to define the mechanisms with quantum state resolution.  Specifically, he is working to (1) develop a pump-CMDS probe to create a 3D spectrum; (2) to study the Co-C bond cleavage in a cobalamin-ethanolamine ammonida lyase (EAL)-ethanolamine (EA) complex to investigate the enzymatic reaction converting ethanolamine to acetaldehyde and ammonia; and (3) to characterize the electronic and vibrational states of oxygen evolving complexes (OEC) in photosystem II to understand the water oxidation mechanism. In addition, Professor Wright (1) continues his development of active learning methods in undergraduate and graduate courses; (2) works with students from Spelman College through a REU program; and (3) plans to disseminate CMDS through web site tutorials, educational materials, publications and conferences.</abstract>
    <outcomes>The original invention of the laser (1960) was greeted with great excitement because it provided light waves that oscillated like the radio waves used in nuclear magnetic resonance (NMR). It would create the optical analogue of NMR. The coherent oscillation of radio waves was the key property that allowed NMR to see the coupling between molecules that control almost every property essential to science, technology, and medicine. This capability has therefore allowed NMR to become a dominant methodology in the world today, the most familiar being magnetic resonance imaging (MRI) in radiology. However, NMR?s capabilities are strongly limited because it has a very narrow range of frequencies and is therefore sensitive only to hydrogen, carbon, nitrogen, and a few other nuclei. Furthermore, it is not capable of measuring low concentrations. Lasers generated great excitement because they created coherent oscillations of light that ranged over the entire electromagnetic spectrum from x-rays to far infrared and allowed measurements at trace concentrations. That would allow it to be sensitive to everything. That promise, however, has not yet been kept.  In ~2000, scientists, including ourselves, succeeded in creating an exact NMR analogue. Even though this analogue could be used throughout the  electromagnetic spectrum, its range of frequencies at any point in the spectrum was just as limited in range as NMR. Nevertheless, it has allowed detailed study of chemical dynamics at ultrafast time scales and it has become a dominant methodology in physical chemistry. The fundamental difficulty encountered lies in the method itself. NMR and the optical analogues differ widely in the range of interest- very narrow for NMR and very wide for an optical analogue. So, copying the method used in modern NMR also doomed the optical analogue to very narrow spectral ranges. That has strongly limited its applications to ultrafast dynamics.  The research in our NSF program has succeeded in developing a different approach that uses the original method of NMR, namely scanning the laser frequencies across the entire range from the x-ray through the infrared. This  method is based on creating a quantum mechanically entangled Floquet state. A Floquet state is a mixture of vibrational and electronic states that are being forced to coherently oscillate at their individual frequencies by lasers that are tuned to their resonances. The resonances are much like simultaneously pushing children on swings, each at their resonant frequencies. Our methodology has now succeeded in extending the analogue of NMR over the entire visible and infrared regions of the spectrum and has begun the work of disseminating the technology so it can reach the original promise of the laser. There are a number of issues that needed to be addressed to reach the goal of dissemination. The largest impediment was developing a commercial laser system with the capabilities to correct the light pulses for the changes in their direction and positions in time and space so they could interact with each other inside a sample. Working in collaboration with Light Conversion in Lithuania, we build a prototype laser system that both implemented our method and covered the entire spectrum from the ultraviolet to the infrared. That system is now commercially available. We also developed a new instrument control system based on yaq software. The yaq project was developed through a collaboration with Bluesky, a DOE program for controlling highly complex instrumental systems. The project defines a new general-purpose standard for hardware control. The standard has some of the powerful features of facility scale standards while remaining simple enough for feasible implementation and maintenance in small research labs. We developed and patented the methods and systems for performing coherent multidimensional spectroscopy and its use for performing femtosecond measurements of dynamics using a multiphoton pump and multidimensional coherent probe. We used this system to study the mechanism by which vitamin B12 controls the function of enzymes in our body.  Its mechanism involves the destruction of a strong bond between a cobalt metal ion and carbon and the question is how the vibrational modes of vitamin B12 can collaborate to cause the scission of such a strong bond. Our work identified the coupling between the vibrational modes that are coupled to the electronic states that are responsible for the cobalt-carbon bond. This work is the first example of how Floquet state spectroscopy can probe and control chemical reactions.  The Broader Impact from this project is the dissemination of a new technology. We have reached the point where dissemination is possible. The next step is demonstrating how the methodology can solve problems in science, technology, and medicine that cannot be solved with other methods. Dissemination often requires developing a ?killer app?. We are collaborating with multiple people to develop such apps. The most exciting is extending our work with vitamin B12 to synthetic chemistry applications where lasers can control chemical reactions.          Last Modified: 11/07/2022       Submitted by: John C Wright</outcomes>
</award-details>",software-produced,MPS-True,software-not-produced
1616928,MPS,MPS,"<award-details>
    <title>Studying Jupiter's magnetospheric response to Io's volcanic activity</title>
    <abstract>Jupiter's innermost satellite, Io, is the most volcanic body in the solar system.  Volcanic activity on Io helps to maintain a tenuous atmosphere that consists of neutral and ionized gas. The ionized component of Io's atmosphere interacts strongly with Jupiter's powerful magnetic field. This interaction causes some of the gas from Io's atmosphere to be transferred to Jupiter's magnetosphere.  This research project will study how the volcanic output of Io affects Jupiter's magnetosphere.  Results from the study will shed light on the physical processes that control mass transfer between planets and their satellites; and on planetary magnetospheres in general.  The project will also support a teacher training workshop that broadens participation in science by reaching elementary and middle school science teachers in low-income and underrepresented communities.    This research project will study variations in Io's volcanic output to identify the mechanisms that drive radial transport in Jupiter's magnetosphere.  The research team will use a 35-cm robotically controlled telescope equipped with a coronagraph to record images of sulfur-ion emission in the Io plasma torus (IPT) every fifteen minutes for several months a year for five years.  They will use the same telescope to record coronagraphic images of the Jovian sodium nebula, which is a proxy for Io's volcanic activity.  In addition, they will use the Infrared Red Telescope Facility to periodically conduct infrared observations of the Jovian sodium nebula, which are a more direct proxy of volcanic activity.  The high quality, high temporal resolution, and long duration of the observations would maximize the chance of recording a response of Jupiter's magnetosphere to a large volcanic outburst on Io.  By measuring the temporal relationships between Io's volcanic activity and the IPT, as well as the IPT's overall brightness and east-west extent, the team will be able to distinguish between the two main mechanisms that are thought to drive mass loading and radial transport in Jupiter's magnetosphere.  The project will also provide new content on Io's volcanism and Jupiter's magnetism to a teacher training workshop.</abstract>
    <outcomes>Jupiter, like Earth, has a magnetic field that combines with ionized material to create the environment around the planet known as its magnetosphere.  A planetary magnetosphere is distinct from the mix of magnetic field and ions that come from the sun, called the solar wind.  Unlike Earth's magnetosphere, which receives a small amount of mass that leaks in from the solar wind, Jupiter receives a large amount of mass (1,000 kg/s) from its highly volcanic moon, Io.  In both cases, the mass diffuses back out to rejoin the solar wind, however, in the case of Jupiter, many more physical processes are detectable due to the large amount of material involved.  Thus, by studying Jupiter's magnetosphere, we can learn about magnetospheric processes that are otherwise difficult or impossible to detect at the Earth.  The process we concentrated on for this project was radial diffusion -- the motion of material from its source at Io to the outer reaches of Jupiter's magnetosphere, where the material leaves and joins the solar wind. To achieve our goal, we constructed the Io Input/Output observatory (IoIO), composed almost entirely of off-the-shelf parts popular with amateur astronomers (Figure 1) to study two gasses that trace their origins from Io.  Neutral sodium forms the Jovian sodium nebula (Figure 2) and singly ionized sulfur collects into a ring-like structure known as the Io plasma torus (IPT; Figure 3).  We then used IoIO to monitor the brightnesses of the sodium nebula and IPT over a 6-year period (Figure 4) as well as the position of the IPT.  The IPT brightness is compared to its position for the first three years of the study in Figure 5. Our study resulted in several new discoveries, the exploration of which are still ongoing.  The first discovery was unexpected and available from a very simple interpretation of Figure 4.  The plots show 1-- 2 brightness enhancements sodium and IPT each 7-month observing period.  By noting that the average brightnesses of the emissions are set by the enhancements, not any quiescent level, we are able to challenge the current scientific paradigm, that holds the material leaving Io comes primarily from the direct change from solid to gas (sublimation) of frosts on Io's surface, a process that is fairly stable over time.  Instead, we see that the majority of the material leaving Io's atmosphere comes primarily from the processes that drive the enhancements in the sodium nebula and IPT emission -- likely some sort of volcanism. Another important discovery, related to the original science goal of our project, is seen by comparing the trends in the top and bottom panels of Figure 5.  Previous observational studies suggested that the trends in the IPT brightness and positions should be related -- the black dots in the top panel and blue dots in the bottom panel should show similar trends in time, perhaps with a slight delay -- because events in the outer magnetosphere were thought to trigger diffusion in the IPT (the ""outside in"" hypothesis).  Theoretical studies, on the other hand, suggested that physical processes within the IPT itself trigger radial diffusion (the ""inside out"" hypothesis).  The IoIO data provides observational evidence in support of the ""inside out"" hypothesis. Finally, our project has broader impacts beyond our science theme in two major ways: (1) We expended PSI's existing Workshops in Science Education and Resources ""Volcanoes of the Solar System"" to include information on volcanoes on Io and offered several workshops each year, with accommodations through remote options during the COVID pandemic.  (2) We modified the software that controls IoIO to enable it to become PSI's general use observatory and conducted several pilot studies, one of which was funded by NASA's Exoplanets Research Program: ""Finding the Next Doomed Worlds."" This project looks for evidence of extra-solar planets spiraling into their host stars.  IoIO has also recorded dramatic images of Mercury's sodium tail, which looks like a comet, as well recording images of the bright comet NEOWISE in sodium (Figure 6).  Many of IoIO's images and results have been featured in widely circulated press releases, inspiring amateur astronomers to record similar images.  We are very grateful for the support NSF has provided for this project and the resulting impact it has had both inside and outside of our field of research.       Last Modified: 11/02/2023       Submitted by: Jeffrey P Morgenthaler</outcomes>
</award-details>",software-produced,MPS-True,software-not-produced
1708884,CISE,CISE,"<award-details>
    <title>International Symposium on Symbolic and Algebraic Computation</title>
    <abstract>The International Symposium on Symbolic and Algebraic Computation (ISSAC) is the premier annual conference to present and discuss new developments and original research results in all areas of symbolic mathematical computation.  In July 2018, ISSAC will be held at the CUNY Graduate Center in July 2018.   This travel award can defray travel and registration costs for selected US-based students and post-docs to participate, and for 3 eminent researchers to present educational tutorials.  Selection criteria can be found via http://www.issac-symposium.org/ several months before the event. The aim is to support junior researchers, especially researchers who are members of under-represented groups, to present their innovative ideas and research results and to interact with their peers, senior colleagues, and researchers from institutions inside and outside of the U.S.     This award reflects NSF's statutory mission and has been deemed worthy of support through evaluation using the Foundation's intellectual merit and broader impacts review criteria.</abstract>
    <outcomes>Summary  This grant supported ISSAC (International Symposium on Symbolic and Algebraic Computation) 2018 and 2019 conferences, which were the 43rd and 44th meetings in the series, which started in 1966 and has been held annually since 1981. The two supported conferences together featured 91 refereed contributed presentations, 6 tutorial lectures, 6 invited presentations, 11 refereed software demonstrations, 31 refereed poster presentations, as well as an ACM Student and Early Researcher Mentoring Session. The 2018 conference was held at the CUNY Graduate Center and New York University. The 2019 conference was held at Beihang University. The video recordings of presentations made at the conferences can be accessed at the YouTube channel of the ACM.  Intellectual Merit  The conference presentations contained highest quality results in symbolic and algebraic computation. The meetings resulted in forming new research collaborations, and new discoveries within the discipline have been made based on presentations. The algorithms and software that were presented at the conferences and that will be produced as a result of new discoveries based on discussions held at the conference could be used by researchers from other disciplines who use computer algebra systems (e.g., Maple, Mathematica, etc.).  Broader Impacts  The project provided more opportunities for junior researchers to interact with each other and with senior researchers who participated in the conference and to learn about the most recent research results and future research directions in the field. 13 junior researchers were supported to participate in ISSAC 2018, and 8 junior researchers were supported to participate in ISSAC 2019.  Both supported conferences had self-contained 3-hour introductory tutorial courses on specific subareas of computer algebra and symbolic computation, given by leading experts of the respective subarea. The level of a tutorial being similar to a graduate course, the tutorials were especially valuable for junior participants.       Last Modified: 01/11/2020       Submitted by: Alexey Ovchinnikov</outcomes>
</award-details>",software-produced,CISE-True,software-not-produced
1817708,BIO,BIO,"<award-details>
    <title>Multiplexing Autonomous Metabolite Valves</title>
    <abstract>Biotechnology promises to provide access to many of the things that society needs, such as medicines, materials and fuels from renewable resources.  This project aims to accelerate these efforts by providing tools to make biological production from microbes more efficient.  Microbes and other biological systems naturally produce a wide range of chemical compounds, though not all are useful for human needs.  Many of these compounds are essential for microbial growth, and their production decreases synthesis of target molecules of interest.  The tools developed in this project will allow for the dynamic control of pathways that are essential for growth and that lead to target molecules.  These control mechanisms will not require a person to make any alterations to the system to switch pathway function, so the system will operate autonomously.  This research will significantly advance the ability to dynamically control metabolic pathways.  In addition to the scientific advancements, this project will facilitate training of one graduate student through the end of her doctoral studies along with at least one undergraduate student.  The PI will also engage in outreach activities with K-12 students, undergraduates in summer research programs in residence at MIT, and female graduate students and post-docs in the ""Path of Professorship"" program.      The goal of this project is to develop multiplexed Metabolite Valves to enable the independent control of two or more genes in a cell without the need for exogenous inducers.  Coupled and independent quorum-sensing systems will be used to construct the circuits.  Multiplexed circuits will initially be characterized using fluorescent reporters, and configurations will be developed that enable both OFF-to-ON and ON-to-OFF switching. Two target pathways have been identified for validating the approach, providing the test cases necessary to demonstrate broad utility of the constructed devices.  Finally, the circuits will be interfaced with CRISPRi actuation to achieve an even higher order of control.  These valves will contribute to the advancement of efforts at the intersection of metabolic engineering and synthetic biology.  The device toolkit will be (i) well-characterized with respect to common variables employed in microbial cultivation and (ii) generalizable across many pathways.  The development of valves to both independently and autonomously control two or more genes will represent a new level of complexity in the design of synthetic gene circuits for metabolic engineering.    This award reflects NSF's statutory mission and has been deemed worthy of support through evaluation using the Foundation's intellectual merit and broader impacts review criteria.</abstract>
    <outcomes>Intellectual merit:  This project extended research funded by the National Science Foundation in two previous cycles on the broad topic of dynamic metabolic engineering.  The overarching goal is to develop biological devices that enable the control of flow (or ""flux"") of chemical substrates through different metabolic pathways.  We have termed these devices ""metabolite valves,"" following the nomenclature used to describe mechanical devices that direct the flow of fluid streams based on opening and closing of said valves.  We previously demonstrated that these valves could be designed to operate autonomously, that is, without user intervention, by co-opting the naturally-occurring quorum-sensing (QS) systems in microbiology, particularly those that utilize AHLs to trigger a change in gene expression.  By implementing the QS valves, we could switch cells between a growth-favored state and a product-favored one, resulting in increases in productivity and yield of target compounds.  The current work was motivated by the knowledge that in natural biological systems, control of flux through metabolic pathways frequently involves multiple regulatory points.  We thus endeavored to incorporate at least two different QS-based control points into the same cell in order to regulate metabolic flux and increase product formation.  We achieved this by integrating Lux and Esa QS systems into a single cell.  Both use the same AHL signaling molecule, but differences in their regulatory mechanisms result in only partial coupling of the responses.  QS control was also applied to a CRISPR-based repression system to facilitate control (in this case, downregulation) of multiple genes from a single regulatory cassette.  This dual-switching system was used to achieve a 140% increase in titers of the model compound naringenin when compared to a single point of control.  The same system was then applied to a co-culture, in which QS regulation was used to modulate the relative amounts of two cell types, each expressing a different part of the naringenin metabolic pathway, by reducing the growth rate of one cell type.  Cell-to-cell communication was also employed to couple transcriptional regulation across cells.  Together, these changes resulted in a 60% improvement in product titers.  In ongoing work, we have investigated pairwise combinations of all known AHL-based systems.  Our results confirm previous observations on the lack of orthogonality for most AHL systems, while also pointing to impacts of vector architecture on the resulting profiles in some cases.  Overall, this work demonstrated the continued utility of dynamic metabolic engineering, and highlighted the challenges encountered with establishing truly orthogonal behavior in QS-based regulatory systems.     Broader impacts:  This project provided partial or full support for two graduate students, both female, who have completed their doctoral studies and are currently employed full-time.  One female undergraduate student was also trained, earning co-authorship on a manuscript.  She is currently pursuing her graduate studies at Stanford University.  Finally, one male graduate student who joined the project mid-way through continues to work on advancing the project’s goals.  The main completed work arising from this project was published in two journals:  Proceedings of the National Academy of Sciences USA (2019) and ACS Synthetic Biology (2020). Two review papers were also published (Current Opinion in Biotechnology (2020), Annual Review of Chemical and Biomolecular Engineering (2021)), outlining advances in and providing perspectives on the state of the field.  This work has been presented at several university seminars and conferences over the period of performance, being well-received each time.  The funded research has highlighted the impact of work in the area of dynamic metabolic engineering, resulting in a significant impact on the broader science and engineering community.          Last Modified: 05/02/2023       Submitted by: Kristala L Prather</outcomes>
</award-details>",software-not-produced,BIO-False,software-produced
1522760,MPS,MPS,"<award-details>
    <title>Algorithms for Inverse Problems that Exploit Kronecker Product and Tensor Structures</title>
    <abstract>In many scientific and engineering applications, it is necessary to solve an inverse problem; that is, to determine quantities defining an object or a system through indirect measurements. The mathematics used to produce images in devices such as X-Ray Computed Tomography (CT) and Magnetic Resonance Imaging (MRI) are excellent examples. The mathematical models describing an inverse problem are often so complicated that it is not possible to find an exact analytical solution, and it is necessary to use an approximation based on a set of simpler equations. However, many equations may be needed; in medical imaging, for example, it is not unusual to compute approximations by solving millions of equations. Additional complications arise because an inverse problem may have infinitely many solutions, or the solutions may change dramatically if there are small errors in the indirect measurements. Thus, additional constraints and mathematical tools (often referred to as regularization) are needed to stabilize the numerical methods. The type and amount of regularization is problem dependent, requiring the algorithms to be able to easily adapt to user and/or problem specifications. The aim of this project is to develop mathematical tools and algorithms that exploit particular mathematical structures (called Kronecker product and tensors) in the matrices associated with equations that make up the inverse problem. Exploiting these structures will allow for better approximations, more efficient algorithms, and better facilitate the incorporation of regularization methods. One targeted application is for inverse problems that arise in image reconstruction for breast cancer detection; advancements in this area would have a clear benefit to society.    Efficient singular value decomposition (SVD) approximation methods for large-scale matrices that arise in discrete ill-posed inverse problems will be developed. The approach will exploit inherent Kronecker product and tensor structures, and will be the basis for a computational platform for the efficient solution of large-scale ill-posed problems. Efficient approaches to solve Kronecker product and tensor structured SVD updating problems will be developed. Iterative methods that can incorporate regularization, sparse and low-rank constraints on the solution will also be considered. The SVD approximations and updating methods developed in this project can be used as tools to obtain approximate solutions of ill-posed inverse problems, as preconditioners to accelerate iterative solvers, or as tools to build solution methods for nonlinear problems. The computational platform, based on SVD approximations, developed will have a broad scientific impact for applications where it is necessary to compute solutions of large-scale ill-posed inverse problems, including astronomy, cosmology, geophysics, microscopy, and medical imaging.</abstract>
    <outcomes>In many scientific and engineering applications, it is necessary to solve an ""inverse problem""; that is, to determine quantities defining an object or system through indirect measurements. The mathematics used to produce images in devices such as X-Ray Computed Tomography (CT) and Magnetic Resonance Imaging (MRI) are excellent examples. The mathematical models describing an inverse problem are often so complicated that it is not possible to find an exact analytical solution, and it is necessary to use an approximation based on a set of simpler equations. However, many equations may be needed; in medical imaging, for example, it is not unusual to compute approximations by solving millions of equations. Uncertainty and noise in measured data provide additional complications.  This project developed several new computational approaches to solve inverse problems, with a particular focus on applications in image processing. The results of the project were described in 10 scientific publications, and disseminated in 21 different presentations at conferences and university seminars in 9 different countries. A major software project involving thousands of lines of computer code was produced, and made publicly available at https://github.com/jnagy1/IRtools. In addition, during the course of this project, the principal investigator supervised 6 undergraduate honors theses (including 3 women and one Mexican American), and 2 PhD students (including one woman).       Last Modified: 10/10/2018       Submitted by: James G Nagy</outcomes>
</award-details>",software-not-produced,MPS-False,software-produced
1727427,SBE,SBE,"<award-details>
    <title>Children's Use of Visual Summary-Statistics for Material Perception</title>
    <abstract>Adults are experts at using visual input to recognize objects, like tools, animals, books, or other common items, and at recognizing materials, like cloth, wood, or plastic. While we know a great deal about how children learn to recognize objects, we know very little about how they learn to recognize materials. This project will help us understand how children's abilities to categorize real-world materials change during childhood, and will establish what information children use for recognition as they get older. Understanding material categorization may illuminate many similar tasks that depend on the same kinds of visual computations. Additional work in this domain will likely reveal important links between material categorization and a wide range of other processes including visual search and visual attention. The abilities that probably contribute to material recognition, such as texture perception, continue to develop until about 10 years of age, but at present, we do not know what is changing. What mechanisms allow children to recognize materials at different ages?     This project will focus on understanding how children at different ages use pure texture information and global image patterns to recognize materials. A sophisticated computer graphics model will make it possible to use images that represent real textures to create stimulus displays that represent artificial textures; the use of artificial textures that have some information missing and other information intact will reveal what features 5- to 10-year-old children rely upon to recognize materials.  Children in these experiments will be asked to categorize presented images by assigning labels to them using a touchscreen interface (naming images as ""Wood,"" ""Stone,"" or ""Plastic""), or will be asked to indicate which of several target images matches a sample image according to the material pictured in the images. Manipulating image appearance using a texture synthesis algorithm will permit evaluation of how children's categorization and matching of natural materials is affected by what information is available.</abstract>
    <outcomes>In this project, we explored how children look at real-world materials like wood, plastic, and metal, and recognize what they are based on the way that they look. To be more specific, we wanted to know if children might use different information than adults to make decisions about materials and how that may change between the ages of 5 and 10 years old. We found out that children do use different information than adults to make these decisions: Unlike adults, who use small and large parts of a picture to decide what something is made of, children seem to mostly use small details to make the same decisions. This means that they make more mistakes than adults and different mistakes, too. Some materials end up being harder to recognize than others, and recognizing materials under different conditions (like a blurry image) can be harder, too. We think this means that children's vision may be different than adults' in specific ways that could affect the way they do many different tasks. Our experiments helped us learn more about how to describe the way children's vision develops, in particular with regard to how they look at textures and use them to make decisions about what things are made of.  Besides providing opportunities for students in our lab to learn more about research, our project also helped us work with students outside of our university. Some of these students were middle-schoolers that we worked with at a summer camp at our institution, and others were Native American students that we worked with in their communities. In both cases, we came up with hands-on lessons about vision science that introduced these students to some of the basic principles of how our eyes and our brains work together to help us understand what we see. We're excited to continue working with students in our community and beyond to share our love of vision science, and this project helped support us while we developed learning experiences for all ages.       Last Modified: 08/11/2020       Submitted by: Benjamin Balas</outcomes>
</award-details>",software-not-produced,SBE-False,software-produced
1807382,MPS,MPS,"<award-details>
    <title>Bridging the Gap Between Observables from Ion Mobility Mass Spectrometry and the Structures of Native Proteins</title>
    <abstract>With support from the Chemical Measurement & Imaging (CMI) Program in the Division of Chemistry and partial co-funding from the Division of Molecular and Cellular Biosciences, Professor Bush and his group at the University of Washington are developing new methods to characterize the structures of biological molecules. State-of-the-art techniques being developed in the Bush lab enable new approaches to these measurements, addressing unmet needs for rapid characterization of the structures, assembly, heterogeneity, quality, and similarity of biological molecules. New theoretical and statistical methods are also being developed and applied to gain insight into the relationship between the gas-phase measurements and the solution-phase structures of the proteins studied. This knowledge will help answer important questions about the structure and function of proteins and protein complexes, which is important for understanding the molecular basis of life and disease. Students working in the Bush lab are trained in measurement science, data science, and communication, preparing them for success in a wide variety of careers, thereby increasing the economic competitiveness of the United States in the fields of analytical instrumentation and biotechnology.  The group is also developing teaching modules to enable exposure of a wide range of students to the concepts underlying their research.    Although ion mobility (IM) mass spectrometry (MS) has many attributes that make it well positioned to fulfill unmet needs in structural biology and biophysics, concerns about the fidelity of solution- and gas-phase structures have inhibited the broader adoption of IM-MS technologies and reduced the confidence in structural models based on IM-MS. The Bush group is working to (1) characterize the effects of charge state on the structures of protein ions; (2) characterize the dynamics of protein ions rearrangements; and (3) increase the information content of current IM experiments and calculations using modern statistical methods. The outcomes of this research will address urgent needs in the IM-MS community by providing detailed knowledge of the structures and dynamics of native-like ions, developing more accurate methods for translating observables from IM-MS experiments into restraints for structural modeling, and developing a general method for translating structural models into accurate predictions of observables. This in turn will enable IM-MS to play a greater role in hybrid structural biology projects and initiatives. Virtual labs will be developed to enable exposure of students to IM-MS techniques even where IM-MS instrumentation is not available.    This award reflects NSF's statutory mission and has been deemed worthy of support through evaluation using the Foundation's intellectual merit and broader impacts review criteria.</abstract>
    <outcomes>The self-assembly of proteins into 'molecular machines' enables cells to perform sophisticated functions that are otherwise inaccessible. There is a growing need for new structural tools to determine how proteins assemble into molecular machines, which is important for developing therapies for human diseases and developing proteins with new functions and properties for industrial applications. Although ion mobility (IM) mass spectrometry (MS) has many attributes that make it well positioned to fulfill these unmet needs, concerns about the fidelity of solution- and gas-phase structures have inhibited the broader adoption of IM-MS technologies and reduced the confidence in structural models based on IM-MS measurements. With support from the Chemical Measurement &amp; Imaging (CMI) Program in the Division of Chemistry and partial co-funding from the Division of Molecular and Cellular Biosciences, Professor Bush and his group at the University of Washington used (1) polarity-dependent measurements and new analysis methods to quantify the differences between proteins, (2) ion chemistry to probe the relationship between solution structures, charge states, and gas-phase structures of proteins, (3) quantitative fluorescence imaging to characterize electrochemistry that occurs during structural MS experiments, and (4) developed methods to characterize molecules and inorganic clusters that interact with proteins involved in cellular homeostasis. The outcomes of this research address urgent needs in the IM-MS community by providing detailed knowledge of the structures and dynamics of native-like ions, which in turn will enable IM-MS to play a greater role in biophysics, structural biology, and biotherapeutics. Aspects of this structural MS research were also integrated  into a class for undergraduate students.       Last Modified: 01/25/2023       Submitted by: Matthew F Bush</outcomes>
</award-details>",software-not-produced,MPS-False,software-produced
1935231,BIO,BIO,"<award-details>
    <title>Collaborative Research:  Bottom-up Construction of a Synthetic Neuron and Programmable Neuronal Network</title>
    <abstract>Building synthetic cells is an exciting area of synthetic biology with opportunities to unravel basic design and organizational principles of cellular life. Dr. Liu and his collaborative team have identified the neuron as a potentially tractable cell to construct from the ground (bottom) up. Neurons convert biochemical signals to electrical dynamics and back to biochemical signals in animals. This project aims to construct a synthetic neuron with a modular design and a programmable synthetic neuronal network capable of recapitulating basic functions of a natural neuronal system. The team's design approach is to take inspiration from what is already known in the make-up of natural neurons, divide them into essential building blocks and construct each building block through the incorporation of proteins and materials, and assemble the established building blocks into functional subunits capable of performing part of neuron or neuronal network functionality. To investigate public perceptions of bottom-up synthetic biology and societal implications of the synthetic neuron, the project will convene deliberative group discussions. The research team is dedicated to breaking new ground in building synthetic cells, co-training the next generation of interdisciplinary scientists, and fostering an informed and participative public.    This research combines experimental and modeling approaches and will address three broad goals of 1) reconstituting action potential and synapses in a single synthetic neuron; 2) engineering a synthetic multi-neuron system with defined network organization; and 3) broadening public benefits and ensuring inclusion in responsible research and innovation on the potentially high-benefit and high-risk synthetic neuron project. Enabled by advances in synthetic biology along with microfluidics, micromanipulation and engineering designs, synthetic neurons will be constructed by incorporating native ion channels and/or engineered proteins with defined molecular composition in vesicles with defined geometry. The collective knowledge generated through this endeavor will advance neuroscience through the elucidation of the minimal components to achieve neuronal functions and how neuronal morphology governs neuronal functions. By developing a de novo mechanism of synaptic communication using engineered proteins and aided with modeling, important new insights will be gained into the design principles of neuronal communication.    This award reflects NSF's statutory mission and has been deemed worthy of support through evaluation using the Foundation's intellectual merit and broader impacts review criteria.</abstract>
    <outcomes>None</outcomes>
</award-details>",software-not-produced,BIO-False,software-produced
1711950,BIO,BIO,"<award-details>
    <title>Genomics of adaptation to agriculture in Striga hermonthica, a plant parasite of cereals</title>
    <abstract>This action funds an NSF National Plant Genome Initiative Postdoctoral Research Fellowship in Biology for FY 2017. The fellowship supports a research and training plan in a host laboratory for the Fellow who also presents a plan to broaden participation in biology. The host institution for the fellowship is Pennsylvania State University and the sponsoring scientist is Dr. Jesse Lasky.     Agronomic weeds pose a serious threat to agricultural productivity, and weed infestations may intensify under changing climates. To better understand interactions between biotic and abiotic stressors, this project investigates mechanisms of specialization to different host crops and abiotic environments in purple witchweed (Striga hermonthica).  Parasitic witchweeds constitute the greatest biotic constraint to food production in sub-Saharan Africa and devastate yields of economically important cereals such as maize, sorghum, millet, and rice.  Broader impacts include generation of new genomic and phenotypic resources to enhance development of resistant crop varieties, training of undergraduate students, and workshops in witchweed bioinformatics targeted to African scientists.  Training objectives include statistical evolutionary genomics, ancient DNA sequencing, quantitative genetics, and experimental plant-parasite interactions.    The main goal of this project is to better understand evolution of crop-parasite interactions across diverse abiotic environments. First, genomic signatures of host-specialization and local adaptation will be identified, using targeted exome sequencing of 200 herbarium specimens collected within the past 150 years from different hosts of origin across East and West Africa. Loci will be identified that exhibit statistical associations with environment and host of origin, with allelic variation that tracks change in regional host crop production over time. For the second aim, effects of abiotic stress on host range will be experimentally evaluated. Seed germination, early host-seeking behavior, and host resistance will be quantified under nitrogen- and water-limitation for 20 parasite populations across 60 genotypes of three agriculturally important host crops: sorghum, millet, and maize.  Genomic and phenotypic resources generated during the project will be publicly accessible through online databases (NCBI; Project Unity, http://phenome-networks.com) and a dedicated project website including instructional materials, code, and molecular protocols.</abstract>
    <outcomes>Pests greatly limit crop production, but we still know little about how crops and parasites coevolve in agricultural ecosystems. In contrast to natural plant communities, parasites in crop fields are usually expected to gain the upper hand in coevolutionary ""arms races"" because genetic diversity of host crops in cultivation is often very limited. This project developed a framework to characterize associations between variation in genomes of traditional varieties of the staple crop sorghum with the distribution of the parasitic weed Striga hermonthica, a major constraint to global food security. We found that parasite occurrence is strongly linked to presence of genetic resistance mechanisms in traditional varieties of sorghum cultivated across Africa.   In addition to highlighting an important role of host adaptation in smallholder farming systems, our approach revealed genes that may be important for resistance to parasites. One gene strongly linked to high parasite occurrence was described in a previous study as causing resistance due to changes in the structure of plant hormones. These hormones, emitted by host roots, are used by parasites to sense hosts, but they are also important for a multitude of other functions. Using genome-editing technology, we found that change in hormone structure led to a growth trade-off, possibly due to downregulation of numerous light-harvesting genes and the importance of the hormone as a regulator of photosynthesis.  Resistance of genome-edited sorghum further depended on parasite population and abiotic environment. These findings emphasize the complexity of host-parasite-environment interactions and the utility of eco-evolutionary perspectives to inform plant breeding.    The research activities supported by this project have had broader impacts including development of interdisciplinary analysis frameworks for understanding host-parasite coevolution, generation of new genomic resources for parasitic plants (whole genome sequencing data for 70 S. hermonthica samples at 10x depth; data currently being analyzed for publication), and fostering international collaboration among researchers from natural history museums, academia, and industry. Support from this Postdoctoral Research Fellowship in Biology enabled the PI to serve as the US-government supported partner on a proposal funded by the USAID PEER program ""Deploying Striga Smart Sorghum: The Last Mile"" to collaborator S.M. Runo (Kenyatta University, Kenya), which will be supported by data and analyses developed as part of this NSF award. The fellow will lead a workshop focused on mapping resistance and virulence alleles in R in Nairobi, Kenya (rescheduled for summer 2021 due to COVID-19).  In addition to advanced training of the fellow in machine learning, spatial ecology, and experimental plant biology, this fellowship supported mentorship of two undergraduate students and two rotating graduate students in bioinformatics and parasitic plant biology.              Last Modified: 05/15/2020       Submitted by: Emily S Bellis</outcomes>
</award-details>",software-not-produced,BIO-False,software-produced
1313789,CISE,CISE,"<award-details>
    <title>EAGER: Demonstrating Decentralized Social Software using Linked Data (Crosscloud)</title>
    <abstract>The Intellectual Merit of this project is the CrossCloud design for a practical, open, federated data base system, based on existing web technologies including Linked Data.  CrossCloud's design solves longstanding database federation challenges in a simple and effective way using the Linked Data vision of RDF data sources which use URLs as object identifiers.  CrossCloud includes a ""data registration"" mechanism to create a distributed search service for data and a vocabulary mapping system to connect applications developed independently with these components.  CrossCloud is decentralized, capable of managing queries and updates from across the internet with no central bottleneck. The Broader Impact of this work begins with making it easier for developers to share users across an industry and then be able to reach a critical mass.  Nearly any situation calling for coordinated work among people can benefit from multi-user software and with CrossCloud changing the software market, the needed solutions can finally be put into widespread use. This EAGER grant proposal is being made at a critical time, as the underlying technologies fall into place and enterprising developers begin to settle into working with mobile devices and cloud infrastructure.</abstract>
    <outcomes>The goal of this EAGER project was to investigate and demonstrate options for shifting the architecture of multi-user software toward decentralization.  This shift will help students, researchers, vendors, and others to create powerful and open software tools for collaboration, coordination, and cooperation, unconstrained by the requirements of centralized services.  At the same time, it should give users more control over their data and reduce vendor lock-in, bringing healthy competition and increasing confidence in the multi-user software market.  The grant ran four years, during which decentralization grew dramatically as a concept in the industry and application development technologies continued to evolve rapidly. Our work on this grant was closely coordinated with progress in the Linked Data/Semantic Web technology stack, particularly its application to decentralization through the W3C Social Web Working Group. In this context, we primarily explored and developed two fundamental architectural concepts throughout this period of change:  1. The Datapages Architecture provides a model for web application developers to work with simple, familiar JSON-style objects, while also having the data synchronized across devices, servers, organizations, and users, with access control and provenance tracking.  We implemented this model in multiple contexts and partially validated it with a variety of demonstration applications in these contexts. The model is a variation on the RDF/Semantic Web model, intended to be easier for software developers to use, particularly with its inclusion of features needed for building practical decentralized applications.  2. The use of natural language Template Sentences for structured data provides a novel alternative to vocabulary definition documents and ontologies. This approach addresses major barriers to the adoption of Semantic Web technologies, where developers wait for stable, properly hosted vocabularies with a long-term-support commitment, but there is insufficient motivation to develop high-quality vocabularies and support them until there is a successful application base. Template sentences address this by dramatically lowering the cost of revision, making iterative development more practical and eliminating the need to trust a central authority for each vocabulary.  Finally, we had the insight that decentralized applications can be built on top of existing social networking platforms, making use of existing online social graphs, established user identities, and existing authentication mechanisms.  Doing so should provide a simpler, more comfortable, and more trustworthy user experiences, while the use of Datapages and Template Sentences makes the process simple for developers.  We implemented this, combining all these elements into a demonstration system we call SocDB (for ""Social Database"").  SocDB provides Datapages service to applications while sharing the actual data via existing social networking systems (Twitter, in our initial version).  With SocDB, JSON-like application data is encoded for sharing using template sentences, so that it remains completely open and self-documenting, welcoming to interoperable implementations and free from key vocabulary and data-format management issues.  This work is likely to affect society broadly, as centralized multi-user software is now heavily used in nearly every industry and by individual consumers, with increasing investment and still unmet potential. Though our software is not yet sufficiently stable for deployment, including commercial or serious scientific application, we are confident the transition to a decentralized multi-user software will significantly impact society by increasing healthy competition in the market, giving purchasers (including governments, businesses, universities, and individuals) greater selection and the freedom to move between products from different providers.       Last Modified: 02/21/2018       Submitted by: Timothy J Berners-Lee</outcomes>
</award-details>",software-not-produced,CISE-False,software-produced
1655280,OIA,other,"<award-details>
    <title>RII Track-1: CPU2AL: Connecting the Plasma Universe to Plasma Technology in Alabama</title>
    <abstract>Non-technical Description  Plasmas - a state of matter consisting of a collection of electrically neutral atoms, molecules, as well as partially or fully ionized particles - make up more than 90% of the observable universe and underpin several high-tech manufacturing industries. Familiar forms of plasma include the sun, stars, lightning, neon signs, television screen displays, welder?s torches, and rocket exhaust. This project will improve understanding of plasma processes and interactions. This knowledge will be used to develop new technologies for aerospace, manufacturing, medicine, agriculture, and food safety. The research includes prediction and preparation of novel materials that have unique electronic, optical, mechanical, and biological properties. Applications include prosthetics and plant seed and food disinfection. The project will share resources and leverage partnerships among Alabama institutions of higher learning and industries as well as establish national and international collaborations to strengthen the research capacity and to build and train an inclusive workforce in plasma science and technology.    Technical Description  This project will combine experimental, theoretical, and computational approaches to understand, predict, and control low temperature plasma (LTP) processes and properties. The goal is to improve understanding of plasma kinetics, collective processes such as turbulence and self-organization, and plasma interactions with solid, liquid, biomaterials, as well as plant seeds and food. Kinetic and fluid descriptions of the LTP constituents in space, laboratory, and industrial plasma and diagnostics to measure plasma properties in LTP far from equilibrium will be developed. For collective processes, waves, instabilities, nonlinear processes, turbulence, and self-organization in LTP will be modeled and efficient numerical algorithms for collective effects that influence microwave, THz, and laser-produced plasma will be developed. The research on interactions will focus on large-area deposition of novel super-hard structures and understanding plasma interactions with biomaterials. CPU2AL will facilitate plasma science and technology related programs that reach all levels of education. These include: faculty, postdoc, and student exchanges among all participating institutions, industry internships, summer undergraduate research programs with international opportunities, cross-institutional courses, workshops and training sessions for industry workers, and open houses with student poster and K-12 teacher training sessions.</abstract>
    <outcomes>The National Science Foundations EPSCoR Research Infrastructure Improvement (RII) Track-1 project, Connecting the Plasma Universe to Plasma Technology in Alabama (CPU2AL) (OIA-1655280) project was a statewide collaborative effort that sought to understand, predict, and control the transfer of power from electromagnetic fields to electrons, ions, atoms, molecules, and surfaces, and chemical reactions in in low-temperature plasma (LTP) and on surfaces. The project, led by the University of Alabama in Huntsville (UAH), is a consortium of nine Alabama (AL) universities including Auburn University (AU), the University of Alabama in Birmingham (UAB), Tuskegee University (TU), the University of Alabama (UA), Alabama A&M University (AAMU), the University of South Alabama (USA), Alabama State University (ASU), and Oakwood University and an industrial partner, Computational Fluid Dynamics Research Corporation (CFDRC).   Intellectual Merit   Applications developed by CPU2AL include 1) LTP techniques that modify biomaterial surfaces to be either hydrophobic or hydrophilic, allowing these tailored surfaces to control cellular interactions ; 2) the interaction of an iodine plasma with spacecraft materials to accelerate reaction rates for the attachment of refractory metals; 3) the fabrication of a large area 30 cm x 30 cm microwave plasma chemical vapor deposition system for scale-up synthesis of novel materials; 4) in situ optical emission spectroscopy diagnostics to implement real-time control of the material deposition process; 5) developing atmospheric pressure cold plasma jets and disseminating them among CPU2AL institutions for applications in agriculture, disinfection, and plant physiology, and 6) utilizing LTP to extract useful polymers from waste products. Application of LTP science to agriculture includes 1) the hastening of seed germination and sprouting in turmeric rhizomes, seedling growth, improved plant growth, and high rhizome yields. LTP is a potential green technology for improving crop productivity. 2) reducing the growth of seed-and food-borne pathogens in bell pepper, fresh poultry meat and ready-to-eat cold-smoked salmon, suggesting that LTP might provide a chemical-free agent for seed sterilization and fresh food safety.   Highlights of fundamental LTP research include 1) new plasma sources for the formation and characterization of dusty plasmas and the production of plasmas at atmospheric pressure; 2) experiments characterizing the thermodynamic properties of dusty plasmas using the PK-4 instrument on the International Space Station; 3) developing new experimental and computational capabilities in atomic emission spectroscopy in plasmas, including the purchase of a high performance, portable spectrometer that enabled collaborative measurements between partner institutions; 4) experimental and computational modeling of pattern formation in magnetized plasmas that enabled scaled ionospheric plasma studies; 5) multi-scale solvers for electron kinetics based on adaptive meshes in phase space for applications to the solar wind, Langmuir probes, and dust charging; 6) an Adaptive Mesh and Algorithm Refinement (AMAR) Framework using grid-based kinetic and fluid solvers with automatic domain decomposition with applications in the solar wind, plasma interactions with liquid interfaces, laser-induced plasmas, and implicit simulations of gas discharges; 7) simulations of plasma stratification in noble gases and clarification of the non-linear and nonlocal effects on ionization waves in DC and AC discharges, and 8) design, delivery, launch and deployment of the JAGSAT 1 CubeSat.   Broader Impacts   Long-term improvements and increased diversity in the Science, Technology, Engineering, and Mathematics (STEM) pipeline and workforce in Alabama through the hiring of 6 new faculty members, 5 of which are women. UAH hired three new Assistant Professors in the Department of Space Science, Auburn University one new faculty member in LTP theory, and UAB two new physics faculty members, both of whom are now tenured and promoted to Associate Professor. Two of the UAB and one of the UAH faculty were awarded prestigious NSF CAREER awards.   Immersive training in LTP-related inter- and intra-disciplinary science and research was provided to numerous undergraduate and graduate students. 64 undergraduate students from Alabama and the Southeastern EPSCoR region participated in CPU2AL summer research internships at the nine partner universities. Alabama companies and CPU2AL provided 20 Alabama undergraduate students with LTP corporate internships.   Multiple STEM outreach events to K-12 students and Science and Technology Open House events for middle school teachers and students were provided throughout Alabama. Scholarships to underrepresented and economically disadvantaged youth and rising eighth-grade girls were provided for the summer Science Matters program and the Tech Trek Camp respectively, both intensive hands-on STEM programs.   For the first time, the CPU2AL partner universities collaborated across multiple fundamental and applied plasma physics fields. Translational research was facilitated by shared equipment and expertise between AU, UAH, UA, and CFDRC plasma science and engineering groups and material science groups at Tuskegee and UAB and agricultural science, plant and food microbiology, and food science groups at AAMU, ASU, Oakwood, and Auburn. The collaboration combined theory, modeling, and experimental validation of LTP, with application to industrial applications, realizing the extraordinary potential of LTP science for transformative technological solutions that address grand challenge problems, advanced manufacturing and materials, biomedicine, agriculture, and food safety.           Last Modified: 12/15/2023       Submitted by: GaryPZank</outcomes>
</award-details>",software-not-produced,other-False,software-produced
2039251,GEO,other,"<award-details>
    <title>EAGER: Collaborative Research: Networking Faculty Seeds for Collective Change in the Geosciences</title>
    <abstract>The PIs plan to create a professional development curriculum that is highly tailorable to an individual's particular institutional context. They seek to recruit 10 Seeding Diversity Fellows from 10 different universities who will then bring on board another two partners to join the team. Each team of three will then identify gatekeeping mechanisms that impede the ability of their particular institution to recruit, retain, and include diverse faculty and students in the geosciences. The proposed curriculum will implement and research an innovative use of social network analysis as a tool for participants to identify potential collaborators so that, together, they can collectively change departmental beliefs and behaviors. The PIs will also develop and research three, new, mixed-reality simulations that combine artificial intelligence with human conversational intuition to teach participants how to manage conflicts while advocating for systemic changes in university and departmental procedures. Building off of the work from the pilot GOLD:GeoDES project, these new simulations will extend beyond individual actions and move more toward coordinating and leveraging social networks to effect institutional change.    The PI's proposed professional development curriculum includes the following two innovations: 1. Helping participants to identify and analyze their social networks to select two additional key individuals with whom to collaborate to change collective behaviors in a department. In the pilot GeoDES project, the PIs recognized that changing collective behaviors of a department is a heavier lift than changing individual behaviors and beliefs. 2. Making use of innovative mixed-reality simulations that combine artificial intelligence with human conversational intuition to teach participants how to manage conflicts while advocating for systemic changes in university and departmental procedures. The project's innovation rests on the idea that changing the behavior of many people within a department requires a robust intervention grounded in strong theoretical foundations that have shown promising results.    This award reflects NSF's statutory mission and has been deemed worthy of support through evaluation using the Foundation's intellectual merit and broader impacts review criteria.</abstract>
    <outcomes>We recruited Fellows from nine different universities. Each university team identified gatekeeping mechanisms that impede faculty or student recruitment ability. We then created a leadership development curriculum that is highly tailorable to an individual's particular institutional context using social network analysis and virtual reality simulations.   Intellectual Merit of EAGER: Using a Bayesian multilevel modeling approach results showed: (1) growth in participants’ (n=21) confidence (self-efficacy) in advocating for diversity, equity, and inclusion (DEI) in their departments from pre- to post-intervention; (2) growth in participants’ confidence in working together with their department to achieve collective departmental DEI goals (collective efficacy); (3) the roots of efficacy beliefs (aside from vicarious experiences) predicted self-efficacy, but not collective efficacy. Also, a social network analysis revealed that people with non-redundant ties (i.e., greater network effective size) had greater collective efficacy. This suggests that those who have more numerous social ties and more diverse social ties (i.e., ties to different communities that do not connect to each other) might be better positioned to effect systemic change than their peers with fewer and/or more tightly-knit social ties. These findings point us toward a strong pathway forward in effecting larger institutional changes &ndash; through the informal relationships that people have in their organization. We applied social network analysis in a novel context by connecting this analysis to predicting the ""readiness"" of a person to making DEI change within an organization.  Broader Impacts of EAGER: Our approach of ""seeding"" collective behavioral change has the potential to shift collective belief and behavior. Because we specifically teach our participants to target policies and unwritten practices that create the culture of a department, and influence the informal social relationships between members of an organization, our approach has the potential to spur and sustain new collective practices that create a more equitable and inclusive geoscience organizational culture. Findings will inform future work on scaling these innovations to more departments/organizations as well as to fields beyond the geosciences and university contexts, and have the potential to alter the spheres of influence of our Fellows such that our project innovations can diffuse widely into other social networks. Our novel application of social network analysis to predicting one’s collective efficacy can be generalized to many contexts, and sets the foundations for using this metric as a way to predict how ""ready"" an organization and individual are to effect larger systemic changes regarding DEI.         Last Modified: 11/01/2023       Submitted by: Jason A Chen</outcomes>
</award-details>",software-not-produced,other-False,software-produced
1912270,CISE,CISE,"<award-details>
    <title>Collaborative Proposal: CRCNS US-German Data Sharing Proposal: DataLad - a decentralized system for integrated discovery, management, and publication of digital objects of science</title>
    <abstract>Scientists collect terabytes of critical data every year. Recently a strong open science movement has generated traction for the beneficial practice of sharing data across laboratories, universities and research institutions. Yet, sharing data is not enough. Data must be shared using standardized formats and accompanied by curated metadata to allow for tracking, search, and organization. Metadata are essential for scientific discovery, as they are routinely used to complete all data analyses. However, to date, most brain projects focus on collecting or analyzing data, not on metadata management. Typical metadata records consist of heterogeneous study descriptions, developed at study release stage, without consistency across records or standard mechanisms to track changes.   This project will increase access to brain data and improve metadata handling by combining two NSF-funded projects. It will develop a first-of-its-kind metadata management system able to track data and metadata distributed across heterogeneous geographical locations, storage systems and data formats. This portion of the project will expand the functionality of a previously funded NSF project DataLad. DataLad will also be enhanced to interoperate with major data repositories such as OSF and Figshare. Furthermore, the project will use the NSF-funded cloud computing platform brainlife.io to create a data and metadata marketplace by gathering data from multiple currently separated repositories into a single ecosystem . The goal is to improve interoperability across open science projects and make data and metadata easily searchable and available for computing on national cyberinfrastructure systems, ultimately advancing scientific discovery by increasing data discoverability, utilization, and publication.     This project will generate various technological advances. The core target will be an extensible system capable of automated gathering of metadata from various domains. It will be comprised of two major components: 1) a set of metadata parser algorithms that extract metadata from datasets and individual files using a flexible JSON-LD based data structure (with the ability to encode controlled vocabularies where available) and 2) an aggregation procedure that merges the aggregated metadata across parsers and stores them into compressed files that are optimized for bandwidth-efficient exchange and can be queried directly, or used as input into SQL or graph databases for data discovery applications. Extracted metadata will be included within the same datasets under Git and git-annex version control for unambiguous referencing and versatile data logistics. In parallel development we will improve interoperability of DataLad with existing data publishing portals (such as Figshare and OSF) by taking advantage of extracted metadata (e.g., Author, Description) to prefill required fields, and also by bundling the entire Git object store within the publication to make such published datasets installable back by DataLad without any loss of information. To make such published datasets discoverable, we will establish a crowd-sourced registry (with a RESTful API) which will get announcements on the availability of new datasets upon publication and aggregate their metadata to enable querying across datasets and data hosting providers. The final development will be the integration of DataLad within the brainlife.io data marketplace. This will make it possible to search and install datasets on brainlife.io as well as to process the data utilizing the brainlife.io analyses Apps on various NSF-funded national cyberinfrastructure high-throughput computer systems.    A companion project is being funded by the Federal Ministry of Education and Research, Germany (BMBF).    This award reflects NSF's statutory mission and has been deemed worthy of support through evaluation using the Foundation's intellectual merit and broader impacts review criteria.</abstract>
    <outcomes>None</outcomes>
</award-details>",software-not-produced,CISE-False,software-produced
1948857,GEO,other,"<award-details>
    <title>Collaborative Research: OpenTopography - A cyberinfrastructure facility for advancing geoscience research and education</title>
    <abstract>This project will continue support and development of the OpenTopography cyberinfrastructure platform that provides web-based access to high resolution topography from airborne light detection and ranging (lidar), terrestrial laser scanning, radar, and photogrammetry at a range of scales in support of surface Earth process research, training, and education. The availability of high resolution digital topographic data and shallow water bathymetric data has been revolutionary for Earth and environmental sciences and engineering, contributing to the study of Earth surface processes (e.g., earthquakes and volcanos, landslides, riverine sediment transport), vegetation dynamics, and human modification of the Earth's surface. This project will enhance access to data and processing tools that improve efficiency and economic competitiveness, in addition to continuing to facilitate the use of OpenTopography resources in K-12, undergraduate, and graduate STEM education.     The community-focused OpenTopography data facility will continue to grow the amount of high resolution topography data available to the community and expand data access pathways and processing tools, while also strengthening interoperability and ensuring scalability via cloud and high performance computing in order to meet the growing demands of the Earth science research and education community. OpenTopography will also continue its education and training efforts by conducting workshops and training courses along with building supporting tools like computational notebooks and reproducible workflows. These computations and analyses will support academic, educational, and applied use and reuse of the OpenTopography data holdings. Detailed usage metrics will be captured to demonstrate the impact of the resource and return on investment of the data.    This project is jointly funded by the Geoinformatics and the Geomorphology and Land Use Dynamics programs in the Division of Earth Sciences.    This award reflects NSF's statutory mission and has been deemed worthy of support through evaluation using the Foundation's intellectual merit and broader impacts review criteria.</abstract>
    <outcomes>None</outcomes>
</award-details>",software-not-produced,other-False,software-produced
1556370,BIO,BIO,"<award-details>
    <title>IDBR: TYPE A:   Instrument to extract and quantify soil-borne, parasitic nematode pests of agricultural crops</title>
    <abstract>An award is made to Iowa State University (ISU) to develop an automated instrument that can extract and quantify nematodes (roundworms) from soil samples.  Identifying crop nematode infestation with a quick and reliable soil analysis technique is possibly the Holy Grail in plant nematology. In this context, an automated instrument to determine cyst nematode egg numbers will be truly appealing for farmers, plant scientists, and agribusinesses. Knowing the nature and level of cyst nematode infestation in a field will help the farmer monitor the effectiveness of and plan for better pest management strategies, thereby improving soybean productivity. The instrument technology will be disseminated through extension talks to Iowa farmers and agribusiness personnel, online newsletters, videos on educational websites, and demonstrations at scientific and farmer conferences. Outreach will be conducted to stakeholders in the seed industry and universities to convince them to test the new instrument and provide feedback. In addition, programs will be developed to train minority and female life science students in programming and engaging third grade Iowa students through a unique NSF STEM-C project called Trinect.    Plant-parasitic nematodes, such as the Soybean Cyst Nematode (SCN), are microscopic worms that damage plants and reduce crop yields worldwide. The only definite way to accurately identify SCN infestations and predict future crop damage in fields is by extracting and counting the number of SCN worms, cysts, and eggs in the soil. Current nematode extraction procedures and instruments are very old and labor intensive, and it is challenging to automate methods of soil processing and analysis. This project is to build a modern, automated instrument to perform all the mechanical functions involved in current nematode extraction procedures. Also, a smartphone-based microscope with custom software will be realized for the counting of SCN worms, cysts, and eggs. This automation will improve data consistency and reliability, reduce labor costs, and increase SCN testing of fields. The new instrument is designed to be flexible in operation for extracting different types of plant-parasitic nematodes, soil-borne fungal spores, and weed seeds.</abstract>
    <outcomes>In this project, we built an instrument to automate the methods of soil processing and analysis. Specifically, the instrument extracted the cysts and eggs of soybean cyst nematode (or other parasitic nematode worms) from soil samples, which was then analyzed by a smartphone-based microscope to give a final count of the number of cysts or eggs of nematodes.   Various parts were designed using computer-aided design tools and manufactured in the machine shop at Iowa State University. The parts were assembled and tested for effectiveness through several iterative steps.  Specifically, the different subunits of the instrument are: (1) 3D gripper to pick, hold, tilt, and move individual sieves, (2) turntable to hold three levels of sieves with four sieves at each level, (3) water rinsing and cleaning system that cleans used sieves and employs water pressure to enhance movement of materials through the sieves, and (4) electronics and controller to control and actuate the separate parts remotely.  The instrument was tested with soil samples from two counties in Iowa which were known to be infested with nematode eggs. Extraction was carried out with the instrument and compared with the manual method in the lab of Dr. Gregory L. Tylka (co-PI). The results were published in a journal publication, Scientific Reports, and a USPTO patent was granted to Iowa State University.  The developed technology was disseminated to the public through journal publications, one patent, and departmental newsletter. Students from engineering and plant pathology were trained in cross-disciplinary courses ranging from molecular biology to programming. Three PhD students were graduated during the period of this grant, and several undergraduate students were trained in various skillsets related to robotics, programming, and soil processing.           Last Modified: 02/25/2022       Submitted by: Santosh K Pandey</outcomes>
</award-details>",software-produced,BIO-True,software-not-produced
2039320,SBE,SBE,"<award-details>
    <title>RAPID: Responsible conduct of accelerated SARS-CoV-2 vaccine research through challenge trials</title>
    <abstract>This project examines the ethics of accelerating research into a COVID-19 vaccine through human challenge trials. In a human challenge trial, healthy volunteers are deliberately exposed to the virus after being given the vaccine (or placebo). The project examines the ethics of these trials and how to make them more ethical through philosophical research and through a survey of challenge trial volunteers. While even the most ethically conducted challenge trial will involve risks to volunteers, these trials can also accelerate the development of a vaccine for COVID-19 by several months. Given the current rates of infection and mortality, this time gain could translate into many thousands of lives being saved. Findings will also benefit humanity in future public health crises where quick testing of vaccine efficacy is needed. Dissemination of the findings will promote public scientific literacy, and deepened engagement with science, ethics, and technology across STEM disciplines. Clarifying these ethical principles will facilitate more efficient partnerships between government, academia, industry, and others, and promote national security via increased resilience to pandemics, biological warfare, and other threats.     This project uses multiple methods to investigate the ethics of human challenge trials for COVID-19. It has three main research components: 1) a philosophical examination of whether responsible conduct of challenge trials for SARS-CoV-2 is possible, under what criteria (e.g., what inclusion and exclusion criteria and trial procedures would reduce net harm to participants), and subject to what institutional oversight mechanisms (e.g., a special added IRB/expert taskforce); 2) a survey of 3,000 proactive volunteers for SARS-Cov-2 human challenge trials and a randomly selected control group about their motivations and beliefs about COVID-19 and the current pandemic, risk perceptions, and willingness to take risks; and 3) creation of an education package for trialists based on the findings. This package will educate trialists about potential pitfalls of challenge trials, such as potential misunderstanding of trial details and risk, which the informed consent process must emphasize, and avoiding unfair participant selection, which might be a pitfall given the lower socio-economic status of many high-transmission/surge areas. This project advances knowledge in several areas of STEM research ethics, including the ethics of challenge studies, the assessment of risks and benefits to participants, and the degree to which participants’ autonomous authorization of research may make even somewhat adverse risk/benefit ratios ethically tolerable.    This award reflects NSF's statutory mission and has been deemed worthy of support through evaluation using the Foundation's intellectual merit and broader impacts review criteria.</abstract>
    <outcomes>This project investigated the ethics of human challenge trials for COVID vaccines. Human challenge trials are clinical studies where healthy volunteers are deliberately exposed to a virus or some other substance that can cause disease. In the case of a vaccine challenge trial, exposing healthy volunteers who received the vaccine to the virus would allow scientists to find out whether the vaccine (regimen) prevents infection much faster than they could with a regular trial, and reveal plentiful other information.  One of the results of this project is a series of papers published in high-impact peer-reviewed journals in ethics and infectious disease. These papers examine in which situations challenge trials are helpful, and how to maximize the scientific and social benefits of these and minimize their risks. The papers also help clarify that, under these situations, the risks to healthy volunteers are not necessarily so great as to make a challenge trial unethical. Lastly, they make recommendations on how to choose the best trial design under different circumstances to ensure the most valuable results with the least amount of risk. This is important because, early in the COVID pandemic, there was a lot of disagreement about whether, and in what situations, it is ethical to conduct challenge trials. This work is contributing to the creation of guidelines for challenge trials, so that, when new COVID vaccines and dosing regimens, new uses for them (e.g., against new virus strains), or vaccines for future emerging infections, are being tested, the scientific community has more consensus on when to use or not to use challenge trial designs, and how to do so responsibly. When indicated, challenge trials could save many lives by accelerating the discovery of vaccines and treatments that work.  Another important achievement is a survey of a group of people who signed up, early in the COVID pandemic, to volunteer for challenge trials to help speed up the discovery of a vaccine. The study surveyed 1,911 of these intended volunteers, and a comparison (control) group of 999 people from the general population. Almost all volunteers reported altruistic motivations for volunteering, and had previously engaged in other forms of altruism, including donating blood, donating money to charity, and registering as living marrow donors and deceased organ donors. In well validated psychological tests included in the survey, volunteers scored higher than controls in personality traits that reflect high valuation of others relative to the self. We did not find evidence that volunteers are more prone to taking risks than controls, or more economically vulnerable, which might have made people seek to join a risky trial only for the financial compensation. Intended volunteers are also highly educated (over three-quarters reported a bachelor's degree or higher), which makes them less likely to misunderstand the risks of challenge trials, or other important information disclosed during the consent process. So, overall, we conclude that this group of intended volunteers is likely to be well informed and unlikely to be exploited if they were recruited into a challenge trial. This is important because, in risky trials, a common concern is that volunteers are joining because they do not fully understand the risks, or because they need money or medical care. All in all, it should be possible to find enough well informed and non-vulnerable healthy volunteers for COVID challenge trials in the future.          Last Modified: 11/22/2021       Submitted by: Nir Eyal</outcomes>
</award-details>",software-produced,SBE-True,software-not-produced
0732944,EHR,other,"<award-details>
    <title>Collaborative Research.  IPY:  The Polaris Project:  Rising Stars in the Arctic</title>
    <abstract>Earth Systems Science (40).  The Polaris Project is engaging students and early career scientists in a multifaceted effort that includes: a field course and research experience for undergraduate students in the Siberian Arctic; several new arctic-focused undergraduate courses taught by project Co-PIs at their respective colleges across the United States and in Russia; the opportunity for Co-PIs to initiate research programs in the Siberian Arctic; and a wide range of outreach activities. The unifying scientific theme for the project is the transport and transformations of carbon and nutrients as they move with water from terrestrial uplands to the Arctic Ocean. Given the rapid changes underway in the Arctic, the broader impact of this project is found in the availability of project related materials; its training of future leaders in arctic research and education as well as its education of the public through student and faculty visits to K-12 classrooms; student generated and maintained blogs on their research and experiences; and inclusion in the GoNorth curriculum (www.polarhusky.com) which is used in thousands of K-12 schools worldwide.</abstract>
    <outcomes>The Polaris Project was a multifaceted effort that included an annual field course and research experience for undergraduate students in the Siberian Arctic, several new arctic-focused undergraduate courses taught by project scientists at their respective colleges across the United States and in Russia, the opportunity for project scientist to initiate research programs in the Siberian Arctic, and a wide range of outreach activities.  The unifying scientific theme of the Polaris Project was the transport and transformation of carbon and nutrients as they move with water from terrestrial uplands to the Arctic Ocean.  This is a central issue in arctic system science, and the project scientists were selected in part because of their potential to bring fresh insights to this complex topic.   Polaris Project research has already led to 5 journal articles and more than 40 published abstracts, many of which had undergraduates as lead authors.  At the recent State of the Arctic conference (March 2010), 9 Polaris Project students presented their research.  Four of these were among the 25 students receiving grants to support their conference travel (out of 81 total applications), and they were the only undergraduates to receive awards.  At the American Geophysical Meeting in San Francisco (Dec. 2010), a total of 17 Polaris Project presentations were given.  Several of these students have already entered graduate school.  We anticipate that the number of Polaris alumni entering graduate school will continue to grow, and that one of the greatest legacies of the project will be the development of a generation of arctic scientists with broad interdisciplinary and international research experience.   The affiliated on-campus courses were also highly successful in advancing undergraduate learning about arctic ecosystem science and awareness of human-accelerated changes in the Arctic.  Extensive assessment evidence gathered over the life of the project demonstrated significant gains in scientific knowledge and understanding of disciplinary and interdisciplinary arctic research.  Students who have completed the on-campus courses, even if they do not pursue arctic research in graduate school, will bring their understanding of the Arctic and climate change into their roles as educated citizens and, in some cases, as professionals whose work has environmental significance.  Public outreach, another key component of the Polaris Project, engages our students as well as project faculty.  Polaris Project outreach activities have included public presentations, visits to K-12 classrooms, and interviews and stories in local and national media outlets.  Our website (www.thepolarisproject.org) has been very active, receiving up to 70,000 visitors per month.  The Polaris Project has also been featured in over 20 newspaper articles and radio and television interviews, including stories by the New York Times and National Public Radio.           Last Modified: 03/30/2011       Submitted by: Robert M Holmes</outcomes>
</award-details>",software-produced,other-True,software-not-produced
1829799,CISE,CISE,"<award-details>
    <title>CyberTraining: CIC: The Texas A&M University Computational Materials Science Summer School (CMS3)</title>
    <abstract>Advances in both hardware and software infrastructure are quickly making it possible to carry out realistic simulations of materials and materials phenomena that can lead to a better understanding of their behavior. Simulations constitute one of the key ingredients necessary to realize the Materials Genome Initiative (MGI), which calls for the reduction in time and resources necessary to develop the materials needed to enable potentially transformative technologies. To push the thriving field of Computational Materials Science (CMS) forward it is necessary to provide the next generation research workforce with a broad exposure to as many computational techniques as possible.  This project brings together researchers in materials science and engineering, and in advanced cyber-infrastructure (CI) to establish the Computational Materials Science Summer School (CMS3) that aims to train graduate students and junior scientists and engineers in some of the most advanced and widely used computational materials science simulation tools. The training provided by CMS3 will equip participating students with the knowledge and skills necessary to push the frontiers of simulation-enabled materials research. Furthermore, CMS3 will contribute to MGI's mission of maintaining the Nation's overall economic competitiveness and security by training the scientists and engineers that will discover and develop the materials that will make technologies of national importance possible.    This award leverages existing cyber-infrastructure to expand participation, including from underrepresented groups, through local and remote training. Expert instructors are selected from academic, domestic and international institutions, and national laboratories to cover three modules: continuum micromechanics, mesoscopic simulation and atomistic modeling, along with an overarching theme of data science. The school targets 20 on-site and up to 80 remote graduate and post-doctoral researchers, including industry participants. The activities of CMS3 are to (i) establish a CMS network among national laboratories and academic institutions to leverage the expertise of the CMS community at large in developing the next-generation workforce in materials research across multiple scales; (ii) develop a CMS curriculum, commensurate with a summer school format, that involves utilizing and supporting advanced CI for effective scale-up of a series of practica; (iii) organize shorter seed programs in specialized areas, such as dislocation dynamics, phase-field modeling and data-enabled materials science; (iv) integrate the theoretical foundations and practical training into the graduate curriculum and continuing education at Texas A&M University and elsewhere; and (v) introduce immersive visualization through virtual and augmented reality tools to help students with different backgrounds and learning styles interpret complex material data. Course material and software codes associated with this project not already disseminated by the original developers are maintained in a GitHub repository. This ensures that all released materials and packages are preserved to maintain historical context and broad access.    This award reflects NSF's statutory mission and has been deemed worthy of support through evaluation using the Foundation's intellectual merit and broader impacts review criteria.</abstract>
    <outcomes>In the rapidly evolving field of Computational Materials Science (CMS), the NSF-funded Computational Materials Science Summer School (CMS3) has been a beacon of innovation and education. The project's intellectual merit is deeply rooted in its comprehensive approach to traininga curriculum that stretches from the electronic structure to the continuum of materials. The broader impacts are evident in the school's commitment to inclusivity and the democratization of knowledge, reaching a diverse group of students and junior scientists from around the globe.   From its inception, CMS3 has been dedicated to equipping the next generation with the robust knowledge and skills required to push the frontiers of simulation-enabled materials research. This is not just a summer school but a transformative experience that has, over the years, become the reference in its field. The training modules, designed and delivered by the very creators of the computational tools, provide an unmatched authenticity and depth of understanding to the participants.   Throughout the life of the award, CMS3 has consistently hosted 40-50 students annually, with numbers swelling to 70 in recent years. The school has welcomed a third of its attendees from Texas A&M University, with the rest comprising both national and international students and professionals. Maintaining a 25% participation rate of female students, the school has made strides in representing gender diversity within the CMS field.   The school's intellectual merit shone brightly as it navigated the challenges of the COVID-19 pandemic, swiftly transitioning to a fully virtual format in 2020 and 2021 and subsequently adopting a hybrid model in 2022. The continuity and quality of education remained unwavering, demonstrating the program's resilience and adaptabilityan essential trait for the future of scientific education.   Feedback from participants has been overwhelmingly positive. The quality of the CMS3 program was highly rated, with the practical exercises and instructor quality receiving exceptional praise. A full 100% of participants would recommend the school to their peersa testament to the program's impact on their academic and professional pursuits.   As we look to the future, the school is poised for expansion with a fresh NSF Cyber-Training grant, aimed at integrating AI/ML techniques into materials science. This cutting-edge addition ensures that CMS3 stays at the forefront of educational advancements, further solidifying its role in shaping a skilled workforce capable of leading transformative technologies.   The broader impact of CMS3 extends beyond immediate educational outcomes. It has been institutionalized as a part of the regular curriculum at Texas A&M University, influencing materials science education at a foundational level. By fostering a network of knowledge that connects students and experts across various institutions and countries, CMS3 contributes to the nation's economic competitiveness.   In conclusion, the CMS3 is more than a summer schoolit is a nexus of education, innovation, and community in the computational materials science landscape. Its enduring legacy is not just in the advanced curriculum it offers but in the collaborative networks it strengthens, the careers it shapes, and the scientific frontiers it helps to expand.        Last Modified: 11/07/2023       Submitted by: RaymundoArroyave</outcomes>
</award-details>",software-not-produced,CISE-False,software-produced
1807094,MPS,MPS,"<award-details>
    <title>Collaborative Research: Adsorption Equilibration of Binary Mixtures on Planar and Porous Sorbents</title>
    <abstract>Non-Technical Abstract    After a mixture of two gases is introduced into a container where an absorbing material has been placed, the pressure and the ratio of the two gases of the mixture inside the container change with time, as particular molecules bind to the absorbing surface.  After enough time elapses, the pressure and the composition of the gas reach constant values, and a condensed phase forms on the surface, in equilibrium with the gas phase.  This project studies the kinetics of adsorption, that is, the evolution of this process from the introduction of the gas mixture until equilibrium is reached, and how it depends on parameters such as the composition and temperature of the starting gas mixture, how strongly each of the gas molecules attaches to the sorbent, and how fast the different molecules reach their final state.  While this is a very complex process, with numerous aspects that are not well understood, most practical applications of adsorption (such as gas separation or gas storage) either depend on, or are limited by, these dynamics.  A more complete understanding of the mixture adsorption dynamics will allow for better control of the process and more efficient practical applications.  The kinetics of adsorption is studied by performing computer simulations for model systems, and comparing the results with those obtained through experiments in which pressure and composition are determined, as a function of time.  The computer simulations provide a microscopic understanding of the process, and the experiments are a test for the validity of the simulations. Graduate and undergraduate students participating in the project can gain a broader perspective of the investigated phenomena provided by the experimental-theoretical character of this partnership.  Special efforts are made towards recruitment and retention of students from underrepresented groups, through summer programs for local high school students and one-on-one mentoring programs that provide critical student support.    Technical Abstract    This project addresses the question of how a mixture of gases approaches adsorption equilibrium as it interacts with various kinds of solid surfaces and/or is confined within small pores. This is achieved by combining results from a series of studies that involve theory, experiments and simulations. Information on the equilibration of a single component (which is itself often difficult to find for many systems) is not sufficient to understand the sorption kinetics of mixtures, where the interplay between the species has a distinct and defining role. Understanding and taking full advantage of the adsorption characteristics of a sorbent when two distinct species compete to become adsorbed onto its surfaces requires further and explicit investigation of the kinetic processes present in the mixture that eventually lead to the final equilibrium state of the adsorbed phase. Three main aspects of these phenomena are investigated:  a) How does the adsorption rate of a binary mixture of gases (and of its individual components) depend on the partial pressures and temperature? (experiments and simulations); b) What are the elementary processes involved in the competition during equilibration, and how do they affect the adsorption rates? (theory and simulations); c) How does the spatial distribution of each component on the surface change with time? (theory and simulations). These questions are addressed for two kinds of sorbents (planar and porous) and two kinds of adsorbates (spherical and linear), with a focus on the role of molecular interactions (especially between the distinct species), the effects of the orientational degrees of freedom of the adsorbates and, those of the confinement imposed by the porous sorbents. The experiments are conducted in a specially built setup that allows for volumetric adsorption measurements as well as for the determination of the composition of the gas mixture through mass spectrometry as the system approaches equilibrium, and which allows control of the temperature over extended periods of time. The modeling and simulation studies explore the same systems and behavior studied in the experiments by using a Kinetic Monte Carlo approach to simulate adsorption dynamics.    This award reflects NSF's statutory mission and has been deemed worthy of support through evaluation using the Foundation's intellectual merit and broader impacts review criteria.</abstract>
    <outcomes>The main goal of the project is to investigate systematically how a binary gas mixture approaches equilibrium when it is in the presence of an adsorbent. The project tried to answer some of the fundamental questions related to the gas mixture adsorption dynamics on a variety ofsubstatres. The results obtained will provide physical insights for implementating technologically important processes (for example gas separationtion) using a variety of sorbent materials. The research carried out was highly interdisciplinary in nature and hence will impact our understanding of basic science as it relates to several fields for example, materials science (understanding of flat two dimensional surface processes), porous materials, Chemcial Physics (adsorption of gases) separation techniques etc.   We completed multiple experiements of gas mixture separation using very low doses of 50-50 mixture of CH4 and Argon on exfoliated graphite. This not only allowed us to understand the systematic nature of the evolution of the composition as a function of initial pressure, it also provided us with a detailed mixture isotherm. We found that: (i) At low coverage, the amount of argon adsorbed is relatively low, consistent with the relatively high argon composition in the vapor phase at low coverage. Almost all the adsorbed particles at low coverage are methane, which is why the vapor phase is somewhat depleted of methane. This is expected because methane has a higher binding energy and so will be favored for adsorption overall once equilibrium has been attained, at least at low coverage. (ii) At high coverage (roughly above the monolayer), the amounts of argon and methane adsorbed start to converge as coverage increases. This is consistent with the composition readings at higher coverage being close to 50/50. The total amount adsorbed seems to sort of level off around 900 ccTorr. (iii) The vapor phase composition is fairly saturated with argon at low coverage (little argon adsorption) and becomes less saturated with argon as coverage increases.   In order to explore two dimensional (2D) surfaces other than graphite, we have also measures adsoprtion behaviour of gases such as methane on 2D Molybdenum Disulphide (MoS2) surfaces. Our analysis shows that although the isosteric heats of adsorption of methane is higher on graphite in comparison to MoS2 up to monolayer completion, at higher loading the behavior changes: we found that the isosteric heats of adsorption of methane are higher on MoS2 than on graphite above monolayer completion. This indicates that MoS2 is perhaps a better adsorbent material (compared to graphite), where adsorptin of gases on flat surfaces beyond monolayer is needed.   We have also investigated adsorption of gases such as methane as well as carbondioxide on porous carbon (biochar) materials. We were able to perfrom experimenst which showed that carbondioxide can attach (adsorb) on these biochar materials even at room temeprtaure. For example; The isosteric heat of adsorption for carbon dioxide on the Biochar has beenobtained from these isotherms. We found that the isosteric heat of adsorption forcarbon dioxide on the Biochar is of the order of ~300 meV (~ 27kj/mol). These investigations, so far, indicates that these materials will have the potential to adsorb significant amount of these gases at or near room temeprature.   Several of these outcomes were presented in techincal conferences, for example, in annual March Meeting of the American Physical Society as well as in other avenues, such as seminars in multiple universities. Some of the materials directly related to the project was also utilized for enhance curriculum in some of the advanced courses.   Understanding the phenomenon of gas adsorption and separation on a variety of solid materials have huge technological implication. Forexample; importance of gas adsorption processes in applications such as catalysis, gas storage, gas sequestration andseparation, etc. is undeniable. Major application developments in the abovementioned fields are truely possible byunderstanding the fundamental meechamisms of adsorption processess. In the long run such understanding will be helpful indeveloping solutions to energy crysis, reducing global carbon foot print etc. there by helping mankind/society to move towards a better tomorrow. Through this project students and early career investigators received hands on expereimental research oppurtunity. Such oppurtunities are essential for creating a pool of future scientist who will contribute significantly in variuos STEM related disciplines.     Last Modified: 12/15/2023       Submitted by: SaikatTalapatra</outcomes>
</award-details>",software-not-produced,MPS-False,software-produced
1323214,EHR,other,"<award-details>
    <title>Collaborative: Full-Scale Development: Living Liquid: Creating Interactive Visualization Tools to Explore Large Ocean Datasets</title>
    <abstract>This project will pioneer a critical new genre of science exhibit: interactive visualizations that engage visitors in the process of scientific inquiry. The capability to create advanced visualizations of large scale data sets in an interactive platform was developed in a prior pathways project. The interactive platform will be installed in a museum/science center setting in this full scale development project and will be assessed to determine how visitors utilize the interactive advanced visualizations of large data sets to explore for themselves, scientific issues involving the world's oceans.     The display, called Living Liquid, will develop visualizations from three large data sets provided by science partners in the project involving ocean ecology, with programming of the data developed in the pathways demonstration project. The visualizations of this data will be viewed by visitors to the Exploratorium in San Francisco on an interactive display table. The data display allows users to see data elements displayed in the geographic location from which they were found. Unlike other efforts to create visual displays for the public focused on a one-way display or that require guided mediation, users of the Living Liquid platform can direct the investigation of the data themselves.  Unlike a screen at home or a tablet, the display format is intended to promote interaction and dialogue among the groups that form around the display as a self-supporting form of investigation. The strength of table design is in the physical and digital interfaces built into the display that make the exploration of data appealing, intuitive and meaningful, to evoke questions and comparisons and make patterns in the data discoverable by the users.     The three areas chosen for the display table from science partners in the project include: ""Plankton Patterns,"" an adaptation of the MIT Darwin Project simulation, which is used by scientists around the world to study what types of plankton live in the oceans and why they are there. On the Viz Table, this simulation will be adapted so visitors can explore the diversity and number of plankton through real glass lenses, a unique feature of this visualization effort. ""Genetic Rhythms"" is based on data from the Center for Microbial Oceanography Research and Education (C-MORE) which studies what genes microscopic ocean creatures turn off and on under different environmental conditions. On the Viz Table, visitors will be able to explore the activity of different genes as the ocean conditions change throughout a day. ""Ocean Tracks"" uses data from the TOPP project at Stanford University, which is studying the migratory paths of large marine creatures in relation to environmental conditions. This visualization will allow visitors to follow the paths of marine creatures such as sharks, turtles, or salmon and how they correlate to conditions such as temperature gradients or ocean currents.  The data displays are separate from each other because, how data is collected and studied is different for each science partner.      The project will assess how the public interacts with the large data sets through the specially designed visualizations and the extent to which the visualization enhances the understanding of the data. It will also assess how viewers use the data through the interactive functions on the visualization, controlling their own explorations of real scientific data to understand and explore what the data tells them about issues of ocean ecology. The project includes scientist-led public programs using the visualizations to explore science topics and issues identified by the data through the visualization.  It also includes a research study on how informal learners can use data visualizations to support self-directed or group inquiry and learning.     The project provides opportunities for professional development for science, technology, engineering, and mathematics (STEM) professionals in how to use advanced visualization capabilities to communicate research methods and findings to the public and in their own work. One of the challenges in the emerging use of large data sets is bringing together computer scientists, biologists, cognitive scientists, and graphic designers to understand how to create and interpret visualizations of large data repositories.  Major insights on the use of color, perception or effective interaction do not seem to extend beyond a given field.  Consequently there is a need to provide opportunities for STEM professionals to learn about effective visualization techniques and user-testing and evaluation.  This project provides the opportunity for cross-disciplinary professionals to share knowledge and get training while focused on a goal of creating visualization for the public.</abstract>
    <outcomes>Traditionally, informal learning environments have been places for the public, teachers, or others in learning sciences fields to gain new knowledge, skills, and capacity. Visualizations present an opportunity for innovation in informal learning environments.  Visualizations provide rich images that can engage the public with phenomena at scales they cannot directly perceive. The visualizations can be displayed on large interfaces that promote social learning. This project transforms this view of informal learning by using the development of the visualization-based exhibits as an opportunity for training UC Davis computer science graduate students and professional development for scientists, designers, and others who design visualizations. The outcomes are three ocean data visualization exhibits on large, interactive touch-table displays:  (1) Mapping Migrations reveals the ""highways"" large marine creatures travel; (2) Plankton Populations shows how the ocean is defined by regions of microscopic life that change in response to the environment; and (3) Sea of Genes follows the activity of marine creatures? genes in response to sunlight and other conditions. These large, high resolution exhibits display high resolution visualizations, support interaction, and can be used by large groups. The first two exhibits: Plankton Populations and Mapping Migrations are currently on the floor of the Exploratorium, which has over 900,000 visitors a year. The project team is working with the Exploratorium's Global Studios group to disseminate this platform and visualization to museums around the world.                 Last Modified: 10/08/2018       Submitted by: Kwan-Liu Ma</outcomes>
</award-details>",software-produced,other-True,software-not-produced
1305112,CISE,CISE,"<award-details>
    <title>II-EN: Computational Enhancement of Analytical Metagenomics Systems</title>
    <abstract>There are both harmful and benign bacteria and viruses all around us. Scientists use a technique called metagenomics to characterize these organisms by extracting DNA from a sample, and deciphering the genetic code of all of the DNA sequences. The scientific approach typified by metagenomics is to generate data and rely on large, fast, computers to solve complex problems. The Computational Enhancement of Analytical Metagenomics Systems award supports this work with computational infrastructure and training.    Intellectual Merit: The team working on this project are world-leaders in the development of tools and analyses for metagenomics data. The computational infrastructure enabled by this award continues their leadership in this area for the coming decade. The computing infrastructure is also used by researchers at both San Diego State and other Universities in California, the United States, and around the world. The infrastructure enables the researchers to tackle really difficult problems that they couldn't approach before. An ~500 core computer cluster including machines with lots of memory and disk storage space allows the scientists to run their massive computations required to analyze this data to protect our nation, develop new therapeutics and understand our world.    Broader Impacts: This proposal directly supports an NSF Transforming Undergraduate Education in Science program that teaches genomics and metagenomics to undergraduate students at San Diego State University, an Hispanic-Serving Institution. Over the last six years SDSU has improved the graduation rate of all students by providing access to cutting edge research equipment like that proposed here.</abstract>
    <outcomes>The outcome of this project was the development and deployment of a 640 processor, 5120 core compute cluster and 192 TB hard drive storage system at San Diego State University. This cluster is primarily used by scientists working at the interface of Computer Science and Biology, using bioinformatics tools to analyze biological data.  The team using this cluster develop tools to explore microbes in the different environments, in particular those affecting the health of the oceans including coral reefs and kelp forests, and how those microbes affect human health. We have 120 scientists using the cluster, and have generated 120 TB of raw data that we are analyzing (this is approximately equivilent to 30,000 DVDs of data).  By analyzing this data, we found a novel virus that infects bacteria and is present in approximately half the people in the world. We are investigating this virus to identify what it does in the human intesting. We developed and tested important new theories about the relationships between viruses and bacteria using this computational infrastructure. This theory predicts that when bacteria become very abundant it is more important for the viruses to hide inside the bacteria than remain outside.  We also enabled scientists around the US and the world to analyze their data. Our colleagues were given access and training to use these computational tools, ensuring that our students remain at the forefront of computer science. By building websites where people can submit data for analysis on our cluster, we enable scientists with no training in high-throughput computing to access the latest tools for biological data analysis. This collaborative approach ensures that science, especially that around the role of microbes in the environment, progresses.       Last Modified: 01/29/2016       Submitted by: Robert A Edwards</outcomes>
</award-details>",software-not-produced,CISE-False,software-produced
1135562,CISE,CISE,"<award-details>
    <title>CI-TEAM Demo: Collaborative Research:  An Online Community to Broaden Access to the Computational Research Enterprise</title>
    <abstract>The aim of this CI-TEAM Demonstration Project, leveraging a CDI project, is to build an online community for computational research, by coupling a long-term vision with a focused strategy for growing that community. The long-term vision is an online community in which undergraduate researchers become a key part of the workforce for carrying out computational projects. As a demonstration, this team is implementing a prototype bridging a scientific gateway with a workflow/provenance management system to support computation, project management, and data management. The online community includes an expanding group of universities and supercomputing centers, in which undergraduates, recruited from HBCUs and other diverse sites, work remotely with research groups. The project will begin with students from Carnegie Mellon University and add research groups from other universities in the second year. The community will be hosted by the Materials Digital Library (MatDL) at Kent State University, an online space for community-based computational projects. The long-term vision enabled by this demonstration project uses cyberinfrastructure to restructure the scientific research enterprise in a way that both broadens participation and advances fundamental scientific research. The structure broadens access for students by making high quality research experiences available to undergraduates nationwide. It also broadens participation for others, including especially PhDs in positions at institutions where research is valued, but where high teaching or administrative loads serve as a barrier to research productivity. The current structure of the research enterprise highly favors individuals who can spend nearly full time on research and so take an idea from inception to publication at a competitive pace. The proposed online research community allows individuals to make meaningful contributions with the time they have available. The current structure of the research enterprise also favors individuals in highly research active environments where collaborations with local colleagues can help keep an individual?s research current and vital. The proposed community provides more inclusive mechanisms for establishing such collaborations. Finally, the current structure favors those in institutions with ready access to a work force of talented graduate and undergraduate students. The proposed community partially addresses this by allowing all experts to recruit undergraduates or other novices to participate in research projects. Lowering these barriers has the potential to substantially broaden the audience of both experts and novices who can participate in computational research. This expands the workforce for fundamental scientific research, both by pooling undergraduate work for the projects occurring in the community and by helping train future computational scientists.    Intellectual merit  In this demonstration project, cyberinfrastructure will enable both the technical and social constructs needed to support interdisciplinary teams in which experts and novices collaborate remotely on computational research projects. The efficient functioning of such virtual project teams is the key enabler for a long-term vision that restructures the scientific research enterprise to broaden access and participation across experts, novices, and institutions. This long-term vision extends the demonstration  project to support an inclusive process for the continual creation of online project teams: experimentalists post problems which require computations; computational experts select problems of interest and either perform the calculations themselves or agree to serve as mentors for undergraduates and other novices; and novices sign on to complete specified research tasks under the guidance of expert mentors.    Broader Impact  This demonstration project targets undergraduates who do not currently have opportunities to participate in computational research projects, including especially students from under-represented groups. The PIs expect that the virtual character of this project, which reduces geographic and time barriers while increasing access to resources and facilities, will be inviting to students who do not participate in more traditional Undergraduate Research experience programs, such as NSF's Research Experiences for Undergraduate (REUs), because of needs to work locally during the summer.</abstract>
    <outcomes>This CI-TEAM Demonstration Project has built a prototype online community for computational research with a long-term strategy for growing that community. In the prototype online community, undergraduate researchers worked as a key part of the workforce for carrying out computational projects. This demonstration project has explored technical and social aspects associated with such a community.  Significant positive outcomes include providing the undergraduate participants with increased research experiences and substantive computational training that were not possible through on-site involvement at their home institutions.  This project successfully supported fourteen students working on undergraduate research. The project also explored a number of means to support these students and manage their work. The first summer research experiences used a set of tools that had been developed for supporting research across multiple sites. These experiences allowed us to identify a number of weaknesses that guided the work in the following years. Critical requirements for moving beyond a demonstration project to a site that can sustain the community were identified including: broad student recruitment with targeted selection; cyberinfrastructure based integration of workflows and open source scientific software; and integration of workflow with data management, provenance management, and preservation systems.  Further refinement of the tools and processes developed here will reach the goal of scaling this demonstration project into a sustainable online research community for undergraduates interested in computational science.       Last Modified: 01/29/2015       Submitted by: Laura M Bartolo</outcomes>
</award-details>",software-not-produced,CISE-False,software-produced
0905569,CISE,CISE,"<award-details>
    <title>HCC: Medium: Collaborative Research: Generating Effective Dynamic Explanations in Augmented Reality</title>
    <abstract>To survive and flourish, people must interact with their environment in an organized fashion. To do so, they need to learn, imagine, and perform an assortment of transformations on and in the world. Primary among these are manipulation of objects and navigation in space. This project integrates research in computer science and cognitive science to develop and evaluate augmented reality tools to create effective dynamic explanations that enhance manipulation and navigation, in conjunction with identification and visualization. Augmented reality refers to user interfaces in which virtual material is integrated with and overlaid on the user?s experience of the real world; for example, by using tracked head-worn and hand-held displays. Dynamic explanations are task-appropriate sequences of actions, presented interactively, with appropriate added information. The tools will be created in collaboration with subject matter experts for exploratory use in indoor and outdoor real world domains: navigating and identifying landmarks in a wooded park area, assembling a piece of furniture, and navigating and visualizing for planning the site of a new urban campus. Cognitive science research will determine the best ways to convey explanations and information to people. Computer science research will address the design and implementation of systems that embody the best candidate approaches for identifying objects and locations, specifying actions, and adding non-visible information. In situ experiments will be used to assess and refine the systems.      Manipulation, navigation, identification, and visualization are representative of important things that people do every day, ranging from fixing broken equipment to reaching a desired destination in an unfamiliar environment. The ways in which we perform these tasks could potentially be improved significantly through augmented reality systems designed using the principles to be developed by this project. Both the cognitive principles and the augmented reality tools will have broad applicability. The systems developed will inform the design of future systems that can aid the general public, for educational and recreational ends, as well as systems that can assist people with auditory, visual, or physical impairments.</abstract>
    <outcomes>Augmented Reality (AR) overlays graphics and other media on our view of the world, using devices ranging from existing hand-held displays, to head-worn displays that will someday become commonplace.  This can make it possible to present people with needed information about important tasks indoors and outdoors that the surrounding environment does not provide. But, what information should be added and how? Added information must be timely, important, and easily understood. Developing effective tools for augmenting reality relies on insights into aspects of human cognition and communication that this project has investigated. The tasks that we have addressed reflect many of the everyday and technical tasks that people need to understand and perform sequences of purposeful actions in context. Therefore, the cognitive design principles derived from the research are applicable to a broad range of domains.     Intellectual Merit  Our work resulted in the development of a number of novel interaction and visualization techniques, embodied and evaluated in working research prototypes, which we describe here and illustrate in the accompanying figures:  A research testbed for assisting users in performing maintenance and assembly tasks using AR. Our testbed tracks the user and multiple components in a maintenance and assembly task, and provides dynamic, prescriptive, overlaid instructions on a head-tracked, see-through, head-worn display, in response to the userÆs ongoing activity. A formal user study showed participants were able to complete important parts of a realistic assembly task significantly faster and with significantly greater accuracy than when using 3D-graphics&ndash;based assistance presented on a stationary LCD. Qualitative questionnaire results indicated that participants overwhelmingly preferred the AR approach, and ranked it as more intuitive than using the LCD.  Methods by which a user can be efficiently guided to assume one of a range of acceptable viewing positions and orientations. We introduced ParaFrustum, a way to geometrically represent the set of strategic viewpoints and orientations from which a task can be accomplished. We developed a set of visualizations that communicate this information to a user in AR, and conducted a study that showed the advantages of visualizing loose constraints on position and orientation for tasks for which they are appropriate.  An exploration of how AR can be used to augment and virtually revisit views other than a userÆs first-person view. We developed SnapAR, a new approach combining AR and usersÆ snapshots. It allows users to take snapshots of augmented scenes that can be virtually revisited at later times. The system stores still images of scenes along with camera poses, so that augmentations remain dynamic and interactive. This makes it possible for users to manipulate virtual objects while viewing snapshots taken at different perspectives, instead of physically moving to the real-world viewpoints. We conducted a formal user study comparing performance in virtual snapshot and physical travel conditions in a task in which a virtual object must be aligned with two pairs of physical objects. Proper alignment requires sequentially visiting two viewpoints, either vicariously through snapshots or physically through actual travel. Participants completed the alignment task significantly faster and more accurately using snapshots than when physically traveling. Moreover, participants preferred manipulating virtual objects using snapshots over physical travel.  Methods for collaborative task performance among co-located users and remote users. We developed approaches for communicating references to and operations on physical objects between pairs of co-located users and pairs of physically remote users in AR.  A research testbed for developing hybrid user interfaces that combine multiple complementary displays. We investigated how an urban environment, presented on a shared horizontal...</outcomes>
</award-details>",software-not-produced,CISE-False,software-produced
1637376,BIO,BIO,"<award-details>
    <title>A Scientific Planning Workshop for Coordinating Brain Research Around the Globe, Baltimore, Maryland, April 7-8, 2016</title>
    <abstract>Understanding how behavior emerges from the dynamic patterns of electrical and chemical activity of brain circuits is universally recognized as a fundamental mystery in science. Furthermore, better knowledge of healthy brain function has broad societal implications by laying the groundwork for advancing treatments for neurological disorders and for developing brain-inspired technologies. Various brain research efforts around the globe have embraced this scientific grand challenge. This meeting brings together US and international brain researchers to discuss the need for coordinating brain research efforts around the globe, the bottlenecks and challenges that stand in the way and strategies to overcome these. A particular focus of the meeting is on cyberinfrastructure and data resources needed to further enhance collaboration and analysis of disparate streams of neuroscience data.     The Organizers are making a strong effort to invite women and members of underrepresented groups as participants. Further, the meeting entails extensive cross-disciplinary interactions, which will be aided greatly by the face-to-face nature of this meeting. To maximize the workshop's impact, a white paper summarizing the discussion will be published at a high-profile venue.</abstract>
    <outcomes>This award enabled us to organize three different workshops for coordinating brain research around the globe. The first, http://brainx.io/, hosted 60+ scientists and 15+ observers from national, private, and foundation organizations.  It identified three challenges (described in more detail at F1000 Research):    What makes our brain unique? This project would generate a highly multimodal dataset that would yield multiscale brain maps from multiple species and disease models.   How does the the brain solve complex computational problems? This challenge led to the development of the ""International Brain Laboratory""), which is a collaborative effort between experimental and theoretical neuroscientists collaborating to understand brainwide circuits for complex behavior (see whitepape, An International Laboratory for Systems and Computational Neuroscience   How can we augment clinical decision-making to prevent disease and restore brain function?  This requires an all-purpose computational platform that addresses the needs of clinical data, including privacy.   Finally, we agreed for the need for a universal resource, which we called the ""Internation Brain Station"".  This resource was described in detail in a Neuron NeuroView, To the Cloud! A Grassroots Proposal to Accelerate Brain Science Discovery.   Our first event was covered by MIT Technology Review, Science, and Nature. It led to a second event, hosted alongside the United Nations General Assembly, and culminated with an announcement by the state department launching the international brain initiative with the International Brain Station. It also led to the founding of a company, Gigantum, dedicated to lowering the barrier for scientific collaborations.    The second event, https://brainx2.io/, brought together developers from academia, industry, and non-profits, to codify various collaborations to build several of the components required to address the three challenges. A progress report summarizes several of the key accomplishments at that workshop.  It also led to a Nature Methods peer-reviewed correspondence, characterizing the state of our Community-Developed Open Source Computational Ecosystem for Big Neuro Data, and a Toolbox description of the work in Nature.   The third event, https://brainx3.io/, further focused on reproducability, and engaged more developers from companies than the previous events.  This event led to several teams committing to adopting more reproducible practices, and several companies agreeing to work together more explicitly to support reproducability of the entire scientific workflow.     The overall conclusion from the set of events is that working together in multi-disciplinary cross-sector teams has been the most effective tactic thus far for developing widely adopted tools that set the standard for further development and adoption.             Last Modified: 07/22/2019       Submitted by: Joshua Vogelstein</outcomes>
</award-details>",software-produced,BIO-True,software-not-produced
1338832,GEO,other,"<award-details>
    <title>FESD Type I: VOICE - Volcano, Ocean, Ice, and Carbon Experiments</title>
    <abstract>Two of the major phenomena on Earth are ice ages and volcanic eruptions.  This research addresses the question how these two seemingly unrelated aspects of our planet may influence one another.  One causal link between the two is the pressure exerted by ice and the oceans on Earth's interior.  Volcanism is sensitive to such changes in pressure.  A second causal link occurs because volcanoes are the ultimate source of natural CO2 delivered to the atmosphere, and CO2 has a marked influence on climate.  During an ice age cycle, vast quantities of water are transferred between continents and oceans, eliminating thick ice sheets and changing sea level.  Melting ice uncorks volcanoes, leading to a pulse of much more active continental volcanism for several thousand years.  Glacially induced sea level change should influence how much Earth's interior melts beneath ocean ridges.  As sea level rises and falls the amount of melt delivered to make the ocean crust should vary by about ten percent, leading to changes in the thickness of the ocean crust and the depth of the sea floor.  This could be the explanation for the undulating topography of the sea floor known as abyssal hills.  The changes in volcanism at ocean ridges could also lead to changes in hydrothermal activity that would influence deep sea ecosystems and affect geochemical budgets of the oceans.  The large volcanic pulse following de-glaciation could add large amounts of CO2 to the atmosphere, contributing to the rapid warming that occurs at the end of ice ages.  Ultimately, a better understanding of the influence of volcanic CO2 emissions on climate could provide an important context for understanding the significance of human CO2 emissions.           To test these potential relationships, we combine novel new observations with quantitative modeling.  High resolution maps of the sea floor will provide the bathymetric data to test whether abyssal hills vary with climate cycles.  New sediment cores near ocean ridges will reveal whether hydrothermal activity also varies with glacial cycles, and how much it varies.  Sampling and analysis of the volcanic rocks of the sea floor will show how melting of Earth's interior varies over time.  The sea-going work will take place on two cruises, one on a U.S. oceanographic vessel and the other in collaboration with German investigators.  On land, we will collaborate with leading volcanologists from the U.S. Geological Survey to investigate the volcanic signal of Cascades volcanoes over recent glacial cycles.  Newly measured ages will constrain the timing of the volcanic response to glaciation.  Geochemical analyses will constraint how volcanism responds to glacial changes, and how much CO2 emissions may vary.  Modeling work will investigate exactly how changes in ice sheets and sea level cause pressure changes beneath volcanic regions on land and undersea, and generate quantitative models of melting of Earth's interior and how it responds to sea level change.  The final aim is an integrated model that links volcanism, CO2 and climate and tests how they may interact with one another over time periods of many glacial cycles.         In essence, we are exploring the coupling between Earth's interior and Earth's climate, perhaps discovering that even the fabric of the ocean floor may be responding to climate change ultimately caused by variations in the amount of solar energy our planet receives, and that glacial cycles are influenced by the pulse of the solid Earth.</abstract>
    <outcomes>Earth has repeatedly transitioned from ice ages to inter-glacials, when ice retreats and the climate warms.  Human civilization has flourished in the most recent interglacial, following the last ice age extreme ~20,000 years ago.  These ice age cycles are complex, but have happened about once every hundred thousand years for the past million years.    An underlying cause of the ice age cycles is changes in the amount of summer sunlight received in the northern hemisphere due to periodic variations in Earth's orbit, but these effects are amplified globally by changes in the CO2 content of the atmosphere.  CO2 during glacial periods is about 90 ppm lower than during inter-glacials, cooling temperatures and supporting the formation of ice sheets.  While the central role for CO2 is well known, the causes of the CO2 variations have been mysterious.    Climate scientists working on the atmosphere and ocean have looked for mechanisms whereby the ocean would take up CO2 during ice ages and release it during inter-glacials, but exactly how and why that would happen has not been clear.  The ultimate source of CO2 is volcanism from Earth's interior (Figure 1, the volcano image).  Earth?s interior contains vastly more CO2 than the ocean and atmosphere combined: might changes in volcanic output be an important factor in understanding glacial cycles?  This question has been little explored, partly because solid earth scientists do not generally work on climate science.      This project united climate and solid earth scientists to explore possible connections between climate and volcanism, and we found that they are extensive. Volcanism is influenced by changes in pressure that confine volcanoes. On land, glaciers cover many volcanoes, inhibiting volcanism even as they erode the volcanic edifice. When the ice melts, global volcanism can increase for a few thousand years by a factor of three to five, pumping extra CO2 into the atmosphere.  This leads to a positive feedback that contributes to rapid climate warming as an ice age ends and an interglacial begins.    Most of Earth's volcanism, however, occurs under the ocean along a global system of ocean ridges.  As ice sheets form and melt, sea level rises and falls by about 100 meters, changing the ocean's downward pressure on the undersea volcanoes.  We carried out a cruise to the Juan de Fuca ocean ridge to determine whether there were changes in volcanism that corresponded with glacial cycles.  We found that as sea level varied, volcanoes along the ridges fluctuated in their output by about twenty percent.  This leads to a new hypothesis for the most common topographic feature on Earth--abyssal hills (Figure 2 sea floor bathymetry) which are long linear quasi-periodic features that define the fabric of the sea floor.      Both global analyses of sea floor topography and detailed study of individual regions support this surprising new hypothesis, that changes in seasonal sunlight at the surface can end up causing extensive changes in sea floor topography, so that the record of Earth?s orbit is expressed in the hills and valleys of the ocean floor.    Perhaps the most fascinating features of ocean ridge volcanoes are the ?hydrothermal vents?, extremely hot springs that serve as oases for deep sea biological communities (Figure 3, hydrothermal vent illustration), and also form very rich ore deposits.  In addition to providing a deep-sea ecosystem, these vents are also the source of important chemicals such as iron to the oceans.  Hydrothermal input of iron is surprisingly important because it is a limiting nutrient for the oceanic biosphere.  The record of hydrothermal activity is contained in sediments that accumulate at the bottom of the ocean. By taking cores of sediments around the ocean ridge, we discovered that hydrothermal activity also varies with glacial cycles. The variations in volcanism change the balance between heat output and rock faulting, and this controls how hot and extensive the vents are.    The cores we recovered also led to a serendipitous discovery.  In the bottom meter of the cores, very fresh fragments of volcanic lava were preserved (Figure 4a, core being recoverd from ship 4b glass fragments).  These fragments were created by volcanic eruptions that explosively send them up into the water column where they spread before settling down into the sediment below.  Over thousands of years, the sediment gradually thickened, and the preserved lava fragments reveal how the chemical composition and form of volcanism changed over time.  How volcanism varies with time has been one of the hardest problems to crack at ocean ridges, and sediment cores now hold the promise of providing records of hundreds of thousands or even millions of years, opening up a whole new dimension of study of ocean ridge systems.        Through interdisciplinary cooperation, we discovered linkages between the solid earth and glacial cycles, establishing new connections, developing new hypotheses, and showing anew the amazing inter-connectedness of the Earth system.            Last Modified: 03/16/2021       Submitted by: Charles H Langmuir</outcomes>
</award-details>",software-produced,other-True,software-not-produced
1353014,BIO,BIO,"<award-details>
    <title>Hunger-Dependent Modulation of Olfactory Receptor Gene Expression</title>
    <abstract>Animals change their behavior in an ever-changing environment in order to survive and reproduce. The researchers are trying to understand how changes in the environment can alter behavior. Studies have shown that an animal's sensory perception of attractive and noxious chemical stimuli in its environment can dramatically alter its behavior according to its feeding state. These behavioral modifications could allow them to alter and optimize their food-search strategies. Growing evidence suggests that an animal's feeding state can alter its sensory perception directly by changing the expression levels of chemoreceptor genes. Thus, an important question is to understand how these expression changes may contribute to changes in an animal's behavior. This research investigates, for the first time, the mechanisms by which chemoreceptor genes in a single sensory neuron type are regulated by an animal's feeding state. Since disease-carrying mosquitoes change the expression of chemoreceptor genes as a function of their feeding state, this research will also provide the basis for novel strategies to control chemical-driven host-seeking behavior in these systems.    The researchers investigate the mechanisms of how an animal's feeding state can alter chemosensory behaviors by modulating the expression of chemoreceptor genes. With help of a feeding state-dependent reporter assay to monitor changes in chemoreceptor gene expression combined with genetic, genomic and behavioral approaches in C. elegans, this project will investigate the mechanisms by which the expression of this chemoreceptor gene in a single sensory neuron type, ADL, is modulated by feeding state via insulin and neuropeptide signaling. Genetic approaches will be used to identify potential transcriptional factors required for the expression of this chemoreceptor gene. Behavioral assays will be used to examine whether an altered expression of chemoreceptor genes contributes to altered ADL-mediated responses as a function of feeding state. Lastly, the transcriptional profile of the ADL neuron in starved animals will identify additional genes that provide new targets of regulators of altered behaviors upon starvation. The results of this project will provide critical information into the molecular and neural mechanisms of chemoreceptor gene expression, and the basic mechanisms underlying behavioral plasticity. This research will support the research training of undergraduate and graduate students from low-income and disadvantaged backgrounds. This research will also create a 'Sense of Smell Day' for K-12 students as part of Brain Awareness Week in Nevada to teach young explorers in the lab the basics of how the sense of smell works.</abstract>
    <outcomes>Animals modify their behavior based on external and internal state signals, such as hunger. However, the neural and molecular mechanisms that underlie this plasticity in behavior are poorly understood. Chemosensory basis of behavioral plasticity in response to dietary signals and internal nutritional need has been observed in a wide range of animals, which allows them to identify suitable food sources and avoid harmful environments. We and others hypothesized that plasticity in chemosensory behavior may, in part, be contributed by dynamic changes in the expression of chemosensory receptor genes localized in the sensory nervous system, which could allow animals to modify their behavior in response to changes in their internal feeding state. We investigated how animals modulate the gene expression of chemosensory receptors localized in the sensory nervous system using the C. elegans nematode as a model system. Its well-described and mapped nervous system, coupled to its completely sequenced genome allowed us to interrogate the neural circuits and signaling pathways that animals use underlying this chemoreceptor gene modulation. As such, we used a single chemoreceptor gene (srh-234), which is localized and expressed in a single sensory neuron type (ADL) in C. elegans. Our work in this project discovered that srh-234 transcription in ADL neurons is altered in different feeding state conditions; that is srh-234 expression is high when animals are fed, but low when animals are starved. We first characterized this feeding state-dependent transcription of chemoreceptor expression. We found a transcriptional module consisting of MEF2 and basic helix-loop-helix (bHLH) factors that act in ADL neurons to regulate srh-234 expression, and this expression can also be remotely regulated by bHLH factors acting in the gut. We also showed that sensory inputs into ADL neurons (i.e. food presence) and circuit inputs from RMG interneurons that are electrically coupled to ADL neurons are required to modulate srh-234 expression. This sensory- and circuit-mediated regulation of srh-234 involves the neuropeptide Y receptor homolog acting in RMG interneurons, and the insulin-like receptor acting ADL neurons. We further show that insulin signals from the gut can regulate srh-234 expression in ADL neurons. Combined our results were published in 3 peer-reviewed manuscripts.  In summary, key outcomes from this project illustrated that sensory neuron-gut communications via distinct insulin signals play a key role in the modulation of chemoreceptor gene expression. Our results further revealed a complex but yet intriguing neural and molecular mechanism by which chemoreceptor genes are turned on and off at the level of transcription in single sensory neuron types, which could be an effective strategy by which animals fine-tune their chemosensory responses in different feeding state conditions. Outcomes from this work could have implications for other systems, as dynamic changes in olfactory receptor gene expression is observed in disease-carrying mosquitos in response to feeding state, as well as in fruit flies and fish.  Other measured outcomes over the period of the project were educational and training activities, and the dissemination of knowledge to both the science and broader community. Two graduate students earned their doctoral degree and obtained postdoctoral positions at UCSF and the University of Pennsylvania. Graduate students were recognized by scholarship awards such as the Molecular Biosciences Berner Scholarship award (University of Nevada, Reno), and the Dean Merit Scholarship Award of UNR Graduate School. One graduate student was a finalist in the 3-minute thesis competition at UNR. More than 10 undergraduate and high-school students were part of the project, and either completed their honor or senior theses, obtained authorships on the peer-reviewed manuscripts, or were recognized by scholarships and awards. Of the undergrads, three went to Medical Schools (UNR, UNLV, USC), two went to Graduate School (UNR, University of Utah), and others moved on to non-academic careers. Dissemination of knowledge took place during the period by presenting posters and oral presentations at local, national and international conferences, seminars and annual graduate symposia open to the public. The students and the PI organized and led outreach activities for K12 students and the general public, such as Day with a Scientist, Brain Awareness Week in Nevada, and live scientific demonstrations and Social Science events at the Children Discovery Museum in Reno, Nevada.       Last Modified: 10/03/2019       Submitted by: Alexander Van Der Linden</outcomes>
</award-details>",software-not-produced,BIO-False,software-produced
1136705,BIO,BIO,"<award-details>
    <title>Dimensions: Collaborative Research: Integrating genetic, taxonomic, and functional diversity of tetrapods across the Americas and through extinction risk</title>
    <abstract>This project examines continent-wide variation in the dimensions of biodiversity. New data are collected on the biodiversity and extinction risk of 2,500 Western Hemisphere reptile species. These data are combined with existing data for mammals, birds, and amphibians to measure and map the diversity of all 13,000 terrestrial vertebrate species of the Americas, in three dimensions. The first is phylo-temporal diversity, measuring the genetically distinctiveness of the species in an area. The second is compositional diversity, measuring which species occur in an area. And the third is trait diversity, measuring how the species in an area vary in place, food, time, and size niches. For each of the three dimensions, measures will reflect differences over space (dissimilarity). All data will be published in open access databases.    The research is important scientifically in representing novel, hemisphere-wide analysis of the genetic, taxonomic, and functional diversity of a major species group. This will allow determination of relationships among the three dimensions of biodiversity, and, by using the extinction risk data, prediction of impending changes in these relationships. These analyses have important practical implications, because the degree to which the dimensions covary will determine the efficiency possible in their conservation. Our PI institutions comprise four universities and the non-governmental organization NatureServe, the latter of which provides a channel for incorporation of results into conservation decisions, as well as providing real-world exposure to the two postdoctoral associates, and three graduate and approximately 40 undergraduate students, who the project will employ. The project includes significant international capacity building through Red List workshops in Brazil, Costa Rica, Ecuador, and Chile, along with research coordination meetings in Brazil. Both students and PIs will be traveling and collaborating with in-country scientists during these meetings, with support provided by the Office of International Science and Engineering.</abstract>
    <outcomes>The diversity of life on Earth can be divided into three components, also known as dimensions:  The diversity of species. The diversity of ancestral relationships (for example, some species, such as warblers, have many close living relatives whereas other species, such as horseshoe crabs, have few living relatives). The diversity of ecological functions such as herbivorous/carnivorous feeding or nocturnal/diurnal habits.   The research centered around these aspects of diversity in the tetrapods &ndash; birds, mammals, reptiles and amphibians &ndash; of the Americas.  A major question addressed was the age-old conundrum of why there are more species in the tropics than in other regions like the temperature zone. The scientific debate has focused on ecological versus evolutionary explanations for this pattern. The ecological hypothesis reasons that the tropics have no winters and abundant rainfall and sunshine leading to great plant growth, which in turn provides more opportunities for species to coexist. The evolutionary hypothesis states that due to relative climate stability, species in the tropics have had more time to evolve and diversify into different niches than in temperate and arctic regions where frequent glaciations over geological history have prevented long periods of climate stability when species can diversify. An analysis of the three dimensions of biodiversity for tetrapods revealed strong support for the evolutionary hypothesis in explaining why there are so many more species in the tropics &ndash; they simply have had more time to diversify there.  Humans have inhabited the Americas for at least 12,000 years, during which time they have hunted prey and altered landscapes. Have they significantly altered the animal communities we observe today? By relating animal body size to local environmental conditions, we could determine whether current animal communities contain species that are the expected average body size. Body size is a good indicator of ecological function. In fact, there is a widespread pattern of tetrapods being smaller than expected throughout the hemisphere. This finding highlights a pervasive signature of human impacts on animal communities. Evidently hunting and land use change have caused the larger animals to become scarcer and more likely to go extinct.  As humans convert natural habitats, we lose species from the natural communities they once belonged to. One concern is that as we lose species, we lose more of the unusual species &ndash; those with few related species and those with rare functions in their ecosystems. This process can lead to the homogenization of natural communities, such that most are made up of the same wide-ranging species. This suggests that when making conservation decisions, we should consider all three dimensions of biodiversity. In other words, we should be protecting species with few living relatives (and therefore with more unique genes) and species with unusual functional roles instead of focusing solely on species. In fact, however, we found that representation of all three dimensions of biodiversity were strongly correlated across the Americas. This means that the current focus on species conservation likely serves as an effective surrogate for the other dimensions of biodiversity.  This project directly benefited 21 undergraduate, graduate and postdoctoral students who received international research experience and advanced their scientific careers. These students participated in designing research plans, conducting research and coauthoring scientific publications. Several students visited labs in universities in foreign countries, further strengthening and broadening their research experience.  Students and senior researchers contributed to 63 publications that have been published or are under review for publication in peer-reviewed scientific journals. These publications represent a permanent scientific record of the research conducted, and describe in detail the discoveries made during the course of the project.  The project also assessed the conservation status of over 2,200 New World reptiles, assigning IUCN Red List categories (e.g., Critically Endangered, Endangered, Vulnerable, Near Threatened, Least Concern or Data Deficient) to each of these species. The Red List data play an increasingly important role in global biodiversity policy. For example, they influence lending decisions made by the International Finance Corporation (IFC), a member of the World Bank Group. Red List data are one of the core knowledge products that power IBAT (www.ibatforbusiness.org), a global biodiversity decision support platform for businesses to use to reduce their environmental footprint. The Red List Index, which is calculated using data from assessments such as those that we contributed from this project, is a fundamental indicator for both the United Nations? Sustainable Development Goals and the Convention on Biological Diversity?s Aichi Targets. Thus the research conducted not only helped answer some of the big questions facing scientists, but also contributed to the development of human resources and global conservation initiatives.          Last Modified: 01/28/2018       Submitted by: Catherine Graham</outcomes>
</award-details>",software-produced,BIO-True,software-not-produced
2153894,ENG,ENG,"<award-details>
    <title>Collaborative Research: Using Anisotropic Surface Coating of Nanoparticles to Tune Their Antimicrobial Activity</title>
    <abstract>The rapid rise in antimicrobial/antibiotic resistance in pathogenic bacteria is a global public health threat. Antimicrobial resistance occurs when bacteria and fungi evolve to stop responding to antibiotics and to continue to grow. Each year in the US alone, antimicrobial-resistant bacteria or fungi cause infection in more than 2.8 million people and more than 35,000 deaths. Developing alternatives to traditional antibiotics is critical for addressing this global challenge. This collaborative project supports fundamental research to develop a new type of antimicrobial nanoparticle to combat  antibiotic-resistant bacteria. These nanoparticles are unique in that they display a non-uniform coating of hydrophobic and positively charged molecules. Such nanoparticles are expected to act through novel antibiotic mechanisms that are less likely to cause acquired drug resistance in bacteria. The research team will combine experiments with computational modeling to elucidate how interactions of these nanoparticles with bacteria depend on the non-uniform surface chemistry of nanoparticles and the cell wall chemistry of bacteria. The mechanistic understanding from this study will guide the rational design of antimicrobial nanoparticles against a wide range of pathogenic bacteria. By integrating nanoscience research with educational and outreach activities this collaborative project outlines interdisciplinary approaches to promote critical thinking and increase diversity in STEM. These approaches include the development of introductory undergraduate courses that integrate science teaching with art, a collaborative outreach project to K-12 students in rural areas, and training of the next generation of researchers, especially underrepresented minority groups.     Developing broad-spectrum antimicrobial nanoparticles is challenging because a single nanoparticle design cannot be a one-size-fits-all solution effective against all bacteria. Instead, nanoparticles whose antimicrobial activity can be tuned to match the bacterial diversity are needed. This collaborative project is focused on developing a new strategy to tune nanoparticle-bacteria interactions by using the anisotropic organization of ligands on nanoparticles. Specifically, experiments will be combined with molecular dynamics simulations to investigate interactions of amphiphilic nanoparticles with model bacterial membranes and a diverse selection of Gram-negative bacterial strains, many of which are resistant to most available antibiotics. The expected results will establish the structure-activity relationship governing the antimicrobial mechanisms of the amphiphilic nanoparticles. Such new understanding will enable the development and optimization of antimicrobial nanoparticles that are potentially more potent than existing ones and whose effects are tunable. The educational and outreach goal of this project is to develop interdisciplinary approaches to promote critical thinking and increase diversity in STEM. These approaches include innovation of introductory undergraduate courses by integrating art with science teaching, a collaborative outreach project to K-12 students in rural areas, and training of next generation of researchers with a particular emphasis on the involvement of underrepresented minority groups.    This award reflects NSF's statutory mission and has been deemed worthy of support through evaluation using the Foundation's intellectual merit and broader impacts review criteria.</abstract>
    <outcomes>None</outcomes>
</award-details>",software-not-produced,ENG-False,software-produced
9531571,CISE,CISE,"<award-details>
    <title>REU Site:  Undergraduate Symbolic Computations in           Engineering and Science (USCES)</title>
    <abstract>9531571  Vakakis, Alexander F  Sipcic, Slobodan R  University of Illinois Urbana-Champaign    REU:  Undergraduate Symbolic Computations in Engineering and Science (USCES)    This Research Experiences for Undergraduates project will support ten students per year in programs carried out during the summer, for three years.  The project will promote the emerging field of symbolic computational science as an approach to computational modeling and scientific computing with problems drawn primarily from mechanical and industrial engineering.  Specific goals of the project are (a) to introduce the students to modern computational and symbolic methodologies for solving challenging problems, (b) to increase understanding of the qualitative and quantitative nature of these problems, (c) to develop the students' ability to derive and interpret mathematical models, and (d) to provide an integrated educational experience to a selected group of undergraduate students with special emphasis on underrepresented groups.  Members of the research team are from `oth the University of Illinois and from Wolfram Research and use of the symbolic manipulation package Mathematica will be a focus of the effort.  ***</abstract>
    <outcomes>None</outcomes>
</award-details>",software-not-produced,CISE-False,software-produced
1507019,MPS,MPS,"<award-details>
    <title>Particle Systems, Percolation, and Scaling Limits</title>
    <abstract>In the general area of probability theory, an increasingly important role has been played in recent years by systems in which random effects are observed in the spatial structure rather than in (or in addition to) the behavior as a function of time (as in models of equity prices). Some of these models, such as percolation, have arisen separately in multiple contexts, such as fluid flow in porous media (which is relevant for example to modelling of pollutant dispersion in aquifers), polymer structure, and other parts of materials science. There are also connections to combinatorial optimization (as in the minimal spanning tree problem, which is a variant of the classical travelling salesman problem of designing optimal routings) and thus to various parts of theoretical computer science. This research project concerns the mathematical phenomena that occur in several representative examples of such stochastic systems with interesting spatial structure. One particular issue of study in the spanning tree problem is when an optimal route can go very far away from its starting and ending points -- a phenomenon known to experienced air travelers who want to optimize ticket price.    The work under this grant is in the general area of probability theory, with special emphasis on a number of stochastic models with interesting spatial structure. One specific topic is first-passage percolation based on d-dimensional Poisson point processes, with particular emphasis on nonexistence of doubly infinite geodesics. A second focus is on the classic problem of proving absence of an infinite cluster for intermediate dimensional critical Bernoulli percolation; a related problem concerns the number of trees in the minimal spanning forest and its dependence on spatial dimension. A third part of the project is to prove exponential decay of correlations in the recently constructed near-critical scaling limit of the two-dimensional Ising model. Finally, a fourth topic is the construction of scaling limits of voter model variants such as the q-state Potts model (in one space dimension) by using marked special space-time points of the Brownian web and net.</abstract>
    <outcomes>This project in the mathematical area of Probability Theory concerns the effects of small lengthscale randomness on very much larger spatial scales. The initial mathematical models, defined for small scales, can have relatively simple definitions, but often there is a critical value of some parameter where large scale properties change dramatically. Examples of this sort (although not the ones studied in this project) concern the reflective properties of Antarctic sea ice when temperature or salinity varies and the gridlock effect of automobile density in urban transportation.  One classic example of this type, known as the Ising model, was first studied in the 1920s by the physics graduate student, Ernst Ising, as a possible way to understand metallic magnets, like those that stick on refrigerators. But Ising models are potentially related to many other types of systems including ones called relativistic quantum field theories which combine the effects of special relativity (invented by Einstein around 1905) and quantum mechanics (which originated in the 1920s). One successful aspect of this project was to obtain some rigorous mathematical understanding of a very specific connection predicted in the 1980s by the physicist Zalmolodchikov between the Ising model in two space dimensions and a quantum field theory with one space and one time dimension.   A significant impact of this project on human resources was the mentoring of four undergraduates, two PhD students and two postdocs. .         Last Modified: 08/25/2021       Submitted by: Charles M Newman</outcomes>
</award-details>",software-not-produced,MPS-False,software-produced
1030360,ENG,ENG,"<award-details>
    <title>GOALI/Collaborative Research:  A Control Oriented Charge Mixing and Hybrid Combustion Model for SI-HCCI Dual Mode Engines</title>
    <abstract>The research objective of this Grant Opportunity for Academic Liaison with Industry (GOALI) Collaborative Research project is to develop accurate yet tractable dynamic models for SI (Spark Ignited) and HCCI (Homogeneous Charge Compression Ignition) dual mode engines to enable model-based real-time control and optimization of this novel and efficient internal combustion engine. Specifically, we propose a novel SI-HCCI hybrid combustion model that incorporates both SI and HCCI combustions and a new charge mixing model to capture the fluid dynamics and chemical composition of the engine. These two models will be integrated with a feedback structure, that is, the output of the charge mixing model is the input to the hybrid combustion model and the output of the combustion model is fed back to the charge mixing model.     The research will enable the real-time model-based control and optimization of SI-HCCI dual mode engines, which is critical for future clean and efficient automotive propulsion systems. This engine technology will significantly reduce the national oil consumption of both personal and commercial transportations. It will also reduce harmful emissions and mitigate the impact on climate change. This project's approach for developing and validating the hybrid SI-HCCI model can be applied to other type of engines and dynamic systems, where the phenomenological or computational models are not suitable.</abstract>
    <outcomes>The objective of this research is to develop accurate yet tractable dynamic models for SI (Spark Ignited) and HCCI (Homogeneous Charge Compression Ignition) dual mode engines for model-based real-time control and optimization of internal combustion engines. HCCI combustion has been demonstrated at steady state and promises significant reduction of fuel consumption with reduced emissions. However, to be practical for mass production, the HCCI engine needs to operate in a wide range of speed and torque conditions and be able to switch between SI and HCCI combustion modes. This requires real-time control of the combustion process and the related engine subsystems. An accurate and yet tractable dynamic model becomes a foundation of such work.  This project developed a novel SI-HCCI hybrid combustion model that incorporates both SI and HCCI combustion, while our collaborator developed a new charge mixing model to capture the fluid dynamics and chemical compositions of the engine. Both hybrid combustion and charge mixing models was integrated and validated using simulation and experimental data.  The research conducted in this project enables the development of the control oriented hybrid combustion and charge mixing models for the smooth mode transition between SI and HCCI combustion for an HCCI capable SI engine. The development, analysis, and validation of the control oriented model provide a systematic approach of developing control oriented models for complex dynamics associated with future advanced engines, such as the HCCI engine, free piston engine, etc. This paves the foundation for model-based engine combustion control to improve fuel economy with satisfactory emissions. This project also trained automotive engineers with advanced control design methodologies and educated graduate students in the areas of powertrain modeling, model-based control and optimization.          Last Modified: 05/12/2014       Submitted by: Guoming G Zhu</outcomes>
</award-details>",software-not-produced,ENG-False,software-produced
0943597,MPS,MPS,"<award-details>
    <title>EMSW21-MCTP:  The Carleton College Summer Mathematics Program for Women</title>
    <abstract>The Carleton College Summer Mathematics Program (SMP) has operated since 1995.  It is designed to support, encourage and mentor the female participants through all the intellectual, professional, and personal transitions from early undergraduate math major through early career as a practicing professional mathematician.  The literature on increasing female and underrepresented minority participation in mathematics suggests that among the most effective techniques for increasing confidence and success are: emphasizing effort over ability, providing exposure to role models, normalizing struggle (i.e., show that everyone struggles), and employing group work that builds interdependence. The SMP consciously and deliberately uses all these techniques. The instructors and directors design the program and the courses so that every participant is deeply challenged and maximally supported so that her efforts lead to success. The large SMP community ---consisting of approximately three hundred female mathematicians ranging from undergraduate mathematics majors, to graduate students,  to young PhDs and mid-career professionals--- provides a rich resource of ready and willing mentors and role models. SMP participants self-report in post-program evaluations increased knowledge of graduate school and the mathematical community, increased confidence in their ability to earn a PhD, and increased likelihood of doing so. SMP alumnae surveyed post-PhD report that SMP was an important source of inspiration, knowledge and confidence building.    This proposal will fund i) a four-week intensive program of mathematical immersion for undergraduate female mathematics majors held at Carleton each summer from 2010 to 2014, ii) an annual summer reunion conference for program alumnae who subsequently earned PhDs in mathematics, and iii) an annual winter workshop for advising and mentoring program alumnae in graduate school working towards the PhD.   These activities are designed with the goal of increasing the number of female mathematical scientists in the US.   The summer undergraduate program does an exceptional job at helping our student participants make the transition from a computational view of mathematics to a more theoretical understanding. We advise and assist our alumnae in finding an appropriate experience for the summer between the junior and senior undergraduate years. And we provide counsel and support as they choose graduate programs and, increasingly in recent years, extensive advice and counsel to our PhD alumnae as they enter the academic job market.  The winter workshop for graduate students, a new feature with this proposal, is designed to renew our contacts with alumnae and aid them as they choose an advisor, make the transition from coursework to research and later from student to young professional.  By 2014, the end of the period of support sought under this proposal, we expect that SMP alumnae will have earned approximately 140 Masters degrees and at least 70 PhDs, with another 50-60 SMP alumnae in or entering graduate programs in mathematical sciences. Ultimately the community of PhD alumnae of SMP supported under this and previous grants should number approximately 140. (There is a seven- to ten-year lag in completing a PhD after completing SMP since program participants are women in their first two years of undergraduate study.) These women will not only have PhDs, they will have productive careers and the inclination to give back in the form of mentoring and encouraging other young women.</abstract>
    <outcomes>The Carleton Summer Mathematics Program for Women (SMP) was established in 1995 as a summer program for early-stage undergraduate women interested in mathematics to address the paucity of women earning advanced degrees in mathematical sciences in the US.  SMP was designed to give them some of the tools they need along with the information, role models, and confidence, to encourage them to earn an advanced degree in a mathematical science.  The participants took two intense courses in areas of mathematics they wouldn't normally see as an undergraduate (such as Lie Theory or Low-Dimensional Dynamics), attended colloquia, had conversations about succeeding at graduate school and career possibilities with advanced degrees in mathematics, and they formed a kind of mathematical sisterhood and support network, ready to help each other through the sometimes-difficult transitions of graduate school.  As the community of former participants grew over the years, mentoring at different stages of their progress through the pipeline was added, including a one day workshop, the Graduate Education Mentoring workshop, in conjunction with the Joint Mathematics Meetings to provide encouragement, information, and mentoring for women in graduate school in mathematics; the women discuss concerns they are having about their graduate experience, how to pick an advisor, how to get research started, and how to give a good talk.  Also added over the years was a summer conference, the SMPosium, to honor women who finished their PhDs while giving them the opportunity to talk about the next stages of their careers:  learning to teach, maintaining a research career, and work/life balance.    This five-year grant, along with the two no-cost extensions, kept this community active for the past seven years.  During that time, 92 young women participated in the summer program SMP, 108 (not unique) women participated in the SMPosium, and 104 (not unique) women participated in the Graduate Education Mentoring workshop.  Twice yearly newsletters and information was sent out from the directors to keep the community active, and there was a reunion dinner once a year for participants from various years and various stages in their careers to meet each other.    Most of the women who've been through the program credit the program for playing a role in their decision to apply to graduate school and their ability to earn an advanced degree.  The numbers bear this out:  of the approximately 350 undergraduates receiving mentoring under the program, 102 have earned PhDs in a mathematical science (six of those in cognate disciplines, like engineering).  There are an additional 60 who are in graduate school currently.  The program has been recognized by the American Mathematical Society as a ""Program that Makes a Difference.""          Last Modified: 07/11/2017       Submitted by: Deanna B Haunsperger</outcomes>
</award-details>",software-not-produced,MPS-False,software-produced
1900366,MPS,MPS,"<award-details>
    <title>GOALI: D3SC: New Ligands and Understanding from Pharmaceutical Compound Libraries</title>
    <abstract>With this award, the Chemical Catalysis Program of the NSF Division of Chemistry is supporting the research of Professor Daniel Weix at the University of Wisconsin-Madison and Dr. Eric Hansen at Pfizer to explore new methods to find better catalysts for chemical reactions. Metal-catalyzed reactions are the key to improving the stewardship of the U.S.'s vast petrochemical resources and to discovering innovative, new medicines. Existing technology is based around scarce metals, such as palladium and rhodium, but recent developments with more earth-abundant metals, such as nickel, copper, and iron, show great promise. Unfortunately, there are currently few catalysts based around these more environmentally friendly and less expensive metals. This industrial-academic partnership is discovering new catalysts by mining an untapped resource, pharmaceutical compound libraries. Using these libraries of knowledge, the team is mining data to find new catalysts and to gather information on what properties make a good catalyst. Analysis of the collected data by researchers at Pfizer and UW-Madison, with the assistance of Professor Matthew Sigman at the University of Utah, guides the prediction of new catalysts and catalyst selection. The newly discovered catalysts are being made available to researchers through a partnership with Millipore-Sigma. This combination of experimental and computational training is preparing students to advance the use of data science in chemistry, an area that is rapidly growing in importance. This training includes students who are currently underrepresented in chemistry through partnerships with existing and new UW-Madison programs: the Chemistry Opportunities Program, Partners for Graduate School Experience in Chemistry, and the American Chemical Society BRIDGE to the Doctorate program.    The UW-Madison team, led by Professor Weix, and the Pfizer team, led by Dr. Hansen, are systematically searching the very large Pfizer compound library for new ligands using an iterative experimental and computational approach inspired by fragment-based drug discovery. The goals of this collaboration are to discover new privileged ligands and to develop broadly applicable parameters and models. Diverse potential ligands sourced from the compound library are being screened against known reactions with different metal and ligand requirements to find new ligand core structures. These core structures are then being optimized using conventional methods. The data gathered is analyzed, in collaboration with Professor Sigman, to provide an understanding of which properties (if any) are universal for useful ligands and to predict improved ligands. The impacts of this this research program extend to the development of new ligands and versatile ligand precursors that are immediately made commercially available from Millipore-Sigma.  The research may also result in better parameters and models that are useful for constructing a more diverse array of ligand types.  The large data sets are helpful for developing new computational approaches made available through data repositories.    This award reflects NSF's statutory mission and has been deemed worthy of support through evaluation using the Foundation's intellectual merit and broader impacts review criteria.</abstract>
    <outcomes>Intellectual Merit   This award supported joint research between the group of Professor Daniel Weix (UW-Madison) and Dr. Eric Hansen (Pfizer) on new methods to find better catalysts for chemical reactions (Figure 1). While metal-catalyzed reactions are the key to maintaining U. S. competitiveness in the chemical and pharmaceutical industries, existing technology is based around scarce metals, such as palladium and rhodium. Recent developments with more abundant metals, such as nickel, copper, and iron, show great promise, but there are relatively few catalysts based around these metals. This academic / industrial partnership between the University of Wisconsin-Madison and Pfizer explored the use of pharmaceutical compound libraries as a new source of potential catalysts and how some of the latest developments in computational tools could accelerate the discovery process (Figure 2). This latter work was supported by a collaboration with Prof. Matthew Sigman at the University of Utah, an expert in these tools. These efforts have resulted in a number of publications, two in print and several more in process, that resulted in two key findings.   First, it was found that the discovery of new catalysts from compound libraries could be accelerated by the use of simple computational tools (Figure 3). This is a useful finding because screening compound libraries, while easier than de novo synthesis of compounds, is still the slow step in catalyst discovery. It was not obvious that simple DFT-derived features would help in catalyst discovery because catalyst success depends upon a wide array of balanced (even opposing) qualities. Our study showed that using data derived from a small gauge screen of catalysts for a reaction, finding a correlation among those catalysts, and then using that correlation to select catalysts either qualitatively or quantitatively resulted in a much higher rate of success. More catalysts can be found with less work! Using this approach, we discovered two new catalysts that are very good for a challenging, pharmaceutically-important chemical reaction. These results are summarized in Figure 2 and reported inJ. Am. Chem. Soc.2024,146, 6947-6954. This research resulted in new catalysts as well as a lower-cost approach to catalyst discovery from compound libraries.   Second, the team found that computational tools could be used to predict the performance of potential catalysts and we used this approach to discover the best catalyst known for several reactions (Figure 4). While the use of computational tools in catalysis has gained momentum in the past decade, it remains difficult to predict performance outside of the training data. In plain terms, it is hard to predict very good catalysts if you dont already have equally good catalysts. This collaboration acquired a very high quality data set using high throughput experimentation equipment and expertise at Pfizer and high-level calculations conducted at UW-Madison of a key organonickel catalyst intermediate. Even with this advantage, it took additional human chemical understanding to identify a confounding trend and the acquisition of additional data to refine the models enough to make them predictive. The model developed allowed us to accurately assess potential catalysts using affordable computations before we undertook the more expensive synthesis and testing in a flask. This approach was successful in predicting a better catalyst in three out of three attempts. The new best catalyst is the most selective and/or highest yielding for three different reactions that we tested and they will soon be commercially available. In a forthcoming paper, we will report how one of these catalysts enables more sustainable nickel catalysis in less harmful solvents. In addition to better catalysts, this work provides a roadmap to other researchers to improve catalysts faster. Ongoing work at UW-Madison and Pfizer is applying this approach to other catalyst classes. This work was reported inJ. Am. Chem. Soc.2024,146, 3043-3051.      Broader Impacts   The studies funded by this grant resulted in three key benefits for the U. S. in the areas of training, better catalysts, and a high-quality dataset for use in developing machine learning tools. First, three graduate students and one postdoc were trained in the combined use of computational tools and organic chemistry. This field has grown rapidly and demand for these skills outstrips availability. One of these researchers is now employed by Pfizer and one is working as a researcher in data science at a US Army Research site. Second, four different catalysts were discovered that are among the best known for nickel catalyzed cross-electrophile coupling. These catalysts will be commercialized from a number of vendors (they are not patented and are free for anyone to use or sell) soon. Third, the high-quality dataset we gathered as part of this proposal will be deposited at the Open Reaction Database (ORD) where it will be freely available to groups working on developing better computational tools, models, and machine learning.        Last Modified: 07/31/2024       Submitted by: DanielJWeix</outcomes>
</award-details>",software-not-produced,MPS-False,software-produced
1926395,BIO,BIO,"<award-details>
    <title>Collaborative Proposal: MSA:  Environmental and anthropogenic drivers of decadal-scale changes in estuarine fish alpha and beta diversity from local to biogeographic scales</title>
    <abstract>Preserving biodiversity in the face of dramatic global environmental change is one of society?s most pressing challenges. To date, most focus has been placed on biodiversity loss, motivated by documented extinctions of many terrestrial vertebrate species. This focus on species extinctions, however, misses much of the bigger and messier picture of how biodiversity is changing. In many places across the globe, the number of species at a given location has actually been increasing or staying constant, not decreasing - bucking the expected trend. This might be because invasive species or species moving poleward in response to changing temperatures may balance out or outpace local losses. Moreover, species extinctions occurring at regional or continental scales simply may not be well documented in small-scale studies. Furthermore, even if the number of species at a location is not changing, the composition of the ecological community may be unstable. Estuaries (coastal water bodies where fresh and salt waters meet) are places of rapid transformation due to combinations of global environmental change and local factors, such as coastal development. This research will bring together data from government and academic research programs to measure how the biodiversity of estuarine fish communities has changed over the last 70 years across the entire US Gulf of Mexico and Atlantic coasts. Fish biodiversity is tightly linked with important ecosystem services like fisheries productivity. It is therefore critical to understand how these environmental changes may alter the biodiversity of estuarine fishes and how expanding warm-water species may reshape coastal fisheries. This project will support one postdoctoral researcher and provide innovative training in statistics, data synthesis, and collaboration.      The objective of this study is to identify environmental and human drivers of multiple components of estuarine fish biodiversity (alpha, temporal beta, and spatial beta diversity). This project will leverage time-series data sets spanning up to seven decades from 65 coastal embayments ranging from South Texas to Maine to assess biodiversity trends at nested spatial scales (survey site, embayment, eco-region, and continental). Through synthesis of biodiversity data with environmental and land-use data along with multi-scale and hierarchical models, it will be possible to identify hotspots of biodiversity change, important predictors of this change, as well as relevant spatial scales at which effects on biodiversity are evident. The project will also use a newly proposed metric, community mean range limit, to assess whether increases in warm-water species are driving biodiversity change along major range boundaries.    This award reflects NSF's statutory mission and has been deemed worthy of support through evaluation using the Foundation's intellectual merit and broader impacts review criteria.</abstract>
    <outcomes>Coastal zones are highly dynamic ecosystems that support critical fishing, tourism, shipping, and energy sectors. At basin scales, these systems are also being perturbed by multiple pulse (discrete, one-time) and press (chronic) stressors that may disturb nearshore marine communities. Notably, these stressors typically manifest over scales much larger than scientists controlled manipulative experiments, and usually occur as unreplicated designs that make it difficult for researchers to measure the separate or combined effects of press- versus pulse-style disturbance on estuarine communities.   Broadly, our findings across a suite of targeted research initiatives suggest that press disturbances generally force about twice as much change in fish abundances and diversity as do pulse disturbances (measuring the response of fishes after the cessation of the pulse event), even though pulse disturbances as discrete events are often high publicized (e.g., major storms, oil spills).   For instance, we considered the response of coastal marine communities to three types of press perturbations that indicated notable long-term shifts: regional warming, salt-water intrusion, and contaminant loading.   Warming: pinfish are key interactors in nearshore food webs in the western Atlantic and Gulf of Mexico (GOM), but they have been historically sparse north of Cape Hatteras, USA. Using multi-decadal trawl surveys, we demonstrated that pinfish have increasingly intruded into eelgrass meadows in the coastal bays of Virginia over the past decade. In 2022, for instance, pinfish abundances in Virginia equaled those observed in North Carolina (NC). Given their outsized ecological role in sub-tropical ecosystems, and that climate will continue to warm, our findings suggest that pinfish may soon come to dominate the structure and functioning of seagrass meadows in temperate estuaries.   Saltwater intrusion: many estuaries impacted by sea-level rise, channelization, and municipal infrastructure are experiencing saltwater intrusion and water-quality degradation that may alter oyster reef distributions, functions, and services. Using a combination of reef-associated faunal sampling (1950s  2010s), reef distribution (1880s2015), salinity (19132015), and water-quality-driven shellfish closure boundary (1970s2015) data, we documented that oysterreef communities in the Newport River Estuary, NC, have become less distinct across the estuary, manifest by 20%27% lower species turnover and decreased faunal richness among reefs in the 2010s relative to the 1950s. In addition to these biological shifts, the area of suitable bottom on which subtidal reefs persist (contracting due to up-estuary intrusion of marine waters and reef-destroying pests) and support human harvest (driven by water quality, eroding from up-estuary) has decreased by 75% since the natural history of these reefs was first explored.   Contaminants: we conducted a quantitative review to determine the direction and magnitude of changes in feeding rates following exposure of predator-prey pairs within freshwater-brackish and marine systems to anthropogenic CO2, heavy metals, microplastics, oil, pesticides, or pharmaceuticals. Across all contaminants, exposure generally decreased predation rates, likely due to reduced predator mobility or search efficiency. This synthesis indicates that energy flow up the food web, toward larger  often ecologically and economically prized  taxa may be dampened as aquatic contaminant loads increase.   By contrast, we also considered the response of coastal marine communities to two types of pulse disturbance, with evidence of relatively modest ecosystem-level effects: tropical cyclones and basin-scale oiling.   Major storms: From 20102020, ten tropical cyclones impacted coastal NC, providing an opportunity to explore ecosystem responses across multiple storms. Using monthly trawl and contemporaneous seagrass surveys conducted in Back Sound, NC, we evaluated how cyclones may affect the nursery role of shallow-water biogenic habitats by examining seagrass-associated fish responses within a temperate-subtropical estuary. Our findings suggest that the ability of these shallow-water habitats to support juvenile fishes was not dramatically altered by hurricanes. The resilience exhibited by fishes was likely underpinned by the relative persistence of the seagrass habitat, which appeared principally undamaged by storms based upon review of availablealbeit limited seagrass surveys.   Oiling: The 2010 Deepwater Horizon disaster challenged the integrity of the GOM large-marine ecosystem at unprecedented scales, prompting concerns of devastating injury for GOM fisheries in the post-spill decade. State and federal fisheries data during 20002017; however, indicated that GOM fishery sectors appeared to serve as remarkable anchors of resilience following the largest accidental marine oil spill in human history. Unraveling the mechanisms or this unforeseen stability represents an important avenue for understanding the vulnerability or resilience of humannatural systems to future disturbances.   Our findings have several ecological and logistical implications: (1), coastal fish populations/communities do not (yet) appear to regularly shift into alternative stable states following pulse disturbances; (2), the relative importance on press disturbances over protracted temporal scales highlight the need for long-term data to quantify the magnitude of effect sizes for those perturbations; and (3), the relative importance of press disturbances in driving ecosystem change emphasize the potential for shifting baseline syndromes to impact our expectations and understanding of what pristine ecosystems should be structurally or functionally.        Last Modified: 03/11/2024       Submitted by: FredrickJFodrie</outcomes>
</award-details>",software-produced,BIO-True,software-not-produced
1839353,MPS,MPS,"<award-details>
    <title>TRIPODS+X:VIS: The DISC Institute Workshop Series on Machine Learning + X.</title>
    <abstract>This project encompasses the planning and organization of several specialized workshops that will bring together top experts in multiple areas to shape new and emerging multidisciplinary fields, tapping the tremendous recent surge in the adoption of machine learning tools in various areas of science and engineering. The premise of this project is the need for sophisticated computational tools  to analyze data and improve our ability to understand and harness phenomena  associated with complex domains such as chemical processes, autonomous robots operating in open and dynamic environments, supply chain optimization involving large organizations with multiple and competing objectives, and cognitive neuroscience bridging electrical brain impulses and high-level functions such as problem solving. Towards this end it is necessary to foster interdisciplinary collaborations and to promote convergent research and develop fertile space for collaborations among industrial, academic, and governmental partners to attack some of the most pressing problems in technology and society.     Under the umbrella of the new Institute for Data, Intelligent Systems, and Computation (I-DISC) at Lehigh University, which builds upon the foundation of Lehigh research expertise in areas such as machine learning, optimization, and data-driven decision making, four workshops will be organized that will bring together leading researchers from different research communities that otherwise may not interact. All of these workshops are on newly emerging topics which are expected to gain significant traction in the near future. These topics are as follows: (1) Chemistry, chemical engineering, materials science, and related disciplines where machine learning is used  to elucidate and design complex processes (chemical/biological, engineered/natural) or material systems with wide ranging applications addressing grand challenges in energy, health, environment, and water. (2) Robotics, where applications of machine learning, also known as robot learning, has been rapidly growing in recent years, where the main focus has been to develop algorithms to assist robots to acquire novel skill or adapt to their environment through sensing. (3) Supply chain management with the specific focus on applying machine learning models for prescriptive analytics, such as optimization, in contrast to already popular use of machine learning (deep learning) models for predictive and descriptive analytics, such as predicting customer demands. (4) Cognitive Neuroscience with the focus on understanding the brain-cognition-behavior interface, which requires expertise in neuroscience as well as computational modeling, machine learning and big data science in order (a) to enable sophisticated analyses of complex patterns in brain data and (b) to provide insight into how hypothesized brain-level implementations could in fact produce observed behavioral outcomes.    This award reflects NSF's statutory mission and has been deemed worthy of support through evaluation using the Foundation's intellectual merit and broader impacts review criteria.</abstract>
    <outcomes>This project supported five specialized workshops that brought together top experts in multiple areas to shape new and emerging multidisciplinary fields, tapping the tremendous recent surge in the adoption of machine learning tools in various areas of science and engineering.Under the umbrella of the Institute for Data, Intelligent Systems, and Computation (I-DISC) at Lehigh University, which builds upon the foundation of Lehigh research expertise in areas such as machine learning, optimization, and data-driven decision making, five workshops were organized that brought together leading researchers and practitioners from different communities that otherwise may not interact. In particular, we held workshops under the general theme of Machine Learning + X, including the following:  Chemistry, chemical engineering, materials science, and related disciplines where machine learning is used to elucidate and design complex processes (chemical/biological, engineered/natural) or material systems with wide-ranging applications addressing grand challenges in energy, health, environment, and water. (This workshop was held in May 2019.)   Robotics, where applications of machine learning, also known as robot learning, have been rapidly growing in recent years, where the main focus has been to develop algorithms to assist robots to acquire a novel skill or adapt to their environment through sensing. (This workshop was held in October 2019.)   Supply chain management with the specific focus on applying machine learning models for prescriptive analytics, such as optimization, in contrast to the already popular use of machine learning (deep learning) models for predictive and descriptive analytics, such as predicting customer demands. (This workshop was originally scheduled for June 2021 but was postponed to December 2021 due to the COVID-19 pandemic.) Catastrophe modeling & data, with the goal of bringing together stakeholders from private sector, public sector, and academia in this field where siloed data and modeling efforts are hindering progress. The event served also to launch a new research center in this field, and a coordination network including other academic institutions. (This workshop was held in March 2023.) Data-Driven Urban Tech: How Machine Learning and Optimization Addresses Todays Urban Challenges. Technological innovations are creating opportunities for cities to rethink the way in which they address pressing and complex challenges. These include: mitigating and adapting to climate change, which has prompted researchers to design innovative prevention tools and disaster relief measures with the goal of making cities more robust; responding to the algorithmic economy (e.g., ride-hailing, bike-sharing systems, delivery systems), which has revolutionized our interactions with each other in the city; innovations in real-time information to help users decision-making, including smart infrastructure that aims to create a more sustainable ecosystem (e.g., energy efficient buildings, robust communication networks, smart grids); and other developments across mobility, healthcare and, in general, public and private services, including the adoption of autonomous vehicles, computer-assisted healthcare, analytics for water management, robust supply chains, among others. These developments bring myriad new questions around security, privacy, efficiency, equity, and complexity, alongside old challenges in urban planning. This workshop considered how machine learning and data-driven approaches can be used to improve quality of life in urban environments. (This workshop was held in May 2023.)         Last Modified: 01/09/2024       Submitted by: LawrenceVSnyder</outcomes>
</award-details>",software-not-produced,MPS-False,software-produced
1824223,GEO,other,"<award-details>
    <title>RAPID: Deploying a dense network to record seismicity at the Rattlesnake Ridge landslide</title>
    <abstract>In October of 2017, a series of cracks were discovered on Rattlesnake Ridge south of Yakima, WA.  At that time, they were ~1 m deep.  As of late December 2017, just two months later, those same cracks had grown to over 80 m deep.  These cracks represent the lateral margin of the Rattlesnake Ridge landslide, which consists of an estimated 4 million cubic meters of material that is making its way downhill slowly.  The slowly moving rock mass sits atop a (weak) sedimentary rock layer between thicker layers of Columbia River flood basalt.  The best case (and most likely scenario) is that this material continues to move south slowly and fall into an asphalt quarry.  However, an alternative (unlikely) scenario involves catastrophic failure which could block Highway 82, and dam the Yakima River flooding the surrounding area.  The objective of this RAPID proposal is to deploy 40 nodal seismometers in the surrounding area to continuously monitor seismic signals coming from the slide. Nodal seismometers (or nodes) are small, lightweight, cable free, three-component seismometers.  This state-of-the-art technology was developed for oil and gas exploration, however, nodes can also be used to study a variety of other seismic processes, such as earthquakes and landslides.  The size and (relatively) low cost of individual sensors allows for easily deployable, dense observation networks that produce high-quality data.  The resulting dataset can be used to determine the location, timing and nature of seismic signals coming from the slide.  The spatial and temporal evolution of slide related seismicity can be used to better characterize the landslide and potentially to predict when failure may occur.    Forty nodal seismometers will be deployed around the Rattlesnake Ridge landslide near Yakima, WA.  These instruments will be ""hot swapped"" every 30 days until the landslide fails or until the landslide reaches steady-state.  These deployments will result in three component seismic data from which travel times will be computed to form a 3D grid of potential sources. A network beamforming approach will be followed to detect, locate, and characterize seismic signals coming from the landslide.  This information will provide new insight into the size and nature of the slide of this rock block as well as the degree of internal deformation. This project has a potential broad societal impact and will help quantify and understand the landslide process in general.</abstract>
    <outcomes>The Rattlesnake Ridge landslide is a large translational landslide in central Washington state that rapidly destabilized in late 2017.  Failure was originally signaled by a series of small (meter deep) N-S trending cracks located on the western edge of the Rattlesnake ridge anticline immediately north of an active gravel quarry.  By January of 2018, those cracks had grown to be as large as 80 m. deep and delineated the eastern edge of an approximately 3 million cubic meter landslide.  Increased concern over the stability of the ridge, and its proximity to a small community, Hwy 82, and the Yakima River, resulted in the closure of Thorp Rd. and the evacuation of homes immediately south of the active slide body.  Over 50 local, state, and federal agencies were involved in the emergency management effort which made national news headlines.  Since that time, the slide has continued to deform reaching peak deformation rates of ~0.5 meters/week in April of 2018.     Nodal seismometers or ""nodes"" are lightweight, wireless, three-component, short-period (5 Hz) seismometers. The technology was developed for oil and gas exploration; however, nodes can be used to record a variety of seismic processes and are ideal for studying small magnitude earthquakes due to their sensitivity to relatively high frequency (i.e. &gt;1 Hz) seismic waves. Each Node is approximately six inches tall, five inches in diameter, and has a spike at the base of the instrument that couples it to the ground.  Each instrument takes approximately 5 minutes to deploy and the batteries, recording system, and GPS are all internal hence the setup is entirely cable-free.  The (relatively) low cost of individual sensors allows for easily deployable, dense observation networks that produce high-quality data.  Once the 30-day battery life is depleted the instruments can be recharged and data harvested in approximately four hours.  This award supported the deployment of nodal seismometers near and on the slide body to record high frequency earthquakes associated with slide deformation.  Instruments were deployed, recorded for ~30 days, and were then hot-swapped (i.e. each instrument at the end of its battery life was replaced with another fresh instrument) to minimize lapses in recording.  The resulting dataset is a four-month long record of continuous seismic data from 40 instruments.     Analysis of this data reveals a dataset that is rich in high-frequency, small magnitude earthquakes.  These events manifest as coherent amplitude changes recorded on multiple stations that have clear moveout and, in some cases, clear P and S wave arrivals.  While many of the events in this time period are smaller and manifest only on a subset of stations other events are visible at most of the stations in the network.  Cross correlation of detected events reveals that many events that occur at different times have nearly identical waveforms (i.e. cross correlation coefficients above 0.95).  These repeating earthquakes likely represent persistent patches of fault that repeatedly radiate seismic energy.  In summary, this four-month dataset can be used to better understand the mechanics of faults and landslide deformation processes.             Last Modified: 06/17/2019       Submitted by: Amanda M Thomas</outcomes>
</award-details>",software-produced,other-True,software-not-produced
1842386,EHR,other,"<award-details>
    <title>Data Science Program with Career Support and Connections to Industry</title>
    <abstract>The NSF's Accelerating Discovery: Educating the Future STEM Workforce supports efforts that can position the future STEM workforce to make bold advances in the NSF Big Ideas (https://www.nsf.gov/about/congress/115/10bigideas.jsp). This Accelerating Discovery project will support the Harnessing the Data Revolution Big Idea by developing a new interdisciplinary workforce training program in Data Science.  This program will include course work, research projects linked to emerging data analysis needs in the public and private sectors, and career development for undergraduates in mathematics.  The overall goal of the new data science program is to increase the numbers of math majors, including students from populations that are underrepresented in STEM, who enter the data science workforce. California State University Northridge enrolls nearly 40,000 students, 78% of whom receive financial aid. For many of these students, college is a pathway to employment and economic security. However, many math majors feel unsupported in career options other than K-12 education or graduate studies in mathematics.  This project will help them explore how data science can lead to careers in industry, government, and non-profit organizations. This project has the potential to help grow the national data science workforce.     The proposed data science program will target STEM undergraduates, particularly applied mathematics and statistics majors. The project has four goals. 1) Develop a data science course, given in flipped-format. Class time will focus on learning technical skills needed in industry.  2) Develop a year-long data science research experience for students. 3) Develop career workshops, seminars with data science practitioners, and links to data scientists employed in industry or government agencies. 4) Enhance interaction between mathematics faculty and local industry and government agencies to define the skills needed for employment. This interaction will help create an employer network interested in hiring the graduates and a student tracking system for industry careers. Over the longer term, this engagement with industry will support a development of an internship-to-career network. The student tracking mechanism will become part of the department's review process. Research on how this program improves student recruitment, retention, and entry into the data science workforce will provide new knowledge about building data science programs that link to potential employers.    This award reflects NSF's statutory mission and has been deemed worthy of support through evaluation using the Foundation's intellectual merit and broader impacts review criteria.</abstract>
    <outcomes>This program paved the way for data science track in a Hispanic Serving Institution, serving a commuter 4-year college. In the San Fernando Valley. This project was a collaboration between math and computer science departments to develop a comprehensive program that would include recruitment, curriculum, research mentoring, career support, and networking with industry. While the core of students came from math and computer science, students with majors in engineering, business, psychology, and biology also successfully completed the program.  Curriculum was developed for a 6 week data science bootcamp providing the necessary background in  python, statistics, SQL, and  machine learning. Students received $2000 for their participation. Students were given a stipend to complete year-long research projects under the guidance of faculty from STEM departments. Students attended a seminar series with speakers from industry and received help with writing resumes and preparing for technical interviews. The grant originally was funded for two cohorts, but a no cost extension funded a third cohort for an abbreviated program.  The success of the program can be measured by the students’ accomplishment. Graduates of the program obtained full time positions at NAVIAR, GM, Penny Mac, Human-I-T, FIST, Google, NFlux, Pixalate, Northrop Grumman, Appward, FloQast, J.D. Power, Blue Ocean Barns, Youth Enrichments, and Department of the Navy at Naval Information Warfare Center Pacific. Students completed internships at JPL, NASA AIMS, NASA Armstrong,  HRL, Griffiss Institute, NAVIAR, NAVWAR, CSUN Autonomy Research Center, Family Focus and Empowerment Center, and HERE Center. Some students decided to pursue advanced degrees at Harvard, Georgia Tech, UC Berkeley, UCI, USC, Purdue, CSULB, San Jose State, and CSUN. The program had a significant impact on students from underrepresented groups, in particular 28 female, 28 Latinx students, and 2 students with disabilities. The project resulted in two continued thrusts: department of mathematics and computer science departments are now offering the data science minor that was developed in conjunction with this project to provide students with opportunities to prepare for careers in data science, while the network of employers and career preparation materials became part of resources at the Industrial Mathematics Group to assist mathematics and statistics majors seeking careers in industry.                Last Modified: 03/10/2023       Submitted by: Carol A Shubin</outcomes>
</award-details>",software-produced,other-True,software-not-produced
1929900,BIO,BIO,"<award-details>
    <title>First Steps:  The Dynamics and Control of Underwater Walking</title>
    <abstract>The colonization of land by animals is one of the greatest evolutionary events in the history of life, but our understanding of the physics of this occurrence is limited.  Long before animals walked on land, the first steps were taken beneath the water's surface by animals walking on submerged substrates.  This behavior formed the basis for eventual movement on land, but the physics display a complex mix of fluid forces (drag, buoyancy) and typical walking forces (foot-substrate interactions, gravity).  Understanding of this behavior is limited by the inability to effectively measure the forces exerted on the substrate. This project will create a custom-designed force sensing system to record the small substrate forces that occur during underwater walking, and, combined with measurements of drag, buoyancy, and other fluid forces, will provide the first complete picture of the mechanics of this behavior.  This will provide crucial insights into the evolution of walking and how animals adapted to the eventual transition onto land.  In addition to providing valuable training for graduate students, this project will provide the scientific community with a new tool for investigating underwater forces and provide insights for the design of biologically-inspired underwater exploration vehicles.    Effective locomotion was crucial to the initial invasion of land, and underwater walking was the key behavioral predecessor that was exapted into terrestrial use during this transition.  However, the biomechanics and control of underwater walking are poorly known, in part due to the difficulty of measuring small substrate reaction forces.  The combination of both fluid and substrate forces could make typical walking dynamics untenable, particularly the reduced effective body weight due to buoyant support, and damping effects from the surrounding fluid (particularly drag and the added mass effect). This project will investigate the dynamics and control of underwater walking via direct measurement of substrate reaction forces using a novel underwater force sensing system, combined with measurements of fluid forces, across variable substrates and environmental conditions. This will provide insights into how these forces interact and how animals control these interactions to produce controlled locomotion, as well as how changes in environment could affect these dynamics and how underwater walking could be exapted to a terrestrial setting.  Effective understanding of these dynamics could provide insight into the use of underwater walking in extant species, the biomechanics of the ancient transitions from underwater to terrestrial walking, and insight into the control of underwater walking robotic systems for exploration.    This award reflects NSF's statutory mission and has been deemed worthy of support through evaluation using the Foundation's intellectual merit and broader impacts review criteria.</abstract>
    <outcomes>The colonization of land by animals represents a pivotal moment in evolution, but the first steps were taken long before this, while walking underwater along the substrate. This behavior arose early in evolution, served as the precursor for terrestrial walking, and remains widespread among modern species. However, the difficulty of measuring the small forces applied to the substrate has limited our understanding of this important behavior. To solve this, we created a low-cost waterproof force plate, made using 3D printed materials and commercial electronics, which could detect the tiny forces exerted by animals walking underwater.   Using this system, we characterized the underwater walking of axolotls, a salamander which retains its aquatic juvenile form throughout its life and frequently uses underwater walking. Vertical forces were low due to buoyancy of the body, but the need to move against drag resulted in strong propulsive forces. Furthermore, the inverted pendulm exchange between kinetic and potential energy, an energy-saving feature typical of terrestrial walking, does not occur due buoyant support almost completely counteracting gravity and thus greatly reducing potential energy fluctuations. Finally, the combination of buoyancy and drag effectively insulated the axolotl from any consequence of falling or tripping, allowing a highly variable gait.   Collaboration with Friday Harbor Marine Laboratories allowed us to repeat these tests on California spot prawns. These denser crustaceans were less supported by buoyancy, but showed broadly similar results. Although potential energy fluctuations were similar to those of kinetic energy in prawns, minimal energy exchange occurred due to poor alignment between the two. We were also able to record several trials in which the prawns propelled themselves with both foot contact with the substrate and swimming thrust from the pleopods simultaneously. Additional trials with skates were able to detect the forces exerted by the fishs wake, including pulses of thrust from the flapping pectoral fins, as it swam above the force plate without contacting it   These results have significant impacts in our understanding of both modern underwater walking animals and the transition from water to land in ancient species. Understanding the differences in forces and energetics between terrestrial and underwater walking can help us understand how animals which primarily walked underwater adapted to the new demands of the terrestrial world. Furthermore, these insights can also help us design better underwater walking robots, using bio-inspired design to leverage the unique benefits of this mode of locomotion. Finally, the low-cost underwater force plate has been made fully open-source, with detailed instructions available freely online, and several labs have already constructed their own.           Last Modified: 02/24/2024       Submitted by: HenryAstley</outcomes>
</award-details>",software-produced,BIO-True,software-not-produced
1707822,MPS,MPS,"<award-details>
    <title>RUI: Measuring Nanoscale Thermal Transport with Trapped Ions</title>
    <abstract>The transport of heat via thermal conduction is important for a host of everyday situations ranging from cooking one's dinner or heating and cooling one's home to removing waste heat produced in consumer electronics.  Although thermal conductivity is well understood on macroscopic, everyday scales, heat transport on the tiny size scales relevant for today's modern microelectronics - at the crossover between regimes governed by classical versus quantum mechanics - has resisted scientific study.  This project, which will simulate nanoscale thermal conductivity using a system of atoms that will be ionized, trapped with electric fields, and probed using lasers, is a step towards understanding heat flow at the crossover between quantum and classical mechanics.  Taking place at an undergraduate institution, students will be involved in all aspects of the experiments - designing and building lasers, electronics, and data acquisition systems, writing software, and carrying out data collection, providing superb training for future careers in the sciences.    The central idea underpinning this work will be to co-trap multiple isotopes of calcium to create a sympathetically cooled, linear chain of ions.  The end ions of the chain will be 44Ca+ ions, laser cooled to different average vibron numbers, analogous to thermal baths of different temperatures.  40Ca+ will form the central `bulk' of the chain.  Resolved sideband spectroscopy, individually addressed to specific ions in the chain, will be used to read out the average number of vibrons at each ion, equivalent to a temperature distribution.  Under typical circumstances vibron transport along the chain is expected to be ballistic, leading to a near-uniform distribution in the bulk.  However, inducing vibron dephasing by introducing localized noise to the trapping potentials or strengthening radial-axial mode coupling across the linear-to-zig-zag structural phase transition will break the chain into thermally disconnected subsystems.  This will allow observation of the onset of diffusive thermal transport, manifested as a non-uniform gradient of the average vibron numbers.  This work will extend quite naturally to include study of techniques for improving sympathetic cooling of linear ion chains, a central tool for a wide array of experiments pursuing quantum information processing with trapped ions.  This research program is thus expected to aid in our understanding of nanoscale thermal conductivity and also to inform the next generation of experiments in trapped ion quantum computation and quantum simulation.  Additionally, isotope shift measurements made as part of this work will contribute to the understanding of atomic and nuclear theory.</abstract>
    <outcomes>This research, located at an undergraduate institution, has focused on the construction and use of a facile apparatus for simultaneously trapping and manipulating multiple isotopes of calcium using surface-electrode ion traps and lasers.  Coherently manipulating multi-species chains of ions enables the study of a host of problems in heat transport by differentially heating and cooling the various ions in the chain and observing the flow of heat as vibrational excitations which propagate between the ions.  Co-trapped chains of multiple species are also ideally suited to differential measurements of the ions' atomic structure.  Such measurements are influential in improving our understanding of the Standard Model and in probing for new physics beyond the Standard Model.  Undergraduate students play an active role in all elements of the work ranging from the design and assembly of experimental elements including vacuum chambers, lasers, and data collection software &amp; hardware to the collection of data and its ensuing analysis.   During the course of this award we have successfully built a versatile multi-species ion-trapping apparatus and demonstrated simultaneous co-trapping and manipulation of multiple isotopes of calcium.  We have also designed and built new laser electronics, leading to the publication of a manuscript describing our low-noise piezo amplifier circuit.  The new apparatus has been used to conduct isotope shift measurements of the 42S1/2 --&gt; 32D5/2 electric quadrupole transition in 42,44,48Ca+ and  40Ca+ at part-per-billion precision, resulting in a published article with undergraduate co-authors.  Measurements of the parallel 42S1/2 --&gt; 32D3/2 is presently well-underway, with a corresponding second manuscript in preparation.   In addition to the primary apparatus which has been used for the isotope shift measurements, a second experimental system featuring a more versatile ion trap (the Sandia National Labs `High Optical Access' trap) has been built and trapped ions.  An additional `blade' style trap built during the recent funding period has also recently been put under vacuum for use in upcoming experiments.     Broader Impacts  Isotope shift measurements such as the ones discussed here yield information about nuclear ground states and contribute to our understanding of a variety of important parameters in the Standard Model.  Furthermore, once complete the 42S1/2 --&gt; 32D3/2 measurement will enable a test of King's linearity in the calcium system with heretofore unprecedented Hz-level precision, probing for the existence of conjectured new lightweight bosonic Dark Matter.      As part of this award we have brought fourteen undergraduate students into the laboratory to work on these projects.  All of these students have had the opportunity to present their work publicly on campus in poster sessions or talks, and many have attended and presented at national and/or international conferences.  Seven have completed senior research theses, six of whom are presently applying to or enrolled in PhD programs in physics or related fields.  Several others are now employed in the science and technology sectors.  These students join a group of more than twenty-five students supervised in the lab since its inception, all of whom have learned essential laboratory and scientific communication skills which are broadly applicable to future careers in the sciences.         Last Modified: 12/30/2022       Submitted by: Charlie Doret</outcomes>
</award-details>",software-not-produced,MPS-False,software-produced
1718074,CISE,CISE,"<award-details>
    <title>SaTC:  CORE:  Small:  Collaborative:  A Broad Treatment of Privacy in Blockchains</title>
    <abstract>Blockchains provide a new perspective on secure, decentralized information sharing and are projected to be the technology of the future. Blockchains were first introduced as the underlying mechanism of cryptocurrencies and are used to secure financial transactions without the need for a central trusted party. Today, blockchains are also recognized for their potential advantages in various contexts ranging from identity management to health data records. However, despite being such a promising tool, the data posted on a blockchain is public and immortally captured and thus the privacy of the users can be massively violated if privacy concerns are not taken into consideration. The goals of this project are to develop a formal model for privacy in blockchains and privacy-preserving tools.    This project develops a framework that captures privacy requirements for transactions, data blocks and the mining process under a threat model that reflects the adversarial capabilities over the Internet (i.e., composable security). Building on this framework, the researchers investigate new privacy-preserving mechanisms for existing blockchain payment systems and the design of new blockchain-based payment systems with built-in privacy properties that do not require a trusted setup.  Next, the researchers investigate new privacy requirements like hiding the identity of the miner which is relevant in scenarios where mining a block might signify the endorsement of the information included in the block. Finally, the researchers develop techniques to guarantee accountability even in a privacy-preserving setting where privacy should be preserved only so long as a pre-specified bad behavior is not detected.</abstract>
    <outcomes>Intellectual merits.  Our main contributions can be grouped as follows:   Analyzing privacy: We  proved a lower bound on the highest anonymity guarantees that can be achieved in any proof-of-stake blockchain. We showed that de-anonymization attacks can be mounted through network delays, regardless of whether parties are using anonymous broadcast or point-to-point channels, and regardless of the cryptographic protocols being employed. As a consequence we proved that  full anonymity is impossible to achieve in network that allow adversarial delays (S&amp;P21). Along the same lines, but in the different contest, we showed other privacy attacks that are based on the ability of the adversary to run smart contracts, and allow an adversary  to break the zero-knowledge property of certain blockchain-based zero-knowledge proofs (PKC 21,20).     Formalizing privacy:  we explored novel approaches for defining anonymity for blockchain-based payment systems, based on differential privacy (PoPETS 22). We provided the first definition of privacy for side-chains, and provided a framework to categorize and analyze techniques for accountability and auditability of anonymous blockchains.     Enhancing  privacy: We introduced and constructed new building blocks to enhance privacy in blockchain applications. The most recent  primitive,  called Private Signaling, was awarded the distinguished paper award at USENIX 22 and it aims at providing  full anonymity with zero-overhead to blockchain users. We also built a plethora of primitives that serve as building blocks for adding privacy under various trade-offs in terms of efficiency, trust assumptions and computational assumptions. For instance, in terms of  improving efficiency, we provided a communication-efficient cryptographic accumulators in the Bilinear Pairing setting, that allows for faster batching aggregation of proofs (CCS 22). In terms of reducing trust-assumptions, we constructed publicly verifiable zero-knowledge proofs that do not require any trusted setup, but only the existence of a blockchain with some unpredictability property. We also designed a decentralized protocol that allows a crowd of people to audit the validity of a trusted setup process even in the setting that all servers and all the clients of the MPC protocol are subverted by an adversary (ASIACRYPT 20). In terms of reducing computational assumptions,  we built the first post-quantum secure threshold ring signature (PKC21), and  one-time traceable ring signatures  that use primitives in a black-box manner (USENIX21). Notably, the latter is the only example of an anonymous building block that uses a random oracle only.       Broader Impacts Our study of the privacy of blockchains directly impacts the blockchain community because informs on what are the inherent limitations of anonymity (e.g., through our lower bound) and what are the tools that can be used to enhance anonymity in a provably secure way (e.g., through our building blocks). Indeed, all our results are proved in formal frameworks. The PIs have actively engaged with local blockchain interest groups and companies in their areas.  The results of this proposal have been published in major conferences and are all publicly available to public archives.  We have disseminated our results, through seminars, invited talks and conference presentations.              Last Modified: 02/24/2023       Submitted by: Alessandra Scafuro</outcomes>
</award-details>",software-not-produced,CISE-False,software-produced
1829509,GEO,other,"<award-details>
    <title>Collaborative Research: Decomposing the effects of diversity on the abundance of marine parasites</title>
    <abstract>As Earth's ecosystems experience rapid biodiversity change, disease ecologists have turned to an urgent question: how might reductions in biodiversity affect the transmission of parasites? In other words, does biodiversity loss increase the abundance of parasites by eroding natural checks and balances on transmission? Alternatively, does it decrease parasite abundance by removing the free-living biodiversity on which parasites depend? This study will constitute the first comprehensive test of these questions in any ecosystem by evaluating the relationship between fish biodiversity and parasite abundance across 18 replicate coral reef ecosystems. Not only will the project explore whether reductions in fish biodiversity are associated with increases or decreases in parasite burdens, it will also assess whether parasite and host traits or geographical distance influence the direction and strength of this relationship. The theories to be tested are among the most important and controversial in the rapidly growing field of disease ecology and this work represents a novel, creative approach to a long standing, but unresolved research question. The project will yield transformative insights into the nature of parasite transmission in a changing world. Furthermore, it will intimately intermingle education with research by launching the Research Internship in Molecular Ecology at California State Monterey Bay, which will place a group of underrepresented undergraduates in a central research role, and by developing and disseminating quality educational tools for teaching about parasite biodiversity through collaboration with the Network of Conservation Educators and Practitioners at the American Museum of Natural History. Parasites are often hidden and can be easy to overlook, but they are ecologically important and affect every population of marine animals.      The field of disease ecology is plagued by uncertainty and disagreement over whether biodiversity loss exacerbates parasite transmission, because it lacks the comprehensive, multi-host, multi-parasite, broad-spatial-scale dataset needed to formulate a convincing empirical test.  To answer this recalcitrant question, the PIs will generate a dataset of unprecedented replication and taxonomic and spatial resolution, by exploiting the advantages of a marine model system. The project is centered on a natural experiment in which the abundance of parasites will be quantified across a highly resolved gradient of host biodiversity, for more than 77 parasite species and 18 replicate coral reef ecosystems. The resulting dataset will critically test hypotheses for the biodiversity?parasite abundance relationship, revealing how the direction, shape, and scale-dependence of this relationship vary across a diverse array of parasite taxa, and resolving questions of burning interest in the disease ecology literature ? and of vital importance to marine conservation. This project will address the following questions: (Q1) For each parasite species detected, what is the direction and shape of the relationship between biodiversity and parasite abundance? (Q2) What factors (e.g., parasite traits like transmission strategy and host specificity, host traits like body size) determine the direction and shape of the relationship between biodiversity and parasite abundance? (Q3) How does spatial scale interact with parasite dispersal capacity to moderate the effects of biodiversity on parasite abundance? To address these questions, the project will integrate an existing dataset on fish biodiversity and abundance of coral reef fish parasites from six equatorial Pacific islands (the Northern Line Islands) with new sampling from 12 additional islands (the Southern Line Islands and French Polynesia). The resulting dataset will reflect the burden of >77 metazoan parasite taxa for seven species of coral reef fishes across18 islands. This work will provide the world's first data on the direction, magnitude, and shape of the biodiversity?disease relationship across a diversity of parasite taxa, host taxa, and spatial scales, and will comprehensively identify conditions under which biodiversity is likely to be important in determining the abundance of parasites ? a fundamental contribution to ecology and to biological oceanography. The project will also intimately integrate education with research by placing a group of underrepresented minority undergraduates in a central research role: performing the molecular analyses required to estimate parasite dispersal distance. A summer Research Internship in Molecular Ecology will be established at California State University Monterey Bay, a Hispanic-Serving Institution. The project will also underwrite the development of a peer-reviewed learning module on parasite biodiversity, to be developed and disseminated in collaboration with the American Museum of Natural History, and will support the training of two graduate students, one postdoctoral scholar, and several undergraduates.    This award reflects NSF's statutory mission and has been deemed worthy of support through evaluation using the Foundation's intellectual merit and broader impacts review criteria.</abstract>
    <outcomes>The loss of biological diversity is considered one of the principal environmental challenges of the 21st century, and there are hints that this reorganization of food webs could affect how parasites are transmitted among hosts. Parasites are often hidden and can be easy to overlook, but they are ecologically important and ubiquitous - so it is important to understand whether we should expect more or fewer of them as biodiversity disappears. Does biodiversity loss increase the abundance of parasites by eroding natural ""checks and balances"" on transmission? Or does it decrease parasite abundance by removing the free-living biodiversity on which parasites depend? Answers to these questions are urgently needed if we are to mitigate or prevent an uptick in parasite transmission for ecosystems experiencing biodiversity loss.   In a joint collaborative research project among the University of Washington, Scripps Institution of Oceanography, and California State University Monterey Bay, we addressed these questions using a dataset of unprecedented size. We sampled parasites of coral reef fishes from 19 replicate islands in the central equatorial Pacific to study how biodiversity and parasite burden covaried.   The specific objectives of this study were to: (1) assess the direction and shape of the relationship between biodiversity and parasite abundance, and (2) understand whether there are factors (e.g., parasite traits like transmission strategy or dispersal capacity, host traits like body size, spatial scale of observation) that influence the relationship between biodiversity and parasite abundance.   The highlights of this study to date are: (1) We built a dataset of parasite diversity and abundance from 5,000 fish hosts from 19 islands, including eight Society Islands (Moorea, Tahiti, Huahine, Tetiaroa, Raiatea, Tikehau, Rangiroa, Takapoto) and 11 Line Islands (Kingman, Palmyra, Teraina, Tabuaeran, Kiritimati, Jarvis, Malden, Starbuck, Millennium, Vostok, and Flint), which yielded hundreds of thousands of individual parasites across hundreds of parasite species. (2) Results from a subset of these data showed that geographic features, including island area and island isolation, were the best predictors of parasite abundance within the Line Islands archipelago. We also found that life history moderated this relationship. (3) Given that island area was tightly associated with human population density, we cannot say whether island area or human population density is the true driver, but our findings are consistent with a positive influence of human population density / island area on directly transmitted parasites and a negative influence on complex life cycle parasites. This suggests that human impacts might shape the broad geographic distribution of parasites.   Research team and benefits to society:  We created and published a peer-reviewed, open-access learning module on parasite biodiversity (Claar et al. 2020). This module is designed for undergraduate biology courses and is available in the open-access database of the American Museum of Natural History's Network of Conservation Educators and Practitioners, at this link: https://ncep.amnh.org/index.php/Detail/objects/1071. We ran a paid summer research internship for undergraduates: the Research Internship in Molecular Ecology (RIME). This program placed a group of underrepresented undergraduates in a central research role, as the team used molecular techniques to investigate the dispersal distance of parasite specimens collected from the central Pacific. RIME students spent a total of 15 weeks performing DNA sequencing of parasite vouchers in the Molecular Ecology Lab at California State University Monterey Bay. Each student led an independent research project and presented a poster on their project at the CSUMB Undergraduate Summer Research Poster Symposium and the Western Society of Naturalists Meeting. This grant has supported the graduate-level training of three women scientists, one at each collaborating university. Our reach extends beyond the individuals who are funded by the grant (2 PIs, 1 postdoc, 1 PhD student, 2 MS students, 2 laboratory technicians, 1 project supervisor, 6 RIME interns), as we have leveraged other funds and used our network of collaborations to extend the benefits of this project, by including as collaborators 1 additional project scientist, 1 additional postdoc, 3 additional PhD students, 1 additional MS student, 4 professional staff, 1 undergraduate McNair Scholar, and 12 undergraduate research assistants.    Conclusions and future directions: Our research will provide the world's first insights into the direction, magnitude, and shape of the biodiversity-parasite abundance relationship across a diversity of parasite taxa, host taxa, and spatial scales. This study has identified conditions under which biodiversity is likely to be important in determining the abundance of parasites - a fundamental contribution that can be readily extrapolated from our marine focal system to freshwater and terrestrial ecosystems. No prior study has attempted such a comprehensive investigation of how biodiversity-parasite abundance relationships play out in real ecosystems, and this will contribute substantially to a literature that currently relies on empirical evidence from a mere handful of parasite species. Our progress was delayed by COVID-19 and we are continuing to analyze the large dataset we produced and to write manuscripts reporting our findings.        Last Modified: 08/26/2024       Submitted by: ChelseaWood</outcomes>
</award-details>",software-produced,other-True,software-not-produced
1709991,ENG,ENG,"<award-details>
    <title>Developing anisotropic media for transformation optics by using dielectric photonic crystals</title>
    <abstract>Title: Novel media for transformation optics using dielectric photonic crystals    Non-Technical Description:   Transformation optics (TO) is based on coordinate transformations, which require proper spatial dispersions of the media parameters. Such media force electromagnetic (EM) waves, moving in the original coordinate system, to behave as if they propagate in a transformed coordinate system. Thus TO introduces a new powerful technique for designing advanced EM devices with superior functionalities. Coordinate transformations can be derived for compressing, expanding, bending, or twisting space, enabling designs of invisibility cloaks, field concentrators, perfect lenses, beam shifters, etc., that may bring advances to various areas of human life. Realization of these devices depends on the possibility of creating media with prescribed EM properties, in particular, directional refractive indices to provide wave propagation with superluminal phase velocities and high refractive indices in the normal direction to cause wave movement along curvilinear paths.  Originally, artificial metamaterials (MMs) composed of tiny metallic resonators were chosen for building transformation media. However, a number of serious challenges were encountered, such as extremely narrow frequency band of operation and the high losses in metal elements. The proposed approach is to use dielectric photonic crystals to overcome these major limitations of MM media. This project will allow graduate and undergraduate students, especially women in engineering, to participate in theoretical and experimental EM research. Outreach activities include lectures and hands-on projects in several youth programs to K-12 students.    Technical Description:   This project will develop a platform for engineering photonic crystal (PhC)-based media that are free from the major limitations of metamaterial media. The project aims to control wave propagation in media along orthogonal crystallographic directions and relies upon self-collimation phenomena at formulating TO-based prescriptions for refractive indices. For realizing directional dispersions of both superluminal and ordinary indices along desired axes of crystals, proper variations of their lattice parameters will be used. Accurate control of index values will be provided by building the media from crystal fragments with optimized dimensions. Microwave experiments using a parallel-plate waveguide chamber will be performed to record wave propagation and to verify computational results.   Technologies developed earlier for fabricating low-loss PhCs will help to implement the practical devices. This interdisciplinary research will integrate electromagnetics, physics, optics, and materials science concepts; employ full-wave computational modeling and design; engineer complex materials architectures; and master characterization techniques for complex structures. The project will open up perspectives for TO by developing new approaches for media engineering and by solving fundamental problems, including integration of self-collimation. This research will integrate electromagnetics, physics, optics, and materials science concepts and will advance the potential of PhCs.</abstract>
    <outcomes>The science of transformation optics (TO) provides a powerful tool for creating electromagnetic devices with unprecedented functionalities, which could bring advances into various areas of human life. TO employs coordinate transformations to bend wave paths and control wave flows. To make waves follow new trajectories, coordinate transformations should be accompanied by respective transformations of material properties of the medium. Deriving coordinate transformations for compressing, expanding, bending, or twisting space, enables designs of invisibility cloaks, field concentrators, perfect lenses, beam shifters, etc. However, realization of these devices demands transformation media with prescribed material parameters, which, as a rule, are not accessible in natural materials. While the first TO media were built from metamaterials (MMs), i.e., artificial materials composed, instead of atoms, of tiny metallic resonators, their employment required solving such problems, as homogenization of the media, inter-resonator coupling, extremely narrow frequency band, and increased losses at higher frequencies that restricted realization of TO-based photonic devices.   In this project, artificial materials of another type, dielectric Photonic Crystals (PhCs), were investigated as alternative media for TO-based devices. Since electromagnetic responses of PhCs are defined rather by their periodicity than by resonances in their ""atoms"", transformation media composed of PhCs is free from major limitations of MM media. Although attention to PhCs has been primarily focused on crystals with complete bandgaps in their energy diagrams, we have demonstrated that by strategically modifying lattice cells of crystals formed from dielectric rod arrays, it is possible to create the media providing prescribed anisotropic spatial dispersion of material parameters to satisfy most sophisticated TO requests. We have shown that our designs of invisibility cloaks and wave collimators could be scaled for operation in the ranges from microwaves to optics by changing the size and dielectric permittivity of rods forming the arrays.  To obtain in  dielectric PhCs challenging material parameters, prescribed by TO for the media of cylindrical invisibility cloaks, i.e., superluminal indices of refraction in one direction and conventional indices exceeding 1 in orthogonal direction, we first found parameters at which PhCs’ dispersion diagrams provided positive refraction in the 2nd transmission band with indices below 1 and, thus, wave propagation with superluminal phase velocities. Then we designed crystals with rectangular lattices exhibiting different spatial index dispersions along two orthogonal crystallographic directions, one with indexes changing in ""superluminal"" range, and another one- with conventional indexes. In addition, we developed a new type of unidirectional invisibility cloak employing the phenomenon of self-collimation, specific for PhCs, i.e., the ability to launch waves along bent crystallographic paths, for turning wave paths around the target, while TO approaches were used to design input and output parts of the cloak. The new cloak was thinner, compared to the TO-based cloak and did not require challenging PhC parameters. The performance of both types of cloaks was confirmed by full-wave simulations and microwave experiments with prototypes formed from arrays of ceramic rods with mm-size diameters.  Another type of highly anisotropic dielectric PhCs was developed for providing collimation effect for divergent waves. We designed 2D crystals composed of dielectric rods and organized in rectangular lattices with precisely determined lattice constants, which supported unidirectional wave propagation with near-zero refractive indices (NZRIs) along one crystallographic direction. Wave propagation along orthogonal direction was fully suppressed because of provided transmission bandgap, that resulted in collimation of incident divergent waves. For experimental verification of full-wave simulation results, fabricated samples were composed of ceramic rods. Obtained results extend perspectives of low-loss artificial anisotropic media with NZRI properties. Developed collimators can have many potential applications in electromagnetics and photonics, such as enhancing the gain and directionality of antennas’ radiation and connecting waveguides with different widths.  Obtaining the most sophisticated material parameters of PhC media opens new perspectives for utilizing PhCs in various TO-based applications. An important factor for broader impacts of this work is mature technological and material base developed for PhCs fabrication compared to that existing for fabricating MMs. Many types of low-loss PhCs for operation in various frequency ranges including optics have been produced and studied experimentally. This will help implementing PhCs in practical TO-based devices at frequencies from microwave to optical range. The project has presented an excellent multidisciplinary training environment for the students, who participated in the project-related research, exposing them to the studies in the areas of electromagnetics, physics, and material science; to full-wave electromagnetic simulations, and to state-of-the-art microwave experiments. Four PhD students were supported by the project funds. The topics related to the work on the project have been incorporated in the graduate and undergraduate courses taught by the PI. The results of this interdisciplinary work were disseminated through journal publications and presentations at the major international forums in the field. A book, based on original research performed by the PI with PhD students was published by ELSEVIER, Woodhead Publishing Series in Electronic and Optical Materials.       Last Modified: 12/19/2022       Submitted by: Elena Semouchkina</outcomes>
</award-details>",software-not-produced,ENG-False,software-produced
1453543,CISE,CISE,"<award-details>
    <title>CAREER: Reverse Data Management: Reverse-Engineering Data Transformations to Understand, Diagnose, and Manipulate Data</title>
    <abstract>Today, data is critical in almost every aspect of society, including healthcare, education, economy, and science. Applications in these domains have benefited from the rapid growth and increased availability of data through online repositories, marketplaces, and other sharing platforms. However, because data is easily shared and reused, it has become less curated and less reliable. Data is often misused because its validity and origin are unclear, and mistakes easily propagate as data is often used to derive other data. This project will design and develop new technologies to assist data-reliant applications in overcoming these challenges, by extending data management capabilities to support operations that reverse-engineer data transformations. Understanding and reasoning with data derivations will lead to better understanding of surprising observations, more accurate and efficient diagnoses of problems, and better tools for making data-driven decisions and planning. This work will broadly impact society through the development of new data analysis capabilities, which will, in turn, improve data quality and positively affect data-driven processes. Overall, these improvements will increase the positive impact that data and computing systems have on society.    This project will establish the theoretical foundations and will address practical challenges to support reverse data management capabilities in database systems. Reverse data management focuses on reverse transformations that manipulate input data on behalf of desired outcomes in the output data (as opposed to traditional data management that typically focuses on forward-moving data flows, such as querying, aggregation, and indexing). The research goal of this project is to augment database systems with user-facing reverse data management functionality. This project will target three reverse data management needs of modern applications: (1) assisting users with understanding data and verifying data-based computation results, (2) diagnosing problems by tracing the root causes of data errors, and (3) identifying changes in data and processes that lead to improved, more desirable results.    For further information see the project web site at: http://rdm.cs.umass.edu</abstract>
    <outcomes>Database systems are particularly efficient at handling forward-moving data flows, where source data is subjected to transformations and evolves through queries, aggregations, and view definitions to form a new target data instance. This forward paradigm underpins most data management tasks today, such as querying, data integration, data mining, clustering, and indexing. However, a lot of important problems, such as data cleaning, data generation, and others, rely on reverse transformations: determining the changes to the input that would achieve a desired change in an output. Such reverse transformations are conceptually more complex to define and computationally harder to achieve.  This project augmented traditional database technologies with user-facing reverse data management functionality, allowing users to effectively express and efficiently solve important problems in this domain, such as deriving explanations for query results, and diagnosing data errors.  Intellectual Merit:  This project developed models, algorithms, and database support for reverse data management tasks along three key directions:   (1) Data understanding: When analyzing complex data sets, users are often interested in the reasons for surprising observations. An unexpected query result may be an indication of error, or a manifestation of an interesting phenomenon or fact.  This project produced tools to support explanations in data-driven systems.  (2) Error diagnosis: Poor data quality imposes huge risks on businesses and has been recently estimated to cost the US economy $3 trillion per year.  However, errors do not happen in a vacuum and are often manifestations of systemic issues with the underlying data or system.  This project developed tools to diagnose such errors in relational and non-relational systems.  (3) Complex reasoning: Several reverse data management problems can be expressed as a set of complex requirements over an output (e.g., constraints that data should satisfy, a model of user preferences, etc.). This project contributed to scalable solutions in modeling and evaluating such complex requirements in a variety of settings, including constraint optimization over relational data and subjective document summarization.  Broader Impacts:  Data is an integral part of all scientific disciplines, and also drives many modern systems. This project produced tools that assist scientists and occasional users alike in gaining a better understanding of their data, diagnosing errors, and implementing repairs and other desirable changes.  These tools enhance the usability of data systems and promote users' trust in their operation.  In addition, the project created educational opportunities for graduate and undergraduate students, and supported the training of several junior scientists.         Last Modified: 02/03/2022       Submitted by: Alexandra Meliou</outcomes>
</award-details>",software-not-produced,CISE-False,software-produced
1707691,MPS,MPS,"<award-details>
    <title>Quantum Dynamics with Cold Atoms</title>
    <abstract>This project will develop and provide publicly available computer codes and documentation intended to assist in solving problems in quantum dynamics using high-level programming languages and high-performance computers (HPC).  These resources will enable researchers to more effectively utilize the nation's investment in HPC, advancing the pace of scientific discovery and innovation. Of particular interest are applications of quantum dynamics to both ultracold atoms and to nuclear astrophysics. For example, a theory of quantum hydrodynamics is needed to properly describe recent experiments with confined ultracold gases and could also lay the foundation for a resolution of the 40-year old mystery of pulsar glitches, sudden increases in the spinning of neutron stars even though they continually lose angular momentum. Both undergraduate and graduate students will be trained with the analytical and high-performance computational skills to succeed in their future pursuits in academia, at national laboratories, or in industry.  A superfluid explorer will be developed, enabling people to experience the fascinating properties of our quantum universe.    This theoretical work will be applied to three types of cold-atom experiments at Washington State University (WSU) and the University of Washington (UW).  The first are Bose-Einstein condensates (BECs) with various interactions such as induced spin-orbit coupling.  Here, a variety of exotic phenomena will be studied, including negative-mass hydrodynamics, and soliton dynamics.  The theoretical approach will be refined as required to incorporate the effects of finite temperature and dissipation.  The second class of applications is to experiments with coupled superfluids which explore the physics of entrainment and other superfluid interactions.  Finally, the project will explore whether and how experiments with fermionic superfluids can model the proton and neutron superfluids in neutron stars.  Understanding these quantum phenomena will directly advance the field of cold atoms, unlocking potential applications in quantum technology, such as improved sensing and quantum computing.  The underlying theory will also advance other fields, including condensed matter, non-linear optics, nuclear theory, and nuclear astrophysics.</abstract>
    <outcomes>Ultra-cold quantum gases (cold atoms) provide a tunable experimental platform which can be used as an analog quantum computer to study new quantum phenomena.  While we await the technological advances needed to scale up digital quantum computers to where they can solve pressing scientific problems, analog quantum computers in the form of cold-atom experiments can study new phenomena today.  This program studies quantum dynamics in both fermionic and bosonic superfluids, developing theoretical techniques in close collaboration with experimental groups to study quantum dynamics in a variety of contexts. By explaining experimental results, we validate our theoretical techniques which we will ultimately used to understand the behavior of neutron stars, in particular, pulsar glitches, which are conjecture to arise from instabilities in superfluid dynamics from quantum turbulence, vortex pinning, and superfluid entrainment.  Intellectual Merit: In this project we explained an experimental result that found shockwaves in a superfluid with spin-orbit coupling (SOC) to be more stable when propagating into a region of negative-mass hydrodynamics. By matching these results with microscopic simulations, we showed that vortex dynamics (quantum turbulence) play a key role, suggesting that SOC may be used as a tool to adjust the effective viscosity in future quantum simulations of neutron stars.  A second outcome was the development of an experimental protocol to measure superfluid entrainment (the Andreev-Bashkin effect) by embedding a bosonic superfluid (Yb) in a rotating fermionic superfluid (Li) and using atom interferometry.  Superfluid entrainment is expected to play an important role in neutron stars, but has yet to be demonstrated experimentally.  We show how to use cold atoms experiments to measure this effect for the first time.  A third outcome was the demonstration and theoretical explanation of of gravitational caustics seen experimentally in an atom laser.  Similar to cuastics in light, cusp and fold cuastics in atom lasers are fully categorized by catastrophe theory.  Unlike light, however, atoms respond strongly to gravity, allowing these experiments to study gravitational effects that typically require cosmological scales to see in light. Quantum catastrophe theory is a new field with interesting potential applications, such as advanced beam-shaping which might be used in high-resolution lithography.  A fourth outcome was the generation of the largest fermionic quantum turbulence simulations to date using the Summit supercomputer.  These simulations will help us understand the nature of quantum turbulence, develop experimental signatures for detecting quantum turbulence in cold atom experiments where imaging is typically destructive, and validate the theoretical techniques needed to understand quantum turbulence in neutron stars.   Broader Impacts: 10 graduate students and 3 undergraduate students were trained as part of this program, learning a combination of high-performance computing techniques, and quantum physics.  We have publicly released our superfluid dynamics codes - the W-SLDA toolkit - capable of effectively utilizing the largest computers in the world.  These codes demonstrate strong scaling, and fully utilize the GPU accelerators that provide current supercomputers with the majority of their computing power.  To help train students to use these simulations, we have built an interactive superfluid dynamics explorer called super_hydro and provided accompanying tutorials which take students from scratch through the process of building a high-performance simulation in python that can utilize GPU acceleration.  This super_hydro application allows people to interact in real-time with superfluid simulations, enabling them to develop an intuition for how superfluids behave.  The application can be used by those without any programming or physics skills to explore superfluid behavior (and is on display in our department), or can be extended by those with modest programming skills to demonstrate and explore new superfluid systems.       Last Modified: 12/29/2021       Submitted by: Michael M Forbes</outcomes>
</award-details>",software-not-produced,MPS-False,software-produced
1757324,OIA,other,"<award-details>
    <title>RII Track-1: Linking Genome to Phenome to Predict Adaptive Responses of Organisms to Changing Landscapes</title>
    <abstract>Non-technical Description    Plants and animals live in a fragile balance that can be upset by human land use decisions. This project aims to help landowners, state park planners, city planners, and Native American tribes in Idaho make informed decisions on land use that will minimize the effects on native wildlife. To do this, researchers from several colleges and universities across the state will create tools that will use data from a wide variety of sources including advanced genetics, ecological and geographical databases, and survey results from landowners and Native American tribes. These tools will provide options for land use that will encourage the most effective use of land while minimizing the impacts on native plant and animal species. Through this program, Idaho will engage the public, train the next generation of scientists, and develop exciting new tools that will provide new methods for scientifically informed land use decisions.    Technical Description    This Research Infrastructure Improvement (RII) Track-1 project from Idaho will study two keystone species (redband trout and sagebrush) in ecosystems of the American West. The project will use existing environmental legacy data to inform agent-based models (ABM) to predict adaptive capacity of these two species. The project team will determine the links between genomes and phenomes via experiments using temperature as the key variable to identify genomic responses of the adaptive capacity of these species and iteratively link them through the ABM to further inform our understanding of genetic capacity. Finally, the project participants will map species' genomes by environmental outcomes across additional impacts including biotic, abiotic, and various anthropogenic effects and local knowledge through methodologies originating from the social and economic sciences to inform the ABM model. The model will be used to predict the outcomes of various land use scenarios, and will be presented to stakeholder advisory groups who will discuss and make decisions based on the results from simulations. Decisions made by the stakeholder groups will further inform the model. It is expected that this iterative feedback model will be a transformative tool for land use decisions in Idaho and beyond. Additionally, strong workforce development plans will engage faculty, postdocs, graduate, and undergraduate students of the three research universities in Idaho, as well as 2- and 4-year Primarily Undergraduate Institutions (PUIs) in a Vertically Integrated Project approach that encourages all academic levels of the institution to work together. The inclusion of different types of higher educational institutions across Idaho will address and answer the state?s need for a well-trained workforce in STEM fields.    This award reflects NSF's statutory mission and has been deemed worthy of support through evaluation using the Foundation's intellectual merit and broader impacts review criteria.</abstract>
    <outcomes>Idahos NSF EPSCoR RII Track-1 award, also referred to as Genes to Environment: Modeling, Mechanisms, and Mapping (GEM3), was a statewide project aimed at discovering fundamental knowledge of genetic mechanisms that can predict how organisms adapt to changing environments and thus inform evidence-based management of natural resources.   Idaho scientists studied two key animal and plant groups: one aquatic (redband trout) and one terrestrial (sagebrush). These organisms are integral to ecosystems in the American West and are central to land-use management decisions that drive the economy of the region.   The project increased our understanding of genome-to-phenome responses, adaptive genome-by-environment interactions, and phenotypic plasticity in Idahos native species. Results from redband trout research demonstrate substantial plasticity to thermal stress in cold and cool montane populations while genetic adaptation to local thermal conditions may be more limited among the study populations. Sequencing of the sagebrush draft genome is complete and has been published on the National Center for Biotechnology Information and is being used to conduct population genetics analyses and use transcriptomics to identify mechanisms of drought resistance. The team also advanced bioinformatic pipelines to overcome challenges associated with assembly and annotation of a complex genome.   In concert with the advances made in understanding these mechanisms, the team completed development and publication of population distribution models and the simulation of adaptive capacity and population vulnerability using agent-based models. They advanced and published spatial maps of genotype-by-environment phenotypes in populations across complex social-ecological systems (SES) that are poised to inform management decisions across the Owyhee and Teton Valley regions in Idaho. This SES work has been advanced through the development and implementation of an innovative alternative scenarios methodology. Collectively the genomics, modeling, spatial mapping, and scenarios working groups have established a strong scaffolding for supporting integration and convergence across the program.   Intellectual Merit:   GEM3 is determining the mechanisms underlying population-level responses to environmental change and the feedback effects between SES and population responses. The approach entails determining how environmental processes, including land use changes, influence genome-to-phenome mechanisms and the adaptive capacity of populations. Bridging these gaps is advancing predictive models of population-level adaptive capacity under scenarios of future change.   Under the oversight of the Idaho EPSCoR Committee, the award advanced the State's Higher Education Research Strategic Research Plan, leveraging research and education strengths at University of Idaho, Boise State University, and Idaho State University in bioinformatics, complex modeling, ecology, fisheries science, genomics, geospatial science, remote sensing, and SES.   GEM3 included participation from approximately 88 research faculty in Idaho and helped prepare a highly-trained workforce. Over 150 undergraduates received paid research experiences with structured training. Over 100 graduate students and approximately 27 post-doctoral fellows also participated in the program. Also, as a sustainable contribution to our research capacity, eight new faculty hires were active GEM3 researchers. New hires enhanced the metrics for the number of publications in peer-reviewed journals and the number of proposals for extramural funding. Four of the new faculty hires were awarded six NSF grants as PI or Co-PI, one of which is a CAREER grant.   Broader Impacts:   The integrated Workforce Development and Broadening Participation program enhanced and increased the number, diversity and preparation of skilled scientists and engineers in GEM3 fields. Idahos three universities made further expansions to the rollout of the Vertically Integrated Projects (VIPs) strategy. The project built a robust on-ramp for students across Idahos research, predominantly undergraduate, and two-year colleges into research and training through development of lab modules in courses within our undergraduate curriculum and participation by diverse trainees in the Summer Authentic Research Experience (SARE). Lab modules, SARE and VIPs provided a range of training, mentoring and professional development support to both students and faculty that promoted transdisciplinary science, cross-institution training and continued to expand the next diverse generation of conservation scientists and leaders.   The partnerships with state, federal, tribal, and non-governmental agencies that support population models and tools have continued. This includes engagement with regional and national resource managers that are informing and supporting climate change and adaptive capacity assessments for fisheries in the state of Idaho and Pacific Northwest, and for sagebrush steppe landscapes in the state of Idaho and the Great Basin.     Last Modified: 05/17/2024       Submitted by: AndrewDKliskey</outcomes>
</award-details>",software-not-produced,other-False,software-produced
1736830,GEO,other,"<award-details>
    <title>Collaborative Research: Evaluating how abalone populations in the California Current are structured by the interplay of large-scale oceanographic forcing and nearshore variability</title>
    <abstract>Oceanographic variability is increasingly recognized as a driver of change in marine ecosystems. Understanding the effects of this oceanographic variability and its extremes on organisms, populations, ecosystems and the critical services they deliver is of great scientific interest and pivotal for resource management and policy. The overarching goal of this project is to determine how small-scale heterogeneity in habitat quality and site-specific vulnerability to extreme oceanographic conditions might help identify safe spaces and protect coastal populations and fisheries from the detrimental effects of increasing frequency, intensity and durations of extreme oceanographic conditions. This project will combine detailed nearshore oceanographic studies with ecological experiments and coupled biophysical modeling to advance understanding of the drivers of local oceanographic variability and consequent effects on coastal marine animals. The research will determine how multiple, potentially stressful, environmental drivers co-vary in the field and how such variation affects the population dynamics of coastal species. Specifically, this project will provide key insights regarding how changes in ocean acidification, dissolved oxygen and temperature will affect green and pink abalone, an ecologically and economically important resource in the southern California Current. Team members will work with partner non-governmental organizations, resource agencies, and fishing cooperative federations to disseminate results and incorporate data and insights into fisheries management and adaptation initiatives in Baja California, Mexico and in California, USA. This project will also support the training and professional development of underrepresented groups at the high school, undergraduate, graduate and postdoctoral levels through direct involvement in research, intensive courses and international workshops.    Despite large-scale drivers and regional perturbations, local variability in ocean conditions may be a major driver of the overall performance and vulnerability of coastal marine species. Research performed as part of this project will test two specific hypotheses: (1) The relative influences of upwelling versus tides, as mediated by coastal geometry and structural complexity associated with rocky reefs and kelp forests act to create high local variability in physical conditions, at scales of 10s-1000s meters; and (2) Local variability in oceanographic conditions results in high local patchiness in the performance of sedentary marine organisms, providing for safe spaces in the face of escalating heat waves, hypoxia, and acidification, that have caused recent mass mortalities in multiple species across the California Current region. Integrated oceanographic-ecological field studies will be conducted along the coast of Baja California, Mexico, using green and pink abalone (Haliotis fulgens, H. corrugata) as model species. Complementary laboratory experiments will evaluate how different exposure regimes (frequency, intensity and duration of high temperature, and/or low dissolved oxygen and acidity events) may affect the demography and persistence of abalone populations under current and future environments. Coupled biophysical and population models will integrate results from the field and laboratory experiments to understand how local variability in ocean conditions affects population dynamics over longer periods. The research will advance the understanding of factors affecting the resilience coastal species by (1) ascertaining how large-scale oceanographic phenomena manifest in ocean conditions (dissolved oxygen, acidity, temperature) at local scales that are most relevant to coastal marine ecosystems and (2) determining the effects of current, and expected future, ocean conditions and variability on important marine species.</abstract>
    <outcomes>Climate change is threatening coastal marine ecosystems, particularly sedentary species and spatially constrained small-scale fisheries that are unable to keep up with shifts in ocean conditions and species distributions. The project addresses the overall question of whether and how local variability in oceanographic conditions provide refuges from adverse conditions associated with climate change and extremes. The project's specific objectives are to: Objective 1. Quantify the patterns and understand the drivers of local oceanographic variability that expose marine organisms to stressors and connect habitats with different stressor regimes, through integrated oceanographic-ecological field studies at multiple locations on the Baja California coast (Mexico). Objective 2. Assess the spatial and temporal variability of juvenile recruitment and performance (survival, growth and physiological condition) of pink and green abalone, and link these rates to local oceanographic conditions and stressor regimes through field studies and laboratory experiments.  Objective 3. Scale up oceanographic and ecological variability, through population models, to project population dynamics and persistence under different current and future environmental and management scenarios.  Through a combination of interdisciplinary field studies, controlled laboratory experiments, and population models, we found that, despite large-scale drivers and regional perturbations, local variability in physical conditions and biological responses are major drivers of the overall performance and vulnerability of coastal marine species to climate change. Climate refuges sheltering from adverse conditions associated with variability in oceanographic conditions and extremes can provide opportunities for fisheries management, conservation and restoration efforts in the face of global environmental change.   Observations around headlands with contrasting kelp coverage illustrated the influence of living organisms on coastal hydrodynamics. Observations indicated flow attenuation within a kelp forest and demonstrated flow ducting through kelp forests. Flow ducting consists of mini-channels, ~10 to 30 m wide, of relatively enhanced flow through kelp forests. Additionally, flow ducting increases the effective radius of curvature around a headland and prevents headland upwelling. Flow ducting may enhance the creation of safe spaces, having wide-reaching ecological implications. Using results of this project, we developed an understanding of the effects of kelp forests on coastal flows. We were also able to examine the effects of kelp biomass on flows and were able to estimate bulk drag coefficients due to the presence of kelp, and to improve an ocean circulation model (COAWST) to allow for canopy flows. The novel kelp module reproduces observed flow ducting and biogeochemical variability (dissolved oxygen and pH in particular) that further suggests a biophysical link to local-scale climate refuges. Using giant kelp and marine benthic invertebrates ? primarily abalone, but also seastar, lobster and sea urchins ? as model species, we highlighted variable responses to the combination of multiple stressors ? from temperature variability and extremes, hypoxia, harmful algal blooms and disease - and the occurrence of both hotspots of vulnerability and refuges, influenced by both physical and biological drivers, including water flow characteristics and the abundance and configuration of kelp.  Significant outputs and outcomes include the establishment of an oceanographic sensor networks spanning the southern California Current; an experimental control system at UABC in Ensenada, Mexico, for conducting lab experiments assessing marine organisms responses to multiple stressors; insights, models, and tools for identifying and harnessing climate refugia in fisheries management and conservation of kelp forest ecosystems in the California Current region; and training and education opportunities for postdocs, graduate, undergraduate and high school students, middle and high school teachers, and technical staff and partners in NGOs and coastal communities of Baja California.                     Last Modified: 05/04/2023       Submitted by: Fiorenza Micheli</outcomes>
</award-details>",software-produced,other-True,software-not-produced
1956294,MPS,MPS,"<award-details>
    <title>Laplace Eigenfunctions and Unique Continuation</title>
    <abstract>The interest in eigenfunctions of the Laplace operator and their zero sets stems from studies of vibrating membranes. Today, the study of Laplace eigenfunctions is a fast developing field which lies on the intersection of the theory of partial differential equations, differential geometry, and spectral theory. Numerous connections to other areas of mathematics, including algebraic geometry, ergodic theory and number theory make this field attractive to researches with various backgrounds. The principal investigator (PI) plans to continue working on a number of longstanding problems on behavior of Laplace eigenfunctions on compact manifolds and solutions to elliptic partial differential equations (PDEs), using local techniques and methods that already led to a number of interesting results. One of those is called quantitative unique continuation. The PI's research on quantitative properties of solutions of elliptic PDEs has numerous applications in other areas of mathematics, including nodal geometry, geometric measure theory, and mathematical physics. A number of research problems for current and prospective graduate students are formulated in the project. The PI is active in disseminating the results obtained as part of this project through series of lectures and mini-courses. One of the goals of the project is to support activities that introduce junior researchers with various backgrounds to the theory of Laplace eigenfunctions. The PI is committed to encouraging full participation of women, persons with disabilities, and underrepresented minorities in science, promoting diversity in academia.      Recent progress in the understanding of the behavior of the doubling index of harmonic functions and eigenfunctions of the Laplace operator led to a proof of Nadirashvili's conjecture and a partial solution of Yau's conjecture. The PI will continue to collaborate with A. Logunov on problems related to Yau's conjecture. In particular, they plan to study the nodal sets of the Dirichlet-Laplace eigenfunctions on domains on manifolds with smooth Riemannian metric and on surfaces with smooth metric. In many questions, Laplace eigenfunctions behave as polynomials of a corresponding power. For example, Donnelly and Fefferman proved that the vanishing order of an eigenfunction is bounded by a multiple of the square root of the eigenvalue. The PI and A. Logunov showed that the BMO norm of the logarithm of an eigenfunction is bounded by the same quantity. The PI will continue to study this analogy; one of the open problems is to obtain dimension-free Bernstein's inequalities for eigenfunctions, generalizing results of Donnelly and Fefferman. Local methods developed to study eigenfunctions are connected to more general problems on the properties of solutions of second order PDE. The PI plans to continue this research, first addressing questions of quantitative propagation of smallness for the gradients of solutions. Another goal of the project is to study the order of vanishing of solutions to Schrodinger's equation with bounded potential.    This award reflects NSF's statutory mission and has been deemed worthy of support through evaluation using the Foundation's intellectual merit and broader impacts review criteria.</abstract>
    <outcomes>Research sponsored by this NSF-funded project has resulted in significant advancements in theoretical mathematics, particularly in the study of Laplace eigenfunctions and solutions to the Schrodinger equations. The Laplace eigenfunctions can be considered generalizations of the familiar sine and cosine functions; they appear in various areas of analysis as well as in applications, while solutions to the Schodinger equation are important in classical and quantum mechanics.   The outcomes of the project include new estimates for Laplace eigenfunctions, which were, in particular, applied to analyze the geometry of their zero sets. This investigation provided novel insights into the local structure of these sets, which attract the attention of mathematicians and theoretical physicists.   Another key finding of the project is the resolution of a longstanding open problem concerning the possible decay of solutions to Schrodinger equations on the plane. The methods developed in this project add novel ideas to the toolbox of the theory of elliptic partial differential equations.   Four graduate students were actively involved in the project, gaining essential training in mathematical research and the dissemination of their results. The Principal Investigator contributed to publicizing the results of the project through five lecture series delivered to various groups of graduate students and researchers. The findings have also been presented at multiple conferences, including multidisciplinary meetings, fostering discussions on the implications of this research.        Last Modified: 10/25/2024       Submitted by: EugeniaMalinnikova</outcomes>
</award-details>",software-not-produced,MPS-False,software-produced
1546840,BIO,BIO,"<award-details>
    <title>INSPIRE: Unraveling Factors that Determine Fast Growth of a Photoautotroph</title>
    <abstract>This INSPIRE award is partially funded by the Systems and Synthetic Biology program in the Division of Molecular and Cellular Biosciences in the Directorate for Biological Sciences; the Biotechnology and Biochemical Engineering program and the Environmental Engineering program in the Division of Chemical, Bioengineering, Environmental, and Transport Systems in the Directorate for Engineering; the Office of Integrated Activities, and the Office of International Science & Engineering.  This award is aimed at generating systems level insights into the processes and dynamics that influence growth in model photosynthetic organisms. As such, this project has important implications for fundamental understanding of a complex and essential biological process, and has significant implications for biotechnology applications. Photosynthesis is the engine of life on our planet, and organisms that live off of photosynthesis, such as cyanobacteria, algae, and plants, are primarily responsible for carbon sequestration in the biosphere. On the planet today, such oxygen-producing photosynthetic organisms assimilate 100 petagrams (100 gigatons) of carbon per year. In contrast, organisms that need chemical nutrients as sources of energy assimilate only 0.3 petagrams (0.3 gigatons) per year. This INSPIRE project is aimed at unraveling the most important factors that control growth rates of cyanobacteria, a model photosynthetic organism. It brings together two different fields, cyanobacteria physiology and mathematical modeling, to abstract fundamental rules of growth parameters and dynamics. It will help design tool kits for engineering cyanobacteria and other photosynthetic microorganisms to enable increased biomass production, an essential requirement for biotechnology applications for sunlight driven carbon-neutral production of food, feed and fuel. The project will also provide training for international undergraduates and engage students under the iGEM training program.     The team of researchers identified recently a unicellular cyanobacterium, Synechococcus elongatus strain, UTEX 2973, with the fastest growth rate among all cyanobacterial strains studied to date. Surprisingly, this strain is a close relative of Synechococcus elongatus PCC 7942, a well-studied model cyanobacterial strain. The two share greater than 99% genome sequence identity. However, the growth potential of Synechococcus 2973 is nearly three-fold better than Synechococcus 7942. The investigators will determine the key factors that are responsible for fast growth of cyanobacteria by applying experimental molecular approaches to compare Synechococcus 7942 with Synechococcus 2973, using adaptive evolution, and developing metabolic and expression (ME) models. They will compare the transcriptome of the two strains  under different light intensities, CO2 levels and growth phases. The integrating of ME models for Synechococcus 2973 and Synechococcus 7942 with the transcriptomic data generated are expected to uncover metabolic and expression differences that contribute to the increased biomass production of Synechococcus 2973. The photosynthetic and carbon fixation efficiencies will also be measured to better elucidate mechanistic differences between these strains. In addition, a subset of mutations identified by genome comparison will be analyzed in an effort to recapitulate the fast-growth phenotype.</abstract>
    <outcomes>Overview  The work supported by this grant led to the discovery of the molecular determinants of rapid growth of the cyanobacterium Synechococcus elongatus UTEX 2973. We had earlier described Synechococcus 2973 as the fastest growing cyanobacterium known. This strain shares 99.8% genome sequence identity with the model cyanobacterium Synechococcus elongatus PCC 7942 but exhibits significantly increased photosynthetic rate and produces biomass at a three times faster rate. The close genetic makeup of the two cyanobacterial strains offered an excellent opportunity to explore how a slower-growing, less-productive model organism can be transformed into a fast-growing and highly productive strain. The work demonstrated that a small number of genetic changes can improve the growth rate of a microbe by as much as three-fold.     Intellectual Merit  The funded research was designed to determine the key factors that are responsible for the rapid growth of the cyanobacterium Synechococcus 2973. Comparative genetics identified 55 genetic loci that differed between Synechococcus 2973 and its close relative Synechococcus 7942. In the work supported by this award we performed a comparative study of the photophysiology of the strains which revealed a photosynthetic bottleneck in Synechococcus 7942 that decreases the rate of electron flow, leading to light sensitivity, a decreased carbon-fixation rate, and slower growth.         We explored multiple genetic tools for genome editing and gene regulation in Synechococcus 2973, which remarkably enlarged the application of Synechococcus 2973 as a model of photoautotroph.         We then performed comprehensive mutational analysis of 39 selected loci in the chromosome of Synechococcus 2973 and discovered 3 genes (atpA, ppnK, and rpaA) that are responsible for the fast growth phenotype of this cyanobacterium. Introducing mutations in these three genes in Synechococcus 7942 to mimic the Synechococcus 2973 genome resulted in an increase in growth rate of this cyanobacterium, making it comparable to Synechococcus 2973.          Fast growing photosynthetic microbes are of significant industrial interest as a chassis for bioproduction. The work supported by this award elucidated the molecular basis for the rapid growth of Synechococcus 2973 and demonstrated that the insights gained can be successfully applied to significantly enhance the growth rate of a slower growing photoautotroph.     Broader Impacts  During the course of this investigation, all our research outcomes were disseminated through peer-reviewed research articles, review articles, and presentations at scientific meetings. In terms of broader impact outcomes, the project directly supported the professional training for 4 postdoctoral fellows and 3 graduate students. Two of the students have successfully defended and earned their Ph. D. degrees.          Last Modified: 10/13/2020       Submitted by: Himadri B Pakrasi</outcomes>
</award-details>",software-produced,BIO-True,software-not-produced
2016619,CISE,CISE,"<award-details>
    <title>CCRI: Planning: Collaborative Research: Infrastructure for Enabling Systematic Development and Research of Scientific Workflow Management Systems</title>
    <abstract>Scientific workflows are used almost universally across research and engineering disciplines and have underpinned some of the most significant discoveries of the past several decades (e.g., first detection of gravitational waves from colliding black holes, the discovery of the Higgs boson, and the detection of an exotic nuclear decay). Workflow management systems (WMSs) are software systems that provide abstraction and automation for facilitating access to and management of distributed and heterogeneous compute and storage resources. They enable a broad range of researchers to easily define sophisticated computational processes and to then execute them efficiently on parallel and distributed computing platforms. Unfortunately, in spite of widespread adoption of workflows,  the technology landscape is segmented and presents significant barriers to entry due to the existence of dozens of seemingly comparable, yet incompatible, systems. The research landscape is also disjoint, making it difficult to compare and contrast approaches, verify and reproduce results, and build upon existing work.    This project will engage with representatives from the workflows community – including researchers, developers, science and engineering users, and cyberinfrastructure experts. Through targeted community surveys and focused workshops, the project will gather a diverse set of perspectives, create a community-owned WMS inventory and common knowledge taxonomy, define an experimental methodology for measuring WMS capabilities, and develop a blueprint for a community research infrastructure. This proposed infrastructure has the potential to truly democratize workflows research, enabling researchers, postdocs, and students, irrespective of their institutions, to access cutting-edge infrastructure for comparison, evaluation, and verification of workflows research results.    This award reflects NSF's statutory mission and has been deemed worthy of support through evaluation using the Foundation's intellectual merit and broader impacts review criteria.</abstract>
    <outcomes>Scientific workflows are used almost universally across scientific domains and have underpinned some of the most significant discoveries of the past several decades. Workflow management systems (WMSs) provide abstraction and automation which enable a broad range of researchers to easily define sophisticated computational processes and to then execute them efficiently on parallel and distributed computing systems. As a result of widespread workflow adoption, the workflows research and development community has grown: there are now hundreds of independent WMSs, thousands of researchers and developers, and a rapidly growing corpus of workflows research publications. This progress has occurred in spite of the absence of a community research infrastructure, which has had wide-ranging consequences. During this planning project, we conducted a series of events called ""Workflows Community Summits"" (January, April, and November 2021, https://workflowsri.org). The overarching goal of these summits was to (i) develop a coherent view of the state of the art, (ii) identify key research challenges, (iii) articulate a vision for potential community activities, and (iv) explore technical approaches for realizing (part of) this vision. The summits were attended by more than 130 participants, including international lead researchers and developers, from distinct workflow systems and user communities (over 30+ workflow systems were represented). The outcomes of the three Workflows Community Summits have been compiled and published in three technical reports and one research paper:   Workflows Community Summit: Bringing the Scientific Workflows Research Community Together (http://dx.doi.org/10.5281/zenodo.4606958): The first ""Workflows Community Summit"" was held online on January 13, 2021. The summit included 48 invited participants from a select group of international (Austria, Brazil, Germany, Netherlands, Spain, UK, and USA) lead researchers from distinct workflow management systems and users, and representatives from the National Science Foundation (NSF), and Department of Energy (DoE). The overarching goal of the summit was to develop a view of the state of the art and identify crucial research challenges in the workflow community. The summit focused on six themes: (i) FAIR computational workflows, (ii) Training and education for workflow users, (iii) AI workflows, (iv) Exascale challenges and beyond, (v) APIs, interoperability, reuse, and standards, and (vi) Building a workflows community. The end goal was to identify other challenges, if need be, and outline short- and long-term community efforts that could help tackle these challenges.   Workflows Community Summit: Advancing the State-of-the-art of Scientific Workflows Management Systems Research and Development (http://dx.doi.org/10.5281/zenodo.4915801): The second ""Workflows Community Summit"" took place on April 7, 2021. The summit included 75 participants from a group of international researchers and developers (Australia, Austria, Brazil, France, Germany, Italy, Netherlands, Norway, Poland, Spain, Switzerland, UK, and USA)  from distinct workflow management systems and users, and representatives from the NSF and DoE. While the first summit focused on establishing a high level vision, this second summit explored technical approaches for realizing (part of) that vision. Consequently, we strived to engage participants who are actively involved in workflow system development. Based on the outcomes of the first summit, we identified three technical topics for discussion: (i) Definition of common workflow patterns and benchmarks (both for determining workflow system functionality and for providing users with tutorial examples); (ii) Identifying paths toward interoperability of workflow systems; and (iii) Improving workflow systems' interface with legacy and emerging HPC software and hardware stacks.   Workflows Community Summit: Tightening the Integration between Computing Facilities and Scientific Workflows (http://dx.doi.org/10.5281/zenodo.5815332): The third ""Workflows Community Summit"" took place on November 8, 2021. The summit included 14 participants from various computing centers and facilities. Based on the outcomes of the first two summits, we identified the need to share outcomes with computing centers and facilities, as well as to capture their perspectives regarding workflow systems and applications. To this end, this third summit was organized as a focused session with a small group of participants with the aim to understand how workflows are currently being used at each facility, how facilities would like to interact with workflow developers and users, how workflows fit with facility roadmaps, and what opportunities there are for tighter integration between facilities and workflows.   Research Paper: A Community Roadmap for Scientific Workflows Research and Development, 2021 DOI:  https://doi.org/10.1109/WORKS54523.2021.00016.    As an outcome of this planning project, we have established a Workflows Community Initiative (https://workflows.community) to bring the workflows community together (users, developers, researchers, and facilities) and provide community resources and capabilities to enable scientists and workflow systems developers to discover software products, related efforts, events, technical reports, etc. and engage in community-wide efforts to tackle workflows grand challenges.            Last Modified: 01/24/2022       Submitted by: Rafael Ferreira Da Silva</outcomes>
</award-details>",software-produced,CISE-True,software-not-produced
1901543,CISE,CISE,"<award-details>
    <title>EAGER: Bio-inspired Assurance and Regression Testing to Secure Organic Programs</title>
    <abstract>Software Engineering needs to address an increasingly significant class of programs that are self-adaptive and self-healing. These programs sense changes to their environment and react by modifying configurations, libraries or program code. Furthermore, automated approaches for program repair and program transplantation change a program?s source code directly to fix, optimize or add new functionality. Together, self-modification provides continual availability in the presence of change and can harden a system against intruders. While this organic nature of self-modification is a powerful paradigm, the overall dependability and security of such programs is at risk. Prior test results or assurance cases developed to reason about their functionality, safety and security are invalid as soon as any adaptation occurs. Yet the time needed to run a full regression testing cycle, or to develop new evidence and arguments for an assurance case can take hours, days or weeks.    This proposal explores the feasibility of reasoning dynamically and efficiently about the changes made to organic programs and their associated test suites and assurance cases during adaptation. Given that these programs mimic living systems, and many adaptations are already implemented with evolutionary algorithms, the proposed work draws inspiration from nature and uses bio-inspired techniques to achieve its goals. Both traditional functional faults as well as security vulnerabilities are targeted in this proposal, given the criticality of vulnerabilities in an online, unmonitored system. More specifically the proposal will first explore techniques to identify the evolution timeline for assurance, finding intervals at which re-validation must occur. Second, it will model interactions and test coverage in organic programs. Finally, it will use biologically inspired algorithms to select, order and generate tests for regression testing.    The results of the research performed in this proposal will form the foundations for being able to validate the correctness and safety of organic programs over time.  The broader impacts include co-mentoring undergraduate, inter-disciplinary teams to compete in the International Genetically Engineered Machine (iGEM) competition, and to build assurance cases for reasoning about the safety of their projects.</abstract>
    <outcomes>The goals of this project are to build the foundations for assuring and testing organic programs (a class of programs that are built and/or modified using automated techniques such as program repair, program transplantation, and/or through self-adaptation). The research in this project leverages bio-inspired algorithms such as genetic algorithms to achieve several of its goals. The project targets both traditional functional faults as well as those related to system security.   Intellectual Merit:   Helping End-users Reason about Dependability of Organic Programs  This thread of research created outcomes that can help the end-user of organic programs. We:  (1)  Examined the impact of configurability on common computational biology programs which are used extensively to make scientific discoveries. We found that changing the user configurations creates variability in the results obtained from these tools, hence it can impact the reported results. We also found missing or incorrect documentation leading to a difficult landscape for the end-user of these tools. We proposed a set of guidelines and lessons learned both for the builders of these tools and for the end-users.  (2)  Proposed assurance recipes, a template-like approach to help end-users  design assurance cases for their programs.  Assurance cases are commonly used in safety-critical systems, however building an assurance case requires expertise to develop the argument structure.  Assurance Recipes provide a template-like abstraction with variation points defining the need for domain expertise.  (3)  Applied software product line engineering to model families of DNA parts used in synthetic biology.  We demonstrated how a large open-source repository of resusable parts has characteristics which lend itself to feature-modeling, a representation of the common and variable blocks of code, which can be used to build, test and maintain software product lines. We call these organic software product lines.  (4)  Utilized software product line engineering to increase dependability in a family of miniature surgical robots that can be configured into a large number of different instantiations. We demonstrated how we can bring together lightweight formal analysis for dependability, feature modeling for defining the configuration space, and testing to provide an end to end pipeline to find validate violations found of the safety properties.  Use of Bio-inspired Algorithms for Security and Analysis  The outcomes from this research aim to improve software security. We:  (1)  Designed a genetic algorithm for partitioning and optimizing program slices that can be placed into hardware isolation. Hardware isolation is becoming a common technique for securing sensitive information often used in mobile devices with small memory footprints and high security requirements.  One goal of hardware isolation is to minimize the code placed in isolation, since larger code bases means more opportunities for faults (and a fault in the secure world can lead to secure data leakage). At the same time, code isolation should not lead to overly excessive communication between the secure and insecure parts of the program.  We used the ARM TrustZone chip as our exemplar and demonstrated feasibility for the second goal,  reducing communication overhead.   (2)  Proposed a framework for automatically repairing information leakage faults.  Information leakage in programs is a persistent security problem which allows secrets to be revealed either by unsafe dataflow or through program structure that changes public data but is dependent on protected information. While a memory fault such as a buffer overflow can leak information, it often leads to a detectable program fault. However, many information flow faults do not lead to program failures, hence they are difficult to detect and there is no automated way to fix them.   In this research, we use genetic improvement, a repair technique for non-functional properties of programs. Our framework detects, localizes and repairs information leakage without the need for a failing test case.    Broader Impacts:  We have involved both graduate and undergraduate students (some of whom are underrepresented) in all aspects of this grant. Several undergraduate projects led to published papers with the students as co-authors. The research has contributed in part to Ph.D dissertations and students working on this project have had the opportunity to attend conferences and present their research to the broader community. The PI has mentored several undergraduate senior design (5-6 person teams) in year-long projects building software on topics related to this research. She has also given several invited talks on this work. Some of the techniques developed in this proposal have been applied to systems or synthetic biology and are published on websites used by computational biologists.       Last Modified: 12/30/2021       Submitted by: Myra B Cohen</outcomes>
</award-details>",software-not-produced,CISE-False,software-produced
1831412,MPS,MPS,"<award-details>
    <title>AstroCom NYC: A Partnership between Astronomers in New York City</title>
    <abstract>AstroCom NYC is designed to improve access by urban minority students to opportunities in astrophysical research by enhancing and solidifying partnerships between research astronomers in New York City.  The partners are minority-serving institutions of the City University of New York (CUNY), and the astrophysics research departments of the American Museum of Natural History (AMNH), and the Center for Computational Astrophysics (CCA) at the Flatiron Institute. All CUNY astronomers form a supportive and collaborative network and hold resident associate positions at AMNH.  Continuing a program developed with support from NSF's Partnerships in Astronomy and Astrophysics Research and Education (PAARE) program, the team will transition into a sustainable enterprise to provide centralized, personalized mentoring as well as financial and academic support to CUNY undergraduates.  This has proven to be an effective model to improve recruitment, retention, and professional success for students from groups that are traditionally underrepresented in science, technology, engineering, and math (STEM) disciplines.    The partners in AstroCom NYC are uniquely qualified for the task of improving minority access to astrophysics research because of their strong working relationships, expertise in mentoring students with diverse backgrounds, and the ready pool of candidates from within CUNY. AstroCom NYC serves as a model to urban areas with large and diverse minority populations.  Their specific objectives are to (1) create an inclusive program to promote student recruitment and retention in astrophysics by supporting students throughout their studies and research with structured mentoring, fellowships, and additional academic preparation for research;  (2) improve student retention and graduation in STEM, particularly physics; (3) create an innovative community of diverse, urban astrophysicists in New York City to concentrate and support otherwise dispersed CUNY students and faculty; and(4) build CUNY students' sense of belonging in astrophysics by creating opportunities for them to work within this unique community of research institutions.    This award reflects NSF's statutory mission and has been deemed worthy of support through evaluation using the Foundation's intellectual merit and broader impacts review criteria.</abstract>
    <outcomes>AstroCom NYC is designed to engage underrepresented students in astrophysical research by enhancing the ties between astronomers based in New York City, particularly between the City University of New York (CUNY), a minority-serving institution, the American Museum of Natural History (AMNH) and the Flatiron Institute Center for Computational Astrophysics (CCA). Our specific objectives are to:  create an inclusive program to promote student recruitment and retention in astrophysics by supporting students throughout their studies and research with structured mentoring, fellowships, and additional academic preparation for  and personal acclimation to  the research environment; improve student retention and graduation in STEM, particularly physics, and thus strengthen the pipeline to graduate school, particularly for students from groups historically underrepresented in STEM; create an innovative community of diverse, urban astrophysicists in New York City to concentrate and support otherwise dispersed CUNY students and faculty; and build CUNY students sense of belonging in astrophysics by creating opportunities for them to work within this unique community of research institutions.    Our formal education program begins in the spring semester before the initial summer research internship when new AstroCom NYC scholars participate in a weekly curriculum we created called Science Thought and Practices (STP) that helps students develop the required competencies for research. Key skills developed include scientific, analogical, and proportional reasoning, plus general research skills such as data analysis and modeling. STP is also designed to address a number of other roadblocks for disadvantaged students: the course is conducted on site at AMNH to get them comfortable in the research environment, build community, and to be recruited by potential mentors, who give project pitches. Another goal of STP is to modify their conceptions of science and self-identification as a scientist. Regardless of their level of study, our scholars views of science change after this curriculum. From our formal program assessment, the STP was uniformly credited by the students as an essential part of creating their cohort, building their sense of belonging, and broadening their perspective on what is science.   A significant innovation in our 2018 program renewal was the addition of a dedicated staff counselor. This person has been a truly invaluable member of AstroCom NYC. Through her efforts, students have a much-needed avenue for emotional support via one-on-one sessions as well as a biweekly Solidarity Group. Even alumni continue to zoom in for Solidarity Group, it is so important to them to participate and contribute. The counselor has also helped students develop agency in our community so they can bring concerns to the faculty to affect serious change. The counselor is part of our mentoring team, augmenting faculty professional development to provide specialized support for science students, including issues such as impostor phenomenon and test anxiety, but also addressing broader concerns which can include poverty and stress. Finally, she provides guidance to our faculty about mitigation strategies, and advises on professional development activities on anti-oppression.   The COVID-19 emergency in the US began with frightful and deadly speed in New York City early in 2020. Communities of color and in poverty, our direct constituents at CUNY, have been hit the hardest. Many of our AstroCom NYC scholars and/or family members were infected. They have lost loved ones, delayed graduation or grad school, slipped away from our community due to the isolation of the pandemic, or have simply been worn down by the stress. On top of these issues have been the cries for social justice reform, which strike at their passions most directly and highlight the stark divide between them and our predominantly white faculty. In response, we created Comm2 (Comm-squared or the Community Committee) as a forum for students and faculty to discuss safely and openly, under our counselors moderation, sensitive issues affecting our interactions and maximizing student support. Considerable time and resources have gone into faculty professional development to this end.   Finally, academic advisement for each student is overseen by a career mentor all year long and culminates in timely advisement jamborees in preparation for registering for classes.   Directly addressing our Broader Impact goals, since AstroCom NYC started in 2012, 62 diverse scholars have joined our community, 23 have entered graduate school, and our first alumnus earned their PhD in April 2023. Additionally, 17 scholars earned external research fellowships, one was awarded an NSF Graduate Research Fellowship, and one earned a Fulbright Award. Through several state-wide and national workshops, about 90 faculty and postdocs have been trained in the STP practice. Over 125 students have completed the curriculum. We have trained more than 25 postdocs as research mentors. Directly addressing our Intellectual Merit goals, 11 research papers with AstroCom NYC student co-authors have appeared in peer-reviewed journals so far, along with many more student presentations at American Astronomical Society national meetings.        Last Modified: 11/10/2023       Submitted by: TimothyAPaglione</outcomes>
</award-details>",software-produced,MPS-True,software-not-produced
1839201,CISE,CISE,"<award-details>
    <title>EAGER: Towards the Web of Biodiversity Knowledge: Understanding Data Connectedness to Improve Identifier Practices</title>
    <abstract>Biodiversity research investigates the variety and variability of life on Earth. This field of science crosses many research disciplines such as genetics, studies of organisms, plants and animals, habitats and ecosystems, and their interactions. A long-standing challenge for biodiversity researchers is to find, access, ""mine"", and integrate complex and diverse information from those disciplines. New approaches have now become possible with the increasing availability of ""big data"" techniques and infrastructure. This project will explore and employ such advanced techniques for retrieval and mining of a wide range of available open biodiversity data sources, with the aim of generating an improved holistic picture or ""knowledge graph"" of Earth's biodiversity. The project will also identify the data practices and discovered relationships that were needed to accomplish this graph-building task, with the aim of informing the development of future data systems and training on these techniques.     Many attempts have been made to link together biodiversity knowledge using linked identifiers coupled with data standards and taxonomies, but satisfactory results with such ""exact matching"" approaches have been elusive. This project aims to develop new methods of relating records across datasets that do not rely on matching identifiers but instead employ inferred rather than explicit relationships between data records. This is an experimental approach that has not yet been attempted at scale.  Linkages between publicly available biodiversity, genetic, literature, and other data will be explored; and software infrastructure will be developed to combine and link multiple biodiversity datasets. Another goal is to quantify the relationship between identifier practices and the ability to construct links between available biodiversity, genetic, literature, and other data. This project will draw on and complement other large ongoing collaborative efforts that contribute to broad integration of biodiversity knowledge, data science, and infrastructure such as the Encyclopedia of Life (EOL) and the NSF-supported iDigBio project. The ultimate aim is to understand which data practices provide the most value to the biodiversity community and thereby inform policy, standards, and training on identifiers. This, in turn, can enable the exploration of new fundamental and cross-disciplinary research questions, and potentially improve practices of a wide range of US and international data aggregators and data producers.     This project is supported by the National Science Foundation's Public Access Initiative which is managed by the NSF Office of Advanced Cyberinfrastructure on behalf of the Foundation.    This award reflects NSF's statutory mission and has been deemed worthy of support through evaluation using the Foundation's intellectual merit and broader impacts review criteria.</abstract>
    <outcomes>The monitoring, understanding and preservation of Earth’s biodiversity rely on our ability to gather data, to link related data and to analyze them repeatedly over long periods of time. Biodiversity scientists leverage the existence of data aggregation networks to select data relevant to their work, generating custom datasets needed to answer specific research questions. For their scientific work to be reproducible and repeatable it is necessary to make sure that the datasets are uniquely and persistently identified so that their names always refer to the same data and different data are never retrieved using the same name in the foreseeable future. Also necessary is the ability to track the provenance of the data so that scientists can retrace and update data sources. The linkage of persistently identified datasets that include their provenance yields biodiversity data graphs that connect datasets obtained over time from the same source.    The intellectual outcomes of this project include techniques (and their implementations) for both generating persistent unique identifiers for datasets and tracking the provenance of datasets. In particular, the use of content-based identifiers was proposed for the first time for biocollections data. A content-based identifier of a dataset is a fixed-size string of characters that uniquely encodes the contents of the dataset. In other words, the identifier of a dataset will change if and only its content changes. This project showed that currently used identifiers that are not based on dataset content are inadequate and, as an alternative, showed that content-based identifiers are better suited for unique identification, re-use, linking, and preservation of biodiversity datasets. It also demonstrated that provenance information containing content-based dataset identifiers could also be encoded to identify datasets that include provenance information about themselves. A software tool called Preston implementing these techniques for dataset identification and provenance tracking was developed and used to deploy data observatories that track datasets of different types (text or media) provided to biodiversity data aggregators in the USA and abroad. Preston was used to demonstrate that evolving and disappearing datasets from unreliable web locations (i.e. accessible via URLs) can be versioned, reliably referenced, and preserved by leveraging provenance records describing the collection of datasets (with content-based identifiers) from URLs.    The broader impact outcomes of this project include software and scripts all of which are publicly available, including the code for the tool Preston. As of October 2021, Preston observatories have collected over 1.5TB of versioned biodiversity data and provenance for 1,249,376 unique dataset versions (including several hundred provenance datasets) spread over 822,932 different Internet locations. All datasets created by tools developed in the project are deposited redundantly across existing Internet repositories (namely, Internet Archive and Zenodo). Two PhD students and two undergraduate students participated in this project.               Last Modified: 12/02/2021       Submitted by: Jose A Fortes</outcomes>
</award-details>",software-not-produced,CISE-False,software-produced
1217594,TIP,other,"<award-details>
    <title>STTR Phase I:  Enhancing Access to the Radio Spectrum for Learning, NSF11-561</title>
    <abstract>This Small Business Innovation Research (SBIR) Phase I project will improve the number of wireless communication signals that can be accommodated by the electromagnetic spectrum. Used for mobile and internet communication, the electromagnetic spectrum has become extremely crowded in recent times. In addition to ever-increasing bandwidth demands from wireless handheld communications devices, explosive growth in machine-to-machine, inter-device wireless communications is exhausting spectrum resources, which can be resolved only by near zero-sum allocation decisions made through a mixture of bidding and politics. Society requires ""new spectrum"" but regulations are difficult to enforce. The objective is to demonstrate a usable data link within an atmospheric absorption line feature creating a self-limiting link distance, allowing spectrum reuse. The opportunity is to pack more communications channels within the same spectrum resource by transmitting within the molecular absorption bands (principally of O2 and H2O). Particularly for short-range data transmission within spectral regions where the atmosphere is strongly absorbing, range limitations are automatically enforced by the laws of physics. This technique will enable large numbers of wireless communications transmitters to reuse spectrum outside the range exceeding the opacity of the atmosphere, hence eliminating potential interference. Anticipated results are dramatic improvements in channel carrying capacity.     The broader impact/commercial potential of this project is to increase the maximum number of data links the atmosphere can accommodate at any given time. Because the spectrum is a scarce natural resource, optimizing its use is a societal goal. The motivation for operators of transmission devices to actually choose to self-limit is that by doing so, they improve their signal-to-noise against a sea of competing users at a lower cost than simply increasing power in an unattenuated channel. The physics of molecular gaseous absorption within the atmosphere at millimeter frequencies will enforce by law of nature what heretofore has required monitoring and regulatory enforcement. In addition to improving the efficiency of mobile phones and wireless internet commercial wireless communications, spectrum reuse technology enhances sensor communications. Sensor 'clouds' will create myriad opportunities to enhance learning and scientific investigation, such as enhancing understanding of behavior within active hurricanes. Enhanced data link security is provided, as eavesdropping is rendered impossible beyond the link range afforded by atmospheric opacity at that frequency. Millimeter wave electronics have become sufficiently mature and inexpensive to address a wide variety of industrial, scientific and consumer device applications. Nearly all electronic wireless mobile devices and sensors could benefit.</abstract>
    <outcomes>The goal of EARS is to work out practical technical solutions to improve utilization of our severely resource?limited electromagnetic spectrum. Our approach relates to three of areas of expertise: first, a deep quantitative understanding of the physics of electromagnetic propagation through the planet's atmosphere; second, advanced digital telemetry using statistical forward error correction; and third, ultra narrowband millimeter wave wireless communications. We are focusing on frequency reuse as improved means of reliable communications within congested or noisy weak signal electromagnetic environments. It is from this context we began our Phase I research, which in our initial report discussed our objectives, 1-6 to explore designs and market segments for prospective early adopters, and the foundations of a new atmospheric transmission model.  Science has known for many decades opaque areas in the spectrum are suitable for frequency reuse as they limit propagation. For this to work we must generate a signal that is narrowband and adequately frequency stable over time and temperature. Precise alignment within atmospheric absorption features (which are rock stable in frequency but which vary in depth depending on gas concentrations), is essential. If the signal frequency wanders, it moves into and out of absorption lines. By tuning into these features we can dynamically control our range, enabling many devices to share the same frequency, a technique known as ""frequency reuse"". And the more frequencies that we can co-share, the more devices that can be supported around the globe.  A second subsequent report discussed a successful experiment where we conducted a long range telemetry flight using our new forward-error correcting telemetry, on June 27th 2013 aboard the NASA DC-8 flying laboratory.  We demonstrated up to a 220km range between the jet and seven test dropsondes, with adequately low error rates, showing the algorithm has great promise.             Last Modified: 07/06/2013       Submitted by: Mark C Beaubien</outcomes>
</award-details>",software-not-produced,other-False,software-produced
1935289,ENG,ENG,"<award-details>
    <title>Volumetric Optical Integrated Circuit Elements (VOICE)</title>
    <abstract>The fundamental goal of this research project is to develop a route to form high performance photonic devices within the volume of a silicon wafer rather than on its surface, as is generally the case. Photonic devices are integral to many important applications in telecommunications, computing, data storage and transfer, and consumer electronics. Silicon photonics has enabled circuits that are miniaturized and integrated. These technologies will dramatically improve in speed, density, and energy efficiency if they can be successfully integrated at a high enough density as a multi-plane photonic integrated circuit (PIC). Two key projected societal impacts are (1) ultra-high speed data transfer within next generation computers using channels that route light in 3D within a chip or between chips and (2) advanced all-optical signal processing using a PIC that has numerous planes for performing operations. The project also includes the training of undergraduate and graduate researchers in photonic device/circuit theory, microfabrication, metrology, and numerical simulation. Research and teaching will be closely integrated through three of the PI's courses: Materials in Nanotechnology, Integrated Optoelectronics, and Principles of Experimental Research. Participation of students from underrepresented groups will be broadened through undergrad research and by leveraging large existing K-12 outreach initiatives that will impact greater than a thousand students.  The PIs propose a proof-of-concept project to realize multiple planes of interconnected micro-optic elements, waveguides, and passive photonic devices within the volume of a silicon wafer. Subsurface gradient refractive index (GRIN) devices will be fabricated within porous silicon (PSi) or silica (PSiO2 = oxidized PSi) via two-photon lithography to selectively polymerize photoresist within the porous host. This direct laser writing (DLW) approach enables index control (nPSi = 1.4-1.9, nPSiO2 = 1.15-1.3) at each voxel. Complex GRIN elements (e.g., compound apochromatic lenses, photonic nanojet emitters, diffractive and photonic bandgap structures, spiral phase plates, and index/mode matching bamboo-shaped tapers) plus conventional silicon photonic elements (e.g., interferometers, gratings, and microring multiplexers and filters) can all be fabricated in a self-aligned manner with < 1 micron critical dimensions across a 4"" wafer. The research seeks to advance knowledge in the fields of subsurface fabrication and photonic integration. The interdisciplinary team of 2 PIs, 2 grad students, and 2 undergrad students will leverage their experience and training in GRIN PSi and PSiO2 optics, DLW, optical device/circuit theory and design, computational electromagnetics, imaging, metrology, and nanomanufacturing to answer fundamental scientific questions about the fabrication of complex optics by addressing five major goals:  1. Investigate and apply polymerization-based index control and optical characteristics in mesoporous scaffold-enabled two-photon lithography.  2. Measure the spectral dependence of the refractive index and absorption coefficient (400 - 1700 nm) as well as the 3D point spread function of the writing process.  3. Develop software tools to: (a) optimize the 3D index profile to achieve a given optical functionality and (b) determine the necessary two-photon lithography exposure conditions to realize said profile.  4. Design, fabricate, characterize, and model novel GRIN elements and subsurface 3D waveguides.  5. Demonstrate the aforementioned monolithically integrated 8-plane PIC and optical interposer.  Demonstration of previously unachievable photonic geometries and functionalities will not only create a new paradigm for future PIC architectures but will also lead to new scientific applications such as lab-in-chip, interferometry, metrology, imaging, and quantum optics.    This award reflects NSF's statutory mission and has been deemed worthy of support through evaluation using the Foundation's intellectual merit and broader impacts review criteria.</abstract>
    <outcomes>This research project has focused on advancing a new direct writing technique for fabricating micro-optics: subsurface controllable refractive index via beam exposure (SCRIBE). Rather than patterning optical elements on the surface of a wafer with illumination shone through a photomask, as is standard in traditional silicon-on-insulator (SOI) photonics, SCRIBE rasters a focused laser beam to form polymer structures within a porous medium. Over the course of the research project, silicon etching and oxidation processes have been developed that enable 60 micron thick porous silicon dioxide thin films with approximately 80% porosity (that is, mostly pores filled with air). The thin film's physical properties were experimentally validated using ellipsometry and data fitting. This film thickness allowed for the possibility of fabricating dense, multi-layered photonic integrated circuits (PICs) within its volume. This project also contributed to the direct training in research of 12 graduate students, 12 undergraduates, and 1 postdoc.  Several important building blocks of PICs have been demonstrated, including coupling lenses, microring resonators, Mach-Zehnder interferometers (MZIs), and multimode interferometers (MMIs). With the use of coupling lenses, the loss of a fiber to waveguide to fiber optical interconnect was reduced from 50 dB to 2.3 dB across the entire 1250 &minus; 1650 nm wavelength range, which is an important range for modern telecommunications. By measuring microrings and observing a quality factor on the order of 60,000, we could estimate an upper bound on our propagation loss of 3 dB/cm. These values are competitive with conventional surface-based planar waveguide technologies but have the advantage of 3-dimensional volumetric scalability. The waveguide shape was characterized versus depth to enable lithographic corrections to further reduce loss. When moving large distances on the mechanical stage, small errors in steering the writing laser can occur, which can introduce significant loss of light propagating in a waveguide. By measuring these systematic rotational and dilation errors ahead of time, we compensated for them and reduced loss in very long waveguides across a PIC.  The capability to route 3D waveguides under or above one another with no additional fabrication difficulty and with very little (optical) crosstalk is highly desirable for creating more complex PICs in the future. Previously, the complexity of PICs has been limited by planar designs, such as with SOI. More complex integrated PICs could have applications in on-chip optical communications or all-optical computing, both of which are emerging fields of research.  Another key advantage of SCRIBE is its ability to make gradient refractive index (GRIN) structures by modulating the writing laser power. In other words, we can control how light refracts locally by modulating refractive index on the sub-micron scale within our micro-optical devices. When the writing laser is operated near the threshold region, the photoresist may be partially polymerized, resulting in an intermediate refractive index between that of its unpolymerized and fully polymerized state. This method is unique in that it theoretically yields continuous index control from the background index of the porous silica up to nearly the index of the solid polymer. However, in practice, the intensity of the laser varies slightly across the write field.  This variation in laser power (and correspondingly variation in refractive index) was the motivation for the development of a calibration procedure. By precisely measuring these inaccuracies and using different motorized stages synergistically, this research project achieved a device-to-device refractive index standard deviation of less than 0.005. Furthermore, general-purpose code has been developed for correcting these errors when fabricating any design of the user's choice. Once the calibration data has been collected for a given instrument, no further iteration or trial-and-error edit of a design is necessary. A given design can be input to the program, and the design will be accurately fabricated. This calibration procedure has real impacts on fabricated device performance, such as the intensity in the focus of a micro-lens, or the wavelength at which a microring resonates. By fabricating several example devices with and without corrections, it was definitively shown that significant improvements exist in each case.  Various novel GRIN elements have been fabricated, including multiple designs of photonic nanojet generators that had previously only been theorized. These designs have potential in fields such as high-resolution optical metrology and lithography. By having nearly complete control over the refractive index within the porous medium, the output light from a given design can be precisely shaped as needed by the application. The level of flexibility enabled by SCRIBE after this research project was completed is unprecedented.          Last Modified: 11/04/2022       Submitted by: Paul Braun</outcomes>
</award-details>",software-produced,ENG-True,software-not-produced
1705592,ENG,ENG,"<award-details>
    <title>SusChEM: Machine learning blueprints for greener chelants</title>
    <abstract>1705592 (Keith). Chelating agents have recently been identified as a key category of chemical products that are ripe for greener design. It is hypothesized that identifying better alternatives will require far broader explorations of chemical compound space than what is possible with conventional trial and error experimentation. In this project, accurate quantum chemistry calculations will be used to train state-of-the-art machine learning methods that will allow prediction of structures of greener chelating agents.    The machine learning method that will be developed promises a novel route to rapidly predict properties of chelant/metal complexes, not only with higher accuracy but with six orders of magnitude less computational time than conventional predictive quantum chemistry methods (e.g. Kohn-Sham Density Functional Theory). With this computational tool, it will be possible to rapidly screen through about 100,000 hypothetical chelant structures to predict those that would bind strongly to different metal ions. The project will also screen these complexes to see which have high propensities to degrade in reasonable timeframes, and which have low probabilities of being toxic. The top candidates from this novel screening approach will then be experimentally synthesized and tested. This will validate if quantum chemistry-based machine learning would be a transformative tool for environmental sustainability and green chemical design by being a more predictive supplement and/or alternative to conventional QSAR models. Four basic scientific questions will be addressed by the project. First, state-of-the-art computational quantum chemistry will be used to develop a quantitative understanding of which chelant/metal complex properties (bond energies, pKas, etc.) best correlate with overall chelant stability constants in aqueous solutions. Second, machine learning methods will be developed to be used to drive in silico searches for non-traditional molecular structures that would be able to bind as strong (or stronger) to different metal ions as EDTA. Third, additional computational screening procedures will then be used to find which of these promising chelant structures are unlikely to be non-toxic and nonpersistent in nature. Finally, it will be experimentally validated which of the novel chelants identified via computation would be industrially synthesized and economically viable for widespread use. If successful, this research effort would signify a paradigm shift for computer-aided design of greener chelants used in detergents, treatments of heavy metal poisoning, metal extraction for soil treatments, waste remediation, sequestering normally occurring radioactive materials from hydraulic fracturing sites, and water purification. This project will lay important foundational work that is needed to introduce new state-of-the-art computational modeling tools with greater predictive capacity than widely used QSAR models. All developed computer programs and accompanying tutorials for how to use the programs will be made freely available on the website of the PI. The educational component of this project will develop a computer game, ""Chelate-it"", which will allow students to quantify different fundamental chemical bonding concepts involved in chelation and then use that knowledge to design novel chelant structures on their own. The computer game will be tested in a summer school program at the University of Pittsburgh for underrepresented 10th grade students. The capacity for the computer game to educate students about chemical bonding, environmental sustainability engineering, and research will be assessed.</abstract>
    <outcomes>This project was focused on research on how to best implement computational chemistry (CompChem) modeling and machine learning (ML) to guide the experimental design of new molecular chelants that would be effective and have less of an environmental footprint as existing and industrially produced ones.       The first step toward achieving this goal was achieved by demonstrating how CompChem modeling based on accurate quantum mechanics could be used for accurately predicting solvation energies for metal ions. This is a significant challenge since accurately predicting solvation energies is a critical component of understanding structure and activity relationships of molecules in solvents. A key insight that our work found was that the energetic contributions due to local atomic scale environments in many cases can be adequately modeled by using roughly equally imperfect models of both a) a reasonably large solvent cluster and b) a solute that is surrounded by the same number of solvent molecules as was used in the cluster. We were not the first to report this modeling scheme that resulted in significant error cancelation and accurate predictive results, but we were the first to:      1) provide a fundamental chemical physics basis for why this scheme was quantitatively accurate in relation to other known modeling schemes,  2) demonstrate an automatable computational procedure that used a suite of several open-source codes to predict solvation energies of arbitrary ions in arbitrary solvents, and  3) show how unsupervised ML procedures could identify how local solvent environments were progressively more converged around the ion as the number of solvent molecules in the system increased.    These results and insights helped our group report the first computational study that predicted reasonably accurate quantitative metal-ligand stability constants for a range of metals binding to a chemical macrocycle (i.e. a cryptand molecule). A key component to accurately modeling these thermodynamic energies was the identification of a local solvent environment and accounting for the thermodynamics of acid-base chemistry on the molecule in solution.    For this project we have also studied how local solvating environments can impact chemical reactions involving charge migrations of ions, and we have written review articles to inform the scientific community about productive and insightful applications of CompChem and ML. In sum, this project has provided important guidelines for future work in computer-aided molecular screening for properties of molecules in solvents. From this work, future efforts can turn to productively developing data sets for ML models to efficiently screen chemical space for strong candidates that warrant experimental validation.  In sum, this project provided insights for how to improve the overall efficiency of identifying novel chelating agents.    As a final component for our project, we have developed a website plug-in repository that allows the scientific community and the general public to contribute and use codes that augment the open source CompChem visualization code called Avogadro, which is developed at the University of Pittsburgh.  This repository brings significant broader impacts by facilitating collaborations from around the world to make the Avogadro code even more useful for educational and research applications for current and future STEM workforces.                Last Modified: 12/17/2021       Submitted by: John A Keith</outcomes>
</award-details>",software-not-produced,ENG-False,software-produced
2031265,CISE,CISE,"<award-details>
    <title>Justice-Focused Secondary CS Teacher Education</title>
    <abstract>The University of Washington will lead a researcher-practitioner partnership that leverages the team’s joint expertise in computer science (CS) education research, justice-focused secondary teacher education, high school CS teaching, RPP leadership, academic program administration, and community organizing to design, launch, and sustain a new justice-focused secondary CS teacher education program to serve the Puget Sound region’s high schools. All youth need to understand both the amazing power of computing, but also its potential for harm in their lives. They also deserve the education to harness this power, to amplify their voices and bend computing toward justice. To achieve this vision, this project will design, launch, and evaluate a sustainable, pre-service, justice-focused secondary CS endorsement program.    University of Washington proposes to design, launch, and sustain a new justice-focused secondary CS teacher education program to serve the region’s high schools. The RPP has the shared goal of preparing secondary CS teachers who can empower all youth to bend computing toward justice. This goal is achieved through deeper engagement in two forms. First, teachers must have the content knowledge (CK) that while computing can amplify social change, it can also amplify injustice. Teachers must see that computing can rely on biased data; that algorithms can make unjust assumptions about identity; that people in power are increasingly delegating to algorithms decisions such as who is policed and how long someone goes to prison. Second, teachers must have the pedagogical content knowledge (PCK) that how one teaches CS determines which students learn and what students choose to do with their CS knowledge. By reconceptualizing CS CK and PCK in terms of justice, CS education has the power to broaden participation in CS, but also broaden civic discourse on the role of computing in society.  The project team will collaboratively write with teachers a new justice-focused CS teacher education book that is free, online, and accessible, reframing CS content knowledge in the CSTA standards in justice terms. With this book, they will co-design with teachers four new CS teacher education courses on CS teaching methods, CS assessment, CS justice and equity, and a CS teaching field experience. Finally, they plan to pilot and launch the program, attracting both pre-service and in-service teachers, and sustaining their roles as CS teachers through a vibrant community of justice-focused CS educators.    This award reflects NSF's statutory mission and has been deemed worthy of support through evaluation using the Foundation's intellectual merit and broader impacts review criteria.</abstract>
    <outcomes>None</outcomes>
</award-details>",software-produced,CISE-True,software-not-produced
1355071,BIO,BIO,"<award-details>
    <title>Collaborative Research: Bayesian Model Checking for Phylogenetics in the Post-Genomic Era</title>
    <abstract>Diagrams of evolutionary relationships (phylogenetic trees) for species and genes are widely employed in biological research, including the fields of medicine, epidemiology, forensics, conservation, evolutionary biology and agriculture. This research project will explore new ideas and develop new software tools to improve the accuracy by which phylogenetic relationships are determined; in this way the research will contribute to improved understanding and decision-making for a broad range of scientific disciplines and practical applications. Results from this research will be broadly disseminated, including in-person and online training opportunities to familiarize researchers in the relevant disciplines with these newly developed computer-based analytical tools. Further, the research activities will involve the participation and training of a postdoctoral scholar, a graduate student, and several undergraduates at Louisiana State University (LSU) and the University of Hawaii at Manoa. This project will be incorporated into a seminar series at LSU focused on increasing awareness of computational biology among undergraduate students.    Phylogenetic trees are now routinely inferred from enormous genome-scale data sets, revealing extensive variation in apparent phylogenetic signal across loci. However, no general tools currently exist to objectively and quantitatively assess how much of this variation is due to biological processes and how much is caused by methodological error. Distinguishing between true variation and error is the problem to be studied in this project, as resolving this issue is essential for robustly resolving the Tree of Life and for understanding genomic evolution.  The goal of this work is to give researchers the tools to identify and avoid situations where phylogenetic inferences are unreliable. These tools will be implemented in open-source software (RevBayes and R), and will be easily extensible to many types of phylogenetic inference beyond those in this project.  This research will implement suites of existing, alternative statistical approaches employing Bayesian posterior prediction to rigorously assess absolute fit of phylogenetic models to evolutionary data, and how this fit impacts the reliability of inference. Simulations comparing performance of alternative models will focus on three types of inferences: (i) estimation of individual gene trees, (ii) estimation of species trees from many genes, and (iii) comparative analysis of continuous traits. These approaches will be applied to exemplar empirical questions, including the placement of turtles among amniotes using several recently published genome-scale data sets. These data contain surprising and massive heterogeneity in phylogenetic signal regarding the placement of turtles, and thus form an excellent case study.</abstract>
    <outcomes>The importance of robust and flexible statistical methods is now well established in evolutionary biology and particularly in the field of phylogenetics, which focuses on understanding the historical relationships among species. Despite great progress over the past four decades in expanding the scope and rigor of phylogenetic statistical methods, there are still critical holes that need to be filled. All statistical methods rely on certain assumptions and a crucial step in a robust inference framework is to critically examine those assumptions in light of the data. While methods for doing so are now standard in traditional statistical applications (e.g., linear regression, ANOVAs, and t-tests), there has been no widely agreed upon approach for doing so in phylogenetics. This project developed a suite of statistical tools and associated software for investigating how well phylogenetic models fit empirical data. These tools allow researchers to investigate why phylogenetic signal (i.e., the information about genealogical relationships among organisms or their genes) varies across different parts of a genome, allowing them to assess the reliability of conclusions regarding how genes, genomes, and other characteristics of organisms have evolved over time. We implemented these tools in the popular and freely available RevBayes software package in order to make them easily accessible for users. The project has resulted in 10 publications to date.  This project facilitated the training and full collaborative participation of two postdoctoral researchers, four graduate students, and two undergraduate students. In addition, this project supported the development of training resources that were incorporated into several phylogenetic workshops that together have provided training to dozens of graduate students. This work also served as the primary foundation for a new phylogenomics workshop that the PIs offered for the first time in 2019. To facilitate widespread training and adoption, the project also developed new tutorials that are available on the RevBayes website.       Last Modified: 11/07/2019       Submitted by: Jeremy M Brown</outcomes>
</award-details>",software-not-produced,BIO-False,software-produced
1813949,ENG,ENG,"<award-details>
    <title>CSR:Small: High Data Density Short Range Wireless Telemetry for Next Generation IoT Applications</title>
    <abstract>High Data Density Short Range Wireless Telemetry for Next Generation Internet-of-Things (IoT) Applications (SWiT-IoT)    The long-term goal of this SWiT-IoT project is to establish a transformative and multidisciplinary research and innovation on high data-density short-range wireless telemetry and energy-efficient computational platform integrated with custom analog radio-frequency (analog-RF) circuit and system architectures for Internet-of-Things (IoT) applications. Proliferation of wireless sensors and sensor network has enabled widespread deployment of multi-sensors for IoT applications. With the increase of wireless sensors, the cumulative data volume from a large group of sensors is creating bottleneck for real-time data processing and data transmission through a limited wireless spectrum. To alleviate these problems, the SWiT-IoT research project is going to investigate a two-phase approach. On the first phase, the project will investigate a local processing or computational unit for in-situ low-level signal processing, data reduction, and enable high volume of data communication within the specified bandwidth. On the second phase, the project will investigate a novel pulse encoding scheme using orthogonal pulses to compress the data volume further. This two-fold data reduction (local processing and pulse encoding) enables high data-rate support within the specified bandwidth. The compressed data stream will then be fed to an injection-locked power oscillator to drive the antenna for wireless transmission. The proposed transformative large volume wireless data acquisition scheme will influence various sensor related applications and decision-making processes, such as transportation, public health, cortical mapping, smart homes, etc. The education goal is to integrate the artistic skills of underrepresented K-12 students to motivate, engage and help learning STEM materials through a fun loving environment and get them prepared for future STEM careers. The project will continue training undergraduate and graduate students, conduct summer camps, and promote outreach programs through ""It's Electric"", ""C3-STEM"" and UAB CORD program, to increase the number of underrepresented and minorities towards higher education.    In pursue of the research objectives in the SWiT-IoT project, mainly three research goals are targeted: (i) Energy-Efficient Local Processing for Data Reduction, (ii) An energy-efficient analog-RF chip level implementation of multi-order orthogonal pulse generator, and (iii) Spectral efficient orthogonal pulse based analog pulse-sequence encoding. First, a local processing unit will be investigated by employing oscillatory neural network (ONN) and improved spike detector algorithms. By utilizing ultra-low-power self-oscillating nodes, the ONN will perform class-associative pattern recognition task by synchrony or desynchrony among the nodes, and only relay the values of the recognition indicators frequency of synchronization and convergence time, instead of the raw data. A modified nonlinear energy operator based energy-efficient spike detector algorithm will be investigated for detecting signal events e.g. impact loading, action potentials, abrupt changes, etc. and relay the event stamp to reduce the data volume. Second, the SWiT-IoT project will investigate a Modified Hermite Polynomial based multi-order orthogonal pulse generation scheme. An innovative neuro-inspired architecture will be utilized with reduced system complexity, better energy-efficiency, and integrated circuit level implementation with smaller form factor. Third, a novel combinatorial pulse-sequence encoding will allow simultaneous multichannel wireless telemetry with superb spectrum-efficient data density and data security. In this scheme, n distinct multi-order orthogonal pulses will be used to create pulse-sequence for each channel. The use of (n-1) redundant orthogonal pulses for each channel will enable supporting a large number (= n!) of channels and (n-1)!-times of data rate improvement.    This award reflects NSF's statutory mission and has been deemed worthy of support through evaluation using the Foundation's intellectual merit and broader impacts review criteria.</abstract>
    <outcomes>With the increase of wireless sensors, the cumulative data volume from a large sensor group is creating bottlenecks for real-time data processing and transmission through a limited wireless spectrum. To alleviate these problems, the SWiT-IoT research project investigated a two-phase approach. On the first phase, the project investigated a local processing or computational unit for in-situ low-level signal processing, data reduction, and enable high volume of data communication within the specified bandwidth. On the second phase, the project investigated a novel pulse-encoding scheme using orthogonal analog pulses to compress the data volume further.  As a part of the local processing unit, the project demonstrated the design and simulation of a modified Oscillatory Neural Network (ONN) for hierarchical pattern storage and classification, network based computation and local fault detection, and spatial-spectral analysis for bridge health monitoring. A weakly coupled phase oscillator model is analyzed in the case of both linear and nonlinear couplings, where convergence time and frequency of synchronization are considered as the indicators of recognition. An array of sensors is considered for structural health monitoring and the sensor outputs affect the coupling weights of the ONN. The beauty of ONN structure is, it can store a pattern (i.e. sensor output) through the coupling weights and exhibits a synchronized output for a close-in-match input pattern or sensor data. Any predefined deviation of sensor outputs results in desynchrony in ONN and indicates the anomaly in structural health. The inherent computational power in ONN obviates the power-hungry digital processor and facilitates data reduction and reduced computational burden for the central data center. In this project, a Kuramoto model-based ONN consisting of 10 oscillating nodes was designed and simulated. An array of 10 strain sensors was considered to affect the coupling weights of the oscillating nodes and demonstrate network-level computation. The project also studied the associative memory model of the hierarchical oscillatory neural network. By utilizing a nonlinear coupling function and proper selection of specific coefficients, a stable 2-cluster was achieved for a sensing application. The hierarchical clustering dramatically reduces the time complexity by increasing the space complexity through multi-layer processing. The SWiT-IoT project also explored the analog-level design of an oscillatory neural network for in situ pattern recognition, resulting in significantly reduced computational loads at the processor and minimized data transfer. A series of 36 ring oscillators were coupled serially, and the network performed computations by synchronization. The coupling weights were modulated by sensor inputs which affected the stored memory by indicating the synchronization time and frequency of the network. The work studied the effects of synchronization time and frequency of the ONN for different supply voltages, coupling weights, and the number of oscillating nodes. The 36 oscillator ring neural network scheme was designed and simulated using the 130 nm SiGe BiCMOS process. Simulation results showed power consumption to be less than 5.6 mW for the entire ONN and pattern recognition based on synchronization frequency and 10s of ns time differences between the training and input patterns. Finally, an inkjet-printed nonlinear element was also investigated as an initiative for the future development of a machine learning platform on a flexible substrate.  For spectrum-efficient high-density data telemetry, the project investigated modified Hermitian polynomial-based analog orthogonal pulses and analog pulse based data encoding. The innovative pulse-sequence-based encoding increased the data volume (n-1)!-times by supporting n!- numbers of channels while sharing the same frequency spectrum. The research investigations in this project resulted in several new schemes, including multi-bit encoding using single order pulse, the pulse randomization scheme for low-level physical layer security, simplifying the pulse decoding algorithm using the gold-sequence concept, and spectrum sensing for short-range wireless telemetry. In this project, a novel channel encoding scheme was developed where, unlike a single pulse, a pulse sequence modulates the individual data channel. Using the permutation technique, the proposed method uses multi-order orthogonal pulses to create distinct pulse sequences. All the pulses are orthogonal and can coexist in the same time window; therefore superimposed on top of one another to create the composite signal representing compressed data volume. The cyclic pulse elimination is proposed using the correlation peak analysis to decode individual pulses from the combined signal. A MATLAB/Simulink platform was used to generate and embed the analog orthogonal pulses on a smaller footprint microcontroller. A prototype test platform was developed using commercially available customized RF modules to validate the feasibility and compatibility of analog pulse transmission using the existing communication architecture and network protocol.  The project generated 49 research articles in peer-reviewed journals and conference proceedings. The project outcomes generated collaborations. Two PhD students and five Master's students have already graduated. Two more PhD students are expected to graduate by Fall 2022. Through supplemental funding, the project also supported two REU students, 15 undergraduate student design projects, and summer camp activities.          Last Modified: 08/19/2022       Submitted by: Mohammad Haider</outcomes>
</award-details>",software-not-produced,ENG-False,software-produced
1921857,ENG,ENG,"<award-details>
    <title>DMREF/Collaborative Research: Designing Mutable Metamaterials with Photo-Adaptive Meta-Atoms</title>
    <abstract>Metamaterials are intricately engineered composites, with properties beyond what can be achieved with conventional materials. Their unusual abilities are derived from their structure, rather than being inherited from the constituent materials. Optical metamaterials are a class of materials that allow manipulation of light in new ways, including built-in selectivity to polarization and wavelength, which can permit or forbid propagation of light and effectively mask the material. These materials have potential application across a number of sectors, including consumer electronics, defense, telecommunication and bioimaging, but their development has been limited by a lack of fundamental knowledge of the synthesis, processing, and compositions that will lead to optimal structure and performance. This Designing Materials to Revolutionize and Engineer our Future (DMREF) award supports research to design and develop active nano-scale metamaterials through fundamental understanding of the processing-nanostructure-property relationships. The approach will enable the design of materials able to manipulate light using tunable building blocks, called meta-atoms, that interact with light at multiple wavelengths.  The research is tightly integrated with an outreach plan that includes educational activities focused increasing the participation of underrepresented minorities in STEM, as well as stimulating education initiatives from K-12 to the graduate student level.    This research seeks to solve a fundamental challenge in powering active optical metamaterials, in particular the ability to couple actinic energy and direct mechanical adaptation at the nano-scale, meta-atom by meta-atom. The PIs will test that hypothesis that optimizing the topology of plasmonic structures which reside on photoactive, nanostructured polymers can allow coupling of photons from a pump beam into photochromic switches embedded in an ordered macromolecular network. When a resonant mode coincides with the absorption of the photoswitches, fully reversible changes in the macromolecular order can generate large strains (>10%) in the polymer. In turn, this actuation back-couples into a structural adaptation of the meta-atom resident on the polymer. The ability to utilize a pump to structurally modulate a metamaterial then becomes a vehicle to manipulate a probe beam of a different wavelength (with which the meta-atoms are multiresonant) with near-unity changes in the scattering amplitude and with phase control. Photo-adaptive metamaterials capable of device-level optical manipulation become possible. An array of outreach efforts is planned to magnify the broader impact of the work. Dissemination via publications will be augmented with a focus on open-source distribution of the simulation software and online tutorials on fabrication and processing.    This award reflects NSF's statutory mission and has been deemed worthy of support through evaluation using the Foundation's intellectual merit and broader impacts review criteria.</abstract>
    <outcomes>None</outcomes>
</award-details>",software-produced,ENG-True,software-not-produced
2126510,GEO,other,"<award-details>
    <title>EarthCube Capabilities: PaleoCube: Enabling Cloud-Based Paleoclimatology</title>
    <abstract>Records of Earth’s past climates (e.g., from tree rings, marine sediments, ice, and corals) are key to understanding what the climate system is capable of and for testing the climate models used to project future climate. At present, there are a number of social and technical barriers that prevent the full use of these paleoclimate observations to inform modeling. PaleoCube proposes to lower these barriers by bringing scientists of diverse perspectives to work in the Cloud. The data and code will be shared through hackathons, webinars, and YouTube tutorials designed to engage scientists involved in different aspects of climate science on an even playing field while building capacity among the geoscientific workforce.    PaleoCube will use and extend upon existing cyberinfrastructure (LinkedEarth, Pangeo, Jupyter), emerging data standards, and the scientific Python ecosystem (including an extension to the pandas library to accommodate more general time representations) to bring scientists to the data and associated reproducible workflows stored in the cloud. The proposed activities will make these tools accessible, facilitate interoperability with the Scientific Python Stack, and build a large library of reproducible scientific workflows that inexperienced users can emulate and modify to serve their own purposes. By providing easy and free access to interactive computing at scale, coupled with didactic examples and hackathons, PaleoCube will broaden participation in the geosciences to under-represented groups, enrich the STEM pipeline, and provide transferable data science skills to geoscience practitioners and enthusiasts.    This award reflects NSF's statutory mission and has been deemed worthy of support through evaluation using the Foundation's intellectual merit and broader impacts review criteria.</abstract>
    <outcomes>None</outcomes>
</award-details>",software-not-produced,other-False,software-produced
1638972,BIO,BIO,"<award-details>
    <title>Collaborative Research: Dimensions: Desiccation and Diversity in Dryland Mosses</title>
    <abstract>Mosses are the second most diverse group of land plants and they play important ecological roles in terrestrial ecosystems. Since an early divergence from other land plants some 450 million years ago, mosses took a different path than vascular plants to solving the challenges to survival and reproduction posed by terrestrial environments. One important trait that is well developed in mosses is the capability of drying without dying, known as desiccation tolerance (DT). This critical trait allows many mosses to survive and reproduce even in drylands, and may be the key to their survival in the face of current, rapid climate change. Syntrichia is a large and diverse genus of mosses occurring worldwide and generally in dryland habitats. Despite their dominance in certain communities such as biological soil crusts, surprisingly little is known about the drivers of biodiversity in this clade. This interdisciplinary project integrates research from genomic, organismal, population, and community levels of organization in order to build a robust understanding of past and present dimensions of biodiversity in Syntrichia. The overall goals are to understand the evolutionary and ecological mechanisms that have produced and maintained functional diversity at these different levels of organization, and promote training, teaching, and learning via: (1) formal education through field and laboratory research; (2) informal education involving a classroom module, short-film series featuring mosses and biocrusts transitioning from desiccation dormancy, a citizen science program ""Citizens of the Crust,"" and a series of free public workshops.    The research will examine tradeoffs between asexual and sexual reproduction, and between phenotypic plasticity and canalization into specialized genotypes, by examining the mechanisms underlying traits (including phenotypic plasticity) that drive diversification, reproduction, habitat selection, and physiological trait evolution in environments with varying degrees of water stress. Specific methods to be employed include: (1) sequencing the full genomes of S. caninervis and S. ruralis; (2) using next generation sequencing (NGS) to develop genotypic markers for population-level genetic variation studies, signature transcriptome tools for phenotypic analyses (related to ecophysiological and ecosystem investigations), and multiple single-copy genes for phylogenetic analysis; (3) transcriptomics experiments comparing different development stages and sexes of both species in response to desiccation stress and reproductive state; (3) ecophysiological experiments on multiple populations of S. caninervis and S. ruralis, and all 15 species of N. American Syntrichia, to assess phenotypic plasticity in the key trait of DT; (5) population genetic studies of S. caninervis and S. ruralis in different environments; (6) building a robust phylogeny for Syntrichia and using it to understand evolutionary trends and correlations among the traits under study, as well as to produce a refined classification; (7) examining the role of genetic, functional, and phylogenetic diversity in the resilience to climate change of biocrust communities that are dominated by Syntrichia (with co-occurring mosses, lichens, and cyanobacteria) in field and greenhouse experiments.</abstract>
    <outcomes>Mosses are the second most diverse group of land plants and they play important ecological roles in terrestrial ecosystems.  Since an early divergence from other land plants some 450 million years ago, mosses took a different path than vascular plants to solving the challenges to survival and reproduction posed by terrestrial environments.  One important trait that is well developed in mosses is the capability of drying without dying, known as desiccation tolerance (DT).  This critical trait allows many mosses to survive and reproduce even in drylands, and may be the key to their survival in the face of current, rapid climate change.               Syntrichia is a large and diverse genus of mosses occurring worldwide and generally in dryland habitats.  Despite their dominance in certain communities such as biological soil crusts, surprisingly little was known about the drivers and outcomes of biodiversity in this clade.  This interdisciplinary project integrated research from genomic, organismal, population, and community levels of organization in order to build a robust understanding of past and present dimensions of biodiversity in Syntrichia.  The overall goals were to understand the evolutionary and ecological mechanisms that have produced and maintained functional diversity at these different levels of organization, determine how various dimensions of biodiversity provide resistance to climate change, and promote training, teaching, and learning through formal and informal education.              Intellectual Merit.  The research examined the mechanisms underlying traits that drive diversification, reproduction, habitat selection, and physiology in environments with varying degrees of water stress.  We looked at tradeoffs between asexual and sexual reproduction, and between morphology and physiology.  Specific methods that were employed include: (1) sequencing the full genomes of S. caninervis and S. ruralis; (2) developing genotypic markers for population-level genetic variation studies of S. caninervis and S. ruralis in different environments; (3) phylogenetic analyses of Syntrichia and its relatives to understand evolutionary trends and correlations among the traits under study, as well as to produce a refined classification; (4) ecophysiological experiments on multiple populations of S. caninervis and S. ruralis, and all 15 species of N. American Syntrichia, to assess variation in the key trait of DT; and (5) field and greenhouse experiments to examine the role of genetic, functional, and phylogenetic diversity in the resistance to climate change of biocrust communities that are dominated by Syntrichia (with co-occurring mosses, lichens, and cyanobacteria) and are ecologically important in dryland environments across the western US.               Broader Impacts.  We carried out extensive formal training activities in field and laboratory research at four educational levels: undergraduate, Masters, PhD, and postdoctoral.  We pursued outreach and informal education via: (1) classroom modules; (2) short-film series featuring mosses and biocrusts transitioning from desiccation dormancy; and (3) a series of free public workshops, both in-person and virtual.  Many research and educational resources have been made available on our project website: https://3dmoss.berkeley.edu/.             Last Modified: 11/02/2022       Submitted by: Melvin J Oliver</outcomes>
</award-details>",software-not-produced,BIO-False,software-produced
0715179,SBE,SBE,"<award-details>
    <title>Sizing Up Rivals and Mates in Wild Geladas:   Visual, Vocal, and Hormonal Signals</title>
    <abstract>Humans routinely assess other people by relying on information gained during previous experiences with a particular individual (?individual recognition?). Indeed, individual recognition is the primary means of assessment for most primate species. However, a growing body of evidence indicates that humans also use physical characteristics (?quality signals?) as a way to evaluate others ? particularly in the context of competition and mating. One reason why humans might utilize quality signals is because they live in extremely large social groups where they frequently encounter individuals they do not recognize. However, this hypothesis is difficult to test because quality signals are rare among primates, and little is known about the function and use of signaling in non-human primates. Thus, the main objective of this research is to determine how primates living in large groups ?size up? potential rivals and mates ? a task that involves mapping the boundary of where individual recognition ends and where other short-hand means of assessment begin. The subjects for this research are wild geladas (Theropithecus gelada), a monkey that lives only in the highlands of Ethiopia. Geladas are an ideal species for this research for two reasons. First, while the vast majority of primates live in small groups where individuals recognize every group member, geladas (like humans) live in extremely large groups where individual recognition may not extend beyond a small subgroup. Second, male geladas are unusual among primates in having 2 conspicuous traits that may serve as quality signals, a red patch of skin on the chest and neck, and ritualized display vocalizations. By combining behavioral observations, experimental playbacks, and laboratory analysis of fecal steroid hormones, this research addresses 3 questions: (1) What are the limits of individual recognition in gelada society? (2) For recognized individuals, do they base reproductive decisions on this information? (3) Alternatively (or additionally), do geladas use quality signals, such as chest color or vocal displays, to evaluate potential competitors or mates?     The PI and co-PI of this project are committed to integrating research goals with education and conservation at several levels. First, over the course of this three-year project, a post-doc will receive training in playback experiments and hormone analysis, 4-6 graduate students will gain summer field experience, and 6-8 undergraduates will gain experience analyzing data for senior theses. Second, it is expected that 1-3 Ethiopian graduate students in primate behavior will join the project. Third, an Ethiopian counterpart will be sponsored for graduate training in wildlife management. Finally, this project's research presence in the Simien Mountains National Park (currently on the list of World Heritage Sites in Danger) is assisting conservation efforts. Conservation projects that have been initiated thus far include: a census of geladas living in the area, a survey for tourists on park conservation, and a survey for the local people to gauge the degree of human-wildlife conflict. Both the PI and co-PI will continue to dedicate a fraction of their field time to conservation efforts in the area.</abstract>
    <outcomes>None</outcomes>
</award-details>",software-produced,SBE-True,software-not-produced
1944322,ENG,ENG,"<award-details>
    <title>CAREER: Modeling human veins and venous pathology with organ-on-chip engineering for basic, translational and educational research</title>
    <abstract>Venous diseases (such as venous thrombosis) are ranked amongst the top cardiovascular causes of death worldwide. These diseases are relatively poorly understood and the therapeutic approaches to treat these disorders are very limited. These inadequacies exist because discovery and therapeutic programs rely heavily on results from animal models, whereas these models (particularly rodent models) of venous diseases often perform poorly in terms of predicting human pathophysiology. The goal of this NSF CAREER project is to test the hypothesis that venous architecture, function and pathology (deep vein thrombosis) can be recreated bottom-up with a newly designed organ-on-chip (vein-on-chip) technology, which can serve as a replacement to animal models in preclinical and clinical cardiovascular research. The project will be leveraged to create an educational program titled ""Biology WITHOUT Animals But WITH Engineering"" that will target high school students, involve undergraduates in research and as mentors, and provide contemporary communication strategies to graduate students. The program is designed to stimulate excitement in STEM education and contribute to creating a critical and diverse workforce of biomedical engineers who can accelerate and economize healthcare through innovation in drug discovery pipelines.    The Investigator’s long-term goal is to positively impact human healthcare by providing both mechanistic understanding as well as therapeutic assessment for complex vascular diseases with FDA-approved bioengineered modeling systems.  Toward this goal, this CAREER project will build on the Investigator’s engineered tunable model of a fully human vein-on-chip (including valves and endothelium) for the analysis of venous thrombosis, related pathologies and therapeutics in vitro. The Research Plan is designed to establish this vein-on-chip platform to perform dissectible analysis of the known but underexplored factors that govern venous thrombosis and its treatment.  The first step is to leverage the platform to dissect the factors of Virchow’s triad sequentially (endothelium, blood and flow) and determine their individual and collaborative contributions in the onset and propagation of DVT.  The vein-on-a-chip will then be applied to dissect the immune factors systematically.  Blood constituents (neutrophils, monocytes or platelets) will be added or subtracted systematically to determine the synergistic or inhibitory role, individually or collectively, in onset of DVT and its consequences.  Finally, the vein-on-chip will be used to suggest new strategies to resolve DVT. The working hypothesis is that the DVT-on-chip system will reveal how combinations of anticoagulant, anti-inflammatory and statin drugs may resolve DVT.    This award reflects NSF's statutory mission and has been deemed worthy of support through evaluation using the Foundation's intellectual merit and broader impacts review criteria.</abstract>
    <outcomes>None</outcomes>
</award-details>",software-produced,ENG-True,software-not-produced
2028778,GEO,other,"<award-details>
    <title>RAPID: Collaborative Research: Increased access to infrastructure for distance education in hydrologic science</title>
    <abstract>The COVID-19 pandemic has caused a sudden shift to online teaching for most universities in the United States, and many globally. With little time to prepare, water resource and hydrology professors and lecturers must generate online content rapidly for at least the spring and summer semesters of 2020, with an increasing possibility this format will extend into the fall 2020 term. At the same time, there is large variation in access to and preparation for online delivery among institutions and individual faculty. In the hydrologic sciences, we expect preparation for the transition to online instruction and the resultant learning to vary based on program size, institution, instructor experience, and availability of instructional support. Taken together, there is a significant risk that hydrologic instruction will divide into “haves” and “have nots” as a result of these critical differences. Equal access to critical support and instructional resources during the transition from traditional to distance learning in response to the COVID-19 pandemic is critical to closing this gap and providing equal access to high quality instruction in the hydrologic sciences. Thus, our goal is to enable access to educational infrastructure and training for instructors, and ultimately students, in the hydrologic sciences in response to the COVID-19 pandemic.     This project will implement six key activities to achieve our goal including: (1) facilitating two-way communication between instructors and students through panel discussions and survey templates; (2) enabling sharing of course materials through CUAHSI’s HydroShare platform; (3) developing open-source, data-driven educational resources; (4) developing a guest lecture database for hydrologic sciences; (5) community training and support using distance education materials and platforms; and (6) hosting a series of workshops and producing a synthesis report on distance education in the hydrologic sciences. The result of these activities will be a leveled playing field for accessible, quality education to all instructors and students in hydrologic science. Moreover, we expect these efforts to foster a community of online educators in hydrologic science who will develop and use educational resources that will persist well beyond the present COVID-19 pandemic. Finally, the expanded use of distance education resources supports ongoing initiatives to expand Diversity, Equality, and Inclusion in the hydrologic sciences by CUAHSI and the HydroLearn platform to share undergraduate educational materials.    This award was co-funded by the Hydrologic Sciences and Education and Human Resources programs in the Division of Earth Sciences.    This award reflects NSF's statutory mission and has been deemed worthy of support through evaluation using the Foundation's intellectual merit and broader impacts review criteria.</abstract>
    <outcomes>The Coronavirus (COVID-19) pandemic caused a sudden shift to online teaching for most universities in the United States, and many globally. With little time to prepare, water resource and hydrology professors and lecturers generated online content rapidly. At the same time, there was large variation in access to and preparation for online delivery among institutions and individual faculty. The overarching goal of this project was to quickly develop and give equitable access to high-quality online content, resources for improving online delivery, and build a community of practice for sharing the burden of maintaining quality teaching during this crisis and beyond.   Specifically at Colorado State University, we had the goal of creating, distributing, and annotating interactive teaching applications and videos at https://openecodatalab.github.io/Hydrology-Online/ We hosted twelve interactive web applications that now have over 10,000 hours of use since last year according to the tracking on shinyapps.io. We additionally built a foundation for growing this kind of interactive teaching application with new apps being contributed at a rate of ~ 1 per month. In addition to building these web applications we also built over 10 different lectures/content and assignments that can be used in conjunction with each application. These apps were used at least at ten different universities.   Most of the apps and lessons can be found at our website: https://openecodatalab.github.io/Hydrology-Online/ along with the code for most apps: https://github.com/openecodatalab/Hydrology-Online. All apps currently on CUAHSI’s shinyapps.io account that was started from this project are also here:   https://cuahsi.shinyapps.io/1_baseflow_vs_stormflow/ https://cuahsi.shinyapps.io/mtm_weathering/ https://cuahsi.shinyapps.io/mtm_geomorph/ https://cuahsi.shinyapps.io/blue_watershed/ https://cuahsi.shinyapps.io/HBEF_Discharge/ https://cuahsi.shinyapps.io/Public_WQ_Data/ https://cuahsi.shinyapps.io/Overpasser/ https://cuahsi.shinyapps.io/RiverColor/ https://cuahsi.shinyapps.io/mtm_baseflow/ https://cuahsi.shinyapps.io/macrosheds/ https://cuahsi.shinyapps.io/RiverColor/ https://cuahsi.shinyapps.io/CO_streamflow/ https://cuahsi.shinyapps.io/WaterBalance/         Last Modified: 09/13/2021       Submitted by: Matthew R Ross</outcomes>
</award-details>",software-produced,other-True,software-not-produced
2132710,MPS,MPS,"<award-details>
    <title>Collaborative proposal: Workshop on Numerical Modeling with Neural Networks, Learning, and Multilevel Finite Element Methods</title>
    <abstract>The workshop will focus on the development, investigation, and application of fundamental mathematical theories and advanced modeling techniques using both Artificial Intelligence (AI) tools, such as deep neural networks, and scientific computing techniques, such as multilevel finite element methods. Participation of students, postdocs, junior, and senior researchers in the workshop creates an effective environment for exchange of ideas between researchers working in areas related to machine learning and scientific computing. The overarching goal of this workshop is to bridge these communities with the aim of creating efficient and more robust methods and techniques for the use of AI in mathematical and computational modeling of phenomena in physics, biology, and the social sciences. The workshop will be driven by several factors. The first is the wide range of numerical and mathematical models for real-time interactions at different scales. The second is the combination of numerical tools using classical discretizations with neural network techniques that can handle complex models in physical, biological, and medical research beyond current scientific computing capabilities. The workshop will also include topics in robust linear and nonlinear solvers for different temporal and spatial scales and efficient and interpretable learning processes that provide physics-aware numerical models.  Finally, topics on advanced software packages tuned to modern high performance computers will be included.  The workshop will be held at Pennsylvania State University, University Park, PA on November 3-5, 2021 (https://jxu60.math.psu.edu).    A primary objective of the workshop is to marshal forces to work on the development of newly integrated techniques that properly address the fundamental difficulties of solving multiphysics and multiscale problems. Workshop participants will have the opportunity to present their research related to scientific machine learning and traditional numerical methods, communicate and interact with leading experts from other countries, and initiate potential collaborations. The workshop focuses on key open questions in neural networks, machine learning, and multilevel methods, and is expected to lead to new ideas and collaborations in the development of analytic results and simulation technologies. On a longer-time scale, the design of the workshop will help to enable future advances in interdisciplinary studies of machine learning and traditional scientific computing, which will facilitate progress in many other areas of science.    This award reflects NSF's statutory mission and has been deemed worthy of support through evaluation using the Foundation's intellectual merit and broader impacts review criteria.</abstract>
    <outcomes>The workshop focused on fundamental questions in theory and practice in advanced mathematical modeling and numerical simulation techniques using neural networks (NN) and multilevel methods. It brought together researchers from diverse areas of mathematics to exchange ideas on integrated more traditional and novel NN techniques that properly address the fundamental difficulties of solving multiphysics and multiscale problems. Participants presented in  scientific machine learning and numerical analysis. Interactions between junior participants and leading expects from USA and abroad were part of the program and helped initiate strong collaborations. The discussions during the workshop focus on long-standing open problems in numerical analysis and other areas of mathematics and scientific machine learning pointing avenues for advancement of the research in these fields.  The workshop encouraged participation of students, postdocs, and junior researchers from the United States as well as senior participants from USA and abroad. The hybrid mode of presentations allowed the interaction with many leading experts in machine learning and numerical methods for partial differential equations (PDEs).  The program was aimed at drawing interest from young researchers and students to seek collaborations and ideas on bridging together machine learning techniques and classical scientific computing tools. As a result, the workshop allowed for initiation of novel research on the interface between computer science, mathematics, engineering and life sciences.The workshop was held right before the Fall 2021 Finite Element Circus (FEC) which has 50 years history. In this way, many of the workshop junior participants also were able to present their work at the FEC thus increasing the visibility of their research on the national and international level.  Overall the workshop stimulated research interactions between theorists and experimentalists from applied mathematics and computational science. The discussions between mathematicians, computer scientists, and engineers provided solid ground for collaborative work in combining classical and new emerging tools in computational mathematics and its applications.        Last Modified: 03/01/2023       Submitted by: Ludmil T Zikatanov</outcomes>
</award-details>",software-produced,MPS-True,software-not-produced
1661064,EHR,other,"<award-details>
    <title>Profiles of Science Engagement: Broadening Participation by Understanding Individual and Contextual Influences</title>
    <abstract>The ECR (Education and Human Resources Core Research) program emphasizes fundamental STEM education research that will generate foundational knowledge in the field. This study will investigate student engagement in science in the interest of of broadening participation in STEM fields. This will be an important undertaking since research shows that low student engagement is a major challenge for students from subpopulations often underrepresented in STEM fields. The research will help advance knowledge in STEM areas where empirical studies of student engagement have lagged behind theoretical work in this area. Few studies have measured student engagement holistically as a multifaceted construct for broadening participation in science. This study will advance knowledge in STEM education by identifying instructional contexts that foster optimal student engagement and by examining whether adolescent students' engagement profiles in science vary systematically by gender, grade, race/ethnicity, and the intersection of these factors. It will serve the national interest by investigating the extent to which engagement profiles are consistent across and related to features of the science learning context, achievement and persistence-related outcomes; and if these relationships differ by gender, grade, race/ethnicity, and the intersection of these factors. The study will also examine how science educators respond to the identified profiles and to variations observed, and will use this knowledge in designing materials to disseminate findings to practitioners.     This project will use a person-oriented analytic approach to examine individual differences and contextual variation in students' engagement in different science learning environments, and to link engagement patterns to students' achievement and persistence in STEM fields. Rich multi-method data sets will be used to develop profiles of student engagement involving adolescents' cognitive, affective, and behavioral states during the science learning process. These data will be instrumental in focusing, guiding, and communicating research efforts to practice. In addition to the knowledge generated and disseminated through traditional academic outlets, the project will develop two tangible products. The first product will be a free and publicly available statistical software library, or package, of tools and functions needed to conduct person-oriented analysis in R, the open-source programming language and software. These tools will be available for researchers, scholars, and developers. The second product will be a user-friendly guide that will inform science educators about engagement profiles and practices that engage students, including those from underrepresented groups in science, in the most meaningful ways. The guide to student engagement will help educators identify and respond to student engagement around science content, and to design lesson plans that may support greater engagement. The guide will be used for purposes of professional development and teacher preparation, impacting STEM scholars and educators, and training graduate students and post-doctoral fellow as they take part in research activities.</abstract>
    <outcomes>This project used classroom observation, adolescents' repeated self-reports during instruction, and educator interviews to explore students' real-time engagement during science learning and teachers' role in facilitating engagement. We examined links between engagement, achievement, and STEM aspirations, and then identified instructional practices that support the most adaptive engagement patterns. We examined engagement in terms of multiple dimensions including cognitive (thoughts), behavioral (actions), and affective (feelings). Data suggest that students' thoughts, actions, and feelings coalesce in unique ways depending on the learning activity they are involved in and their teacher's instructional practices at the time. This means that any given student will evidence multiple engagement profiles across different learning situations. In total, we observed eight unique situational ""profiles"" of engagement across thousands of student reports gathered during learning activities.   Students who more frequently reported a ""full engagement profile"" (with simultaneously high levels of cognitive, behavioral, and affective engagement) tended to earn better science grades, expect higher levels of education, and aspire to STEM careers compared to their peers with different engagement patterns. While identity markers like gender and race/ethnicity were not consistently related to engagement patterns, teachers' instructional choices were. Students were more likely to be fully engaged when their teacher emphasized the relevance of what they were doing, when the teacher showed enthusiasm, and when the activity at hand involved application of knowledge.  In addition to papers and presentations for academic and practitioner audiences, the principal products of this award include: 1) a web-based engagement guide for STEM educators that summarizes complex project findings in ways that are accessible and useful to educators, while providing concrete resources for planning and instruction; and 2) two open-source statistical analysis packages for researchers to more easily conduct the types of complex analyses we used to identify and explore these dynamic engagement patterns.  Intellectual Merit: This project makes theoretical and methodological contributions to the study of science engagement. The unique methodology, sample diversity, and cutting-edge analytic approach enabled us to study science engagement as it is often theorized but not typically measured  -- as a complex and dynamic array of thoughts, behaviors and feelings that are context-dependent. Our findings will inform attempts to support science engagement for a broad range of students.  Broader impacts: This study may impact how science engagement is understood, studied, and fostered in educational contexts. Scholars have benefitted from the statistical packages created by the project, as indicated by its quick adoption and frequent citation by scholars in the field. These methods have enabled the modeling of engagement in ways that is more consistent with current theorizing, and more authentic to students' classroom experience. Practitioners who have reviewed the study's findings and the engagement guide report high levels of resonance and usefulness of materials, suggesting potential for impact on practice.            Last Modified: 10/27/2021       Submitted by: Jennifer Schmidt</outcomes>
</award-details>",software-produced,other-True,software-not-produced
2023664,GEO,other,"<award-details>
    <title>Collaborative Research: The effects of marine heatwaves on reproduction, larval transport and recruitment in sea urchin metapopulations</title>
    <abstract>Rapid and extreme warming events such as El Niño and marine heatwaves have had ecological and economic impacts on nearshore marine ecosystems. These impacts include reductions in biomass and collapses in commercial fisheries. For many species, population booms and busts are controlled by shifts in reproduction and juvenile dispersal related to warmer temperatures and ocean circulation. However, how population fluctuations are shaped by interacting processes that control adult reproduction and larval survival remains unclear. Marine heatwaves often accompany major disruptions in ocean circulation, which can affect survival and the distribution of species that produce free-floating, planktonic larvae. As a result, species can be impacted directly by temperature effects on organismal reproduction and survival, and indirectly by shifts in ocean circulation that affect larval success. This project is examining how the joint effects of temperature and ocean circulation are controlling populations of purple sea urchins (Strongylocentrotus purpuratus). To address project objectives, the team is developing oceanographic models to predict dispersal of planktonic larvae in combination with controlled experiments on adult reproductive success. This project is advancing the understanding of how ecologically important species respond to ocean temperature and circulation, which are forecast to shift under future climate change scenarios. Broader impacts of the project include training of students and post-docs in STEM and educational outreach. Curriculum development and implementation is occurring in collaboration with existing K-12 outreach programs that focus on underserved communities and under-represented groups. The goal is to empower the next generation of scientists to use integrative approaches to predict ecological consequences of climate change.      Purple sea urchins are an ideal species for studying the coupled impacts of warming and ocean circulation on recruitment and survival given a wealth of ecological and organismal data. The species has a mapped genome, can be transported large distances as larvae by ocean currents, and larval abundances in California exhibit orders of magnitude variation with heatwaves and El Niño fluctuations. To quantify the processes that shape spatial and temporal variability in larval supply, researchers are applying a novel combination of biophysical modeling, experiments and statistical modeling of long-term, high-resolution data on larval settlement across the Southern California Bight (SCB). Research module 1 is quantifying spatial and temporal patterns of larval transport using a 3D-biophysical model of the SCB. The model is testing how interactions among historical changes in ocean circulation and temperature, larval life history, and larval behavioral traits affect variation in larval supply in space and time. Research module 2 is focused on how temperature could affect spatial and temporal variation in egg production.  Experiments are characterizing reproductive thermal performance curves and quantifying how these vary among populations and organismal history. A novel assay is assessing epigenetic regulation of gene expression associated with performance curves. Finally, Module 3 will integrate mechanistic models from Modules 1 and 2 to statistically assess their ability to explain spatial and temporal trends in a nearly three-decade dataset of larval settlement from six sites in the SCB.  This is one of the first studies that integrates models of larval transport, reproductive performance and settlement data to empirically test how physical and biological processes affect local recruitment patterns in complex marine meta-populations.    This award reflects NSF's statutory mission and has been deemed worthy of support through evaluation using the Foundation's intellectual merit and broader impacts review criteria.</abstract>
    <outcomes>Changing ocean conditions, such as marine heatwaves, are precipitating ecosystem collapse. Once productive kelp forests are being reduced to sea urchin dominated barren grounds. Undersea forests in northern California have declined by 95% in just one year during an unprecedented marine heatwave, losing biodiversity and important fisheries. Yet, we do not understand the mechanisms that tipped the system to sea urchins overgrazing. This NSF project focuses on - predicting ocean settlement of larval sea urchins, the impact of ocean warming and acidification on larvae, juvenile recruitment and adult sea urchin energetics, urchin persistence in barrens, and carbon production to help explain the responses we have seen and establish effective restoration solutions.    Larval Transport Modeling    The project constructed (PI Simons lead scientist) biophysical models that include both the physical circulation processes as well as biological processes in 3 dimensions. These models showed that when the biology of larvae are incorporated into the model, such as larval vertical migration, then more model larvae stayed close to the adult sea urchin reefs. Further, the primary driver of large sea urchin settlement pulses was the temperature experienced by adults during gonad maturation. This suggests an early warning system could be established to predict where and when large sea urchin recruitment events might occur.    Temperature and Early Larval Biology    We examined the impact of temperature and stressful ocean acidification conditions across the generations. If the parents experienced stressful conditions would this harden the larvae, or weaken them? We found there was some early advantage for larvae whose parents had seen warm temperatures but this advantage disappeared in the later stages. The temperature experienced by the larvae themselves was the primary factor impacting their success and survival. In experiments designed to examine the effects of temperature in conjunction with food availability with Ms. Munstermann we looked at whether larvae with abundant food resources can overcome the stress of warmer temperatures? We found larval purple sea urchins with abundant food survived warm stressful temperatures but, poor food led to a decrease in optimal temperatures. This highlights how temperature and food concentrations are acting synergistically to drive larval survival rates and how southern and northern California sea urchins may respond differently to ocean warming.    Temperature and Adult Sea Urchins    Adult sea urchins responded to increased temperatures in lab experiments by reviving up their metabolism and eating more. We found with Dr. Spindel that warm water resulted in 100% increases in metabolism and 200% increases in grazing when combined with modern day acidification levels. However, these increased grazing rates did little to benefit the sea urchin since both food conversion and test growth were reduced by approximately 50%. Therefore, sea urchins are predicted to have more destructive grazing behaviors in the warm, acidic waters of the future while gaining little advantage from super charged grazing.    Metabolomics is an important new tool which can assess how organisms are responding to stressful environments by looking at the physiological snapshot of a living cell. We characterize metabolite products in sea urchin cells in response to either kelp forest or barrens habitats. We identified metabolomic markers of barrens sea urchins to determine the starvation response pathways and how they are able to withstand these stressors to persist in barrens.    Sea Urchin Ecosystem and Carbon Cycling    Monitoring results in collaboration with Dept Fish and Wildlife show that purple sea urchins are at extremely high densities  20/m2 (Figs. 1-4) while the sunflower sea star, an urchin predator, was locally extinct. We found that both newly settled and one year old purple sea urchins were at their highest densities in 2 decades (Rogers-Bennett et al. 2024). Further, there was a significant relationship between the numbers of larvae settling and the numbers of one year olds found 1.5 years later in the recruitment modules (Fig.5). This suggests that much of the increase in sea urchin numbers was the arrival of newly recruited small individuals from exceptionally successful reproduction.    Understanding blue carbon, in the form of bound carbon and carbon released is essential for mitigating excess carbon. Here we estimate the carbon bound in sea urchin tests in northern California a region that recently switched from kelp forest to a sea urchin dominated system. We quantify sea urchin desnity using using Scuba surveys and rocky habitat area that in 2022-23 to estimate there are approximately 4.0 billion purple and an additional 318 million red sea urchins equating to 7.4 M kg of carbon in sea urchins. The rapid creation of these billions of sea urchins and their shells via calcification generated carbon emissions. We estimate the formation of these sea urchin barrens generated 17 M kg of CO2 released (4.6 M kg of Carbon) into the ocean (Fig.6) highlighting the need to better understand carbon cycling in the ocean.                Last Modified: 01/27/2025       Submitted by: LauraRogers-Bennett</outcomes>
</award-details>",software-produced,other-True,software-not-produced
2039373,CISE,CISE,"<award-details>
    <title>Collaborative Research: SaTC: CORE: Medium: Toward Age-Aware Continuous Authentication on Personal Computing Devices</title>
    <abstract>Current software for user authentication relies on the user to directly initiate some interaction (i.e., active authentication). However, active authentication systems are not accessible to individuals across all age groups. Continuous authentication schemes transparently observe a user's natural multimodal behaviors to leverage all possible signals as input for authentication, and hence do not require explicit authentication interactions to be initiated by the user, and are thus a promising framework for authentication by individuals of different age groups. This project's novelties are 1) to advance understanding of how individuals of different age groups use and perceive existing authentication methods, especially concerning users' mental models and acceptance of monitoring for the purposes of continuous authentication, and 2) to collect and analyze a variety of user signals in multiple behavioral and physiological modalities for age-aware continuous authentication on personal computing devices. This research also informs the design of continuous authentication interactions in other contexts such as public spaces and other smart environments, in which continuous authentication might be useful.     The research includes three phases. (1) Elicit the mental models multi-generational users have of what it means to authenticate to a system, if and when they expect the system to re-authenticate them to confirm their identity as they continue to interact, and if and how they expect to receive feedback of authentication attempts. (2) Produce a novel dataset of behavioral and physiological data, such as touch gestures, keystroke dynamics, heart-rate variability, and skin temperature, through a series of data collection sessions wherein individuals of different age groups will be recruited to complete a diverse set of tasks. (3) Develop fundamental knowledge of age-aware continuous authentication through the analysis of these data using state-of-the-art machine and deep learning techniques. This project broadens participation in computing by involving students underrepresented in STEM and through K-12 outreach.    This award reflects NSF's statutory mission and has been deemed worthy of support through evaluation using the Foundation's intellectual merit and broader impacts review criteria.</abstract>
    <outcomes>The motivation behind this project was to address the growing need for secure and accessible user authentication systems. Traditional authentication methods, such as passwords and facial recognition, often fail to support users across different age groups. The project aimed to design and evaluate age-aware continuous authentication (CA) models that use behavioral and physiological biometric data, ensuring inclusivity and effectiveness for all age groups. By focusing on user-centric design and understanding users' perceptions and interactions with CA, the research sought to enhance data protection and privacy, especially in home environments where devices are frequently shared.   The study aimed to address research questions related to the use and perception of authentication methods, concerns about CA in at-home contexts, and the effectiveness of various behavioral and physiological modalities for CA. The plan included focus groups and surveys to gather insights, followed by data collection sessions involving typical at-home activities to obtain behavioral and physiological data. An exhaustive literature review was also conducted to explore the state of the field regarding users' needs, expectations, and abilities related to security and authentication, particularly across different age groups, including children and older adults. This review identified a significant gap in understanding age-related differences in supporting users within the security and privacy domain.   The studys data collection resulted in the creation of the Multi-ID and Context-Based CA Datasets, which encompass comprehensive collections of input dynamics and physiological data from 32 participants with diverse ages and ethnic backgrounds. The participants included 3 individuals aged 17 and under, 18 aged 18 to 29, 4 aged 30 to 49, and 7 aged 50 or older. They engaged in various tasks across three lab sessions using a Lenovo workstation and a OnePlus smartphone, with data passively collected throughout. Tasks included essay writing, password entry, recipe search, mock credential generation, and text messaging, capturing both fixed and free-form keystroke, mouse, and touch dynamics (Multi-ID Dataset). The Context-Based CA Dataset includes data from wearable sensors and cameras, recording physiological signals such as accelerometer data, skin temperature, heart rate, electrodermal activity, and facial expressions. Participants viewed videos designed to elicit specific emotions (Sad, Content, Disgust, Happy) and self-reported their emotional responses using a custom Android app. Each session, lasting approximately 20 minutes, was spaced an average of 13 days apart, and participants received $35 e-gift cards per session.   We also developed a continuous authentication scheme utilizing the Context-Based CA Dataset. We created a one-vs-all classifier for each user, using electrical signals and images independently. For electrical signals, we trained Explainable Boosting Machines (EBM), which strike a balance between the expressiveness of black-box models and the interpretability of linear models. For image-based authentication, we employed a Convolutional Neural Network (CNN) pretrained on the VGG Face dataset to extract features from cropped images. These features were then processed by a Multi-Layer Perceptron (MLP) and optimized using a Supervised Contrastive Loss, which maximized the distance between features of different classes and minimized the distance between features of the same class. During testing, the CNN backbone was frozen, and the latent features were fed into an MLP classifier to make authentication decisions. For electrical signals, the data was split session-wise, with sessions 1 and 2 used for training and session 3 for validation, ensuring robustness against long-term persistence of signals. The results showed that the context-based split outperformed the session-wise split, especially in precision, indicating a low false positive rate. Key features contributing to model performance were identified, with aggregate linear trend and frequency features being the most significant. The image-based system showed improved performance over electrical signals, benefiting from the semantic information in images. However, there was a trade-off between performance and latency, with image processing being more computationally intensive. Visualizations of the deep learning model's latent output using UMAP embeddings demonstrated clear segregation between genuine and imposter users, further validating the system's effectiveness. Overall, the proposed system achieved high accuracy and reliability in user authentication, with images providing superior performance compared to electrical signals.   This project also supported a summer research experience to develop threat modeling scenarios relatable to high school students to enhance their understanding of Identity and Access Management (IAM) technologies. Through group brainstorming, the project identified over 10 gaming scenariosto improve student engagement and learning.   The broader impacts of this project at the University of South Florida included the training and mentorship of 11 students (2 graduate students and 9 undergraduate student) and one K-12 teacher, including five students who identify as female and two students who identifies as Black. These students learned relevant research methods and procedures, including obtaining human subjects approval and ethically designed data collection, machine and deep learning, and group brainstorming techniques, as well as literature reviews, cybersecurity research, academic writing, and design methods. The project also contributed two datasets to the research community to further drive innovation.     Last Modified: 08/03/2024       Submitted by: TempesttNeal</outcomes>
</award-details>",software-not-produced,CISE-False,software-produced
1724713,SBE,SBE,"<award-details>
    <title>Advancing Synthesis, Open Access, and Reproducibility in Archaeological Research</title>
    <abstract>The project will enhance the ability of archaeologists to conduct synthetic research that will contribute better understandings of how different sorts of societies function and change over long periods of time. General understandings of social processes resulting from this synthetic research can, in turn, contribute to solutions for problems that face societies across the world today. However, such research can only be accomplished if archaeologists archive their datasets so that they can be readily found, accessed, and used by other investigators. Such research also requires that the datasets be thoroughly documented so the meaning of the individual observations can be properly interpreted. Project researchers have determined that the two major impediments to depositing well-documented data are the time it takes to complete the data documentation process and the lack of training in digital data management. The project will make it easier and faster to deposit archaeological data in a digital repository by improving the software that solicits information about the individual data fields during the process of depositing the data. It will also develop online help and training materials concerning the management of digital data. As a result of these efforts, project researchers expect that more data will be deposited for use by other investigators and that the datasets deposited will be better documented and therefore, more usable for synthetic research. The project helps ensure open access to the results of publicly funded research, both to other researchers and to the public at large, and it enables the reproducibility of key knowledge claims to be carefully examined. This project is directly focused on enhancing the nation's infrastructure for research and education and on expanding use of that infrastructure by researchers in academia, industry, and government. By enabling productive reuse of academic and private-sector research data it will enhance partnerships between academia and industry. By expanding and improving access to results of archaeological research, it will increase public engagement in science. Finally, synthetic research that includes archaeology's long-term perspective, will help address fundamental social issues that have the potential to improve well-being of individuals in society in the U.S. and abroad.    Project efforts will be focused on tDAR (the Digital Archaeological Record), the largest digital repository in the US that is specifically dedicated to providing preservation and access to archaeological data. tDAR already has key infrastructure in place to support open access, reproducible science, and synthetic research; however it seeks to greatly expand the quantity and increase the quality of the data that the repository makes available and preserves. The project will speed up and improve tDAR's dataset documentation process by automatically extracting as much as possible of the needed information from the database, spreadsheet, or other data source being uploaded. It will then verify the inferred documentation with the human researcher. Training current and future generations of archaeologists in sound practices of digital data management will increase the quantity and quality of archaeological data entering digital repositories. The project will develop online tutorials, webinars, and topical, web-based modules directed to diverse archaeological audiences. Project training materials will address the complete data life cycle from creation of the data in the field, through laboratory and quantitative analysis, to publication and archiving.</abstract>
    <outcomes>Archaeology's contributions to contemporary society include developing ever-more-accurate, evidence-based accounts of past human societies, accounts that answer the ""who"", ""what"", ""where"", and ""when"" questions of interest to a broad spectrum of the American public.  Archaeology is uniquely able to develop systematic understandings of social processes that play out over decades or centuries. Those understandings not only allow archaeologists to answer ""how"" and ""why"" questions about the past -  questions that are of considerable interest to the public, they also contribute to solutions of fundamental problems in social science that are crucial for addressing grave societal challenges that face the US and the World.       Archaeologists' ability to refine our knowledge and understandings of the past depends critically upon archaeologists being able to find and use data from previous research (most of which has been publicly funded). Today, as most archaeological data are ""born digital"" one might think that they are therefore easy to store, distribute, and reuse.  In practice however, to leverage vast store of results from past research, the data must be fully documented, deposited, and permanently preserved in a digital repository that allows other researchers to find, download, and use it.  That is, the comparative and synthetic research that we need depends upon the FAIR treatment of data - ensuring that the data are Finable, Accessible, Interoperable, and Reusable.   The tDAR repository (the Digital Archaeological Record) is a web-based digital repository that meets those needs for the archaeological research community. Improving tDAR's usability and educating the research community about data archiving have been major goals of the repository since its development in the mid-2000's.  This NSF project funded improvements in tDAR's functionality, enhancing archaeologists' ability to upload and search for digital records from archaeological investigations. This project also funded development of a new ""Using tDAR"" website that provides a web-based teaching and training modules as well as textual information about archiving digital archaeological data, images, and documents.  The new training materials in the ""Using tDAR"" website provide both general information about archiving digital archaeological data and specific guidance that can help archaeologists who are not familiar with tDAR 1) create and manage their account, 2) improve their searches, 3) create and edit their resources, and 4) provides archaeologist an upload toolkit to help plan data contributions, the different tDAR resource types, requirements for data upload, and organizing data.  Through improvements to the tDAR software, the project has enhanced the effectiveness of the digital repository as a research tool.  Through development of the teaching and training materials it has enhanced the infrastructure of science by improving the ability of archaeology's practitioners to effectively address the complete life cycle of archaeological data - from generation through analysis to publication and archiving. Training archaeologists in sound practices of digital data management is key to addressing impediments to digital curation and to increasing the quantity and quality of current and future archaeological data entering sustainable digital repositories and thereby becoming accessible for future research.       Last Modified: 11/02/2020       Submitted by: Keith W Kintigh</outcomes>
</award-details>",software-produced,SBE-True,software-not-produced
1445545,BIO,BIO,"<award-details>
    <title>ERASynBio: Induced Evolution of Synthetic Yeast Genomes</title>
    <abstract>This project, funded by the Systems and Synthetic Biology Program in MCB and the Biotechnology, Biochemical and Biomass Engineering Program in CBET, is part of a larger ERASynBio funded collaborative.  The researchers have previously developed the capability to design and synthesize entire yeast chromosomes, and have inserted into the chromosomes sites that make it easy to modify or recombine pieces of the chromosome.  In this work, they leverage this capability to evolve yeast strains that will be particularly well suited for production of chemicals or fuels or other biomanufacturing tasks.  In addition, they will collect data that will help them address questions about how chromosomes evolve in laboratory or manufacturing settings, and what characteristics give rise to more stable chromosomes and better growing yeast strains.  At the same time, the researchers will develop on line courses to teach ethics related to the field of synthetic biology, and expand their laboratory classes that enable undergraduates to synthesize parts of the yeast chromosome and learn the tools needed to enter into this research field.     Technical Description:  Induced Evolution of Synthetic Yeast genomes (IESY) will use the first synthetic eukaryote, Saccharomyces cerevisiae 2.0 (Sc2.0), as a platform for metabolic engineering and genome minimization, and more importantly for generating and understanding industrially high-value phenotypes. Synthetic chromosomes in Sc2.0 permit rapid and comprehensive genome evolution through synthetic chromosome rearrangement and modification by loxP-mediated evolution (SCRaMbLE). SCRaMbLE will be exploited here to evolve strains selected for high-value phenotypes for biofuels and biotechnology, using both chemostats and batch transfer methods in the USA and Europe. Technologies for neochromosomes and orthogonal SCRaMbLE of gene classes will be developed. Evolutionary trajectories will be analyzed to relate genome structure with genome function: DNA sequencing will reveal the genome sequence, rearrangements, and copy number changes in the evolved strains; chromosome conformation capture will show how massive rearrangements affect 3D structure; and deep sequencing technologies will relate sequence and structure to gene expression and isoform abundance. Computational analysis will identify the evolutionary drivers for high fitness, with the potential for further optimization. IESY builds on resources uniquely available from the international Sc2.0 consortium and will be an international resource for efficient evolution of high-value phenotypes. This project represents a new paradigm in synthetic biology in which a genome is pre-programmed to explore combinatorial diversity space to evolve new and useful function.</abstract>
    <outcomes>DNA sequences are the instructions for life. Many worldwide needs could be solved if we knew how to write DNA sequences that would enable yeast and other simple organisms to provide economically or medically valuable products. This project has developed new capabilities to perform this type of engineering at the genome scale by inserting instructions (loxPsym sites) that permit a yeast cell to rearrange its genome. The resulting cells are able to optimize themselves for a wide variety of possible applications.   The physical process that permits the yeast genome to rearrange requires that DNA molecules establish physical contact at loxPsym sites, which can be far distant along a single chromosome or can be on entirely different chromosomes. Statistical patterns observed in chromosomes that have undergone SCRaMbLE provide information about the physical constraints of DNA looping. A physical model of DNA as simple polymer suggests that DNA behaves very much like an idealized polymer termed a self-avoiding walk, which simply means that a physical polymer cannot cross itself.  Our experiences with this project in yeast help establish the feasibility of similar future work in plant, mammalian,and  human systems. This is important because many valuable products, for example drug-like molecules in plants and biomedical human gene products, are still beyond the reach of microbial industrial biotechnology. One of the biggest risks was that changes that we made to the yeast genome, whether to add new functionality or to satisfy synthesis/assemble/testing constraints, would have unintended consequences that reduced the ability of the cells to survive. We found, however, that the rate of design flaws was exceedingly low, with only a handful per million of basepairs engineered. We anticipate that more complex genomes will be similarly robust to massive synthetic biology engineering.  Our international collaborations has characterized functional aspects of this system. An educational component has introduced a next generation of scientific leaders to the possibilities of synthetic biology. This project is a milestone in our capabilities to design, build, and test synthetic DNA and the scale of chromosomes and genomes. We are passing the genome sequencing era and entering the genome synthesis era.          Last Modified: 09/26/2018       Submitted by: Joel S Bader</outcomes>
</award-details>",software-not-produced,BIO-False,software-produced
1746939,EHR,other,"<award-details>
    <title>Graduate Research Fellowship Program (GRFP)</title>
    <abstract>The National Science Foundation (NSF) Graduate Research Fellowship Program (GRFP) is a highly competitive, federal fellowship program.  GRFP helps ensure the vitality and diversity of the scientific and engineering workforce of the United States.  The program recognizes and supports outstanding graduate students who are pursuing research-based master's and doctoral degrees in science, technology, engineering, and mathematics (STEM) and in STEM education. The GRFP provides three years of financial support for the graduate education of individuals who have demonstrated their potential for significant research achievements in STEM and STEM education.  This award supports the NSF Graduate Fellows pursuing graduate education at this GRFP institution.</abstract>
    <outcomes>None</outcomes>
</award-details>",software-not-produced,other-False,software-produced
1827243,CISE,CISE,"<award-details>
    <title>CC* Network Design: Improve Network on Campus for Research and Education in Agriculture, Science, and Engineering at Prairie View A&M University</title>
    <abstract>Prairie View A&M University (PVAMU), a Historically Black College and University, is implementing a Science DMZ to Improve Network on Campus for Research and Education in Agriculture, Science, and Engineering (INCREASE), which is an upgrade to current cyberinfrastructure that allows researchers to effectively work in the fields of Big Data and Data Intensive science. This INCREASE project enables data driven research in the areas of cyber security, high performance computing, computational chemistry, brain imaging, genomics, and bioinformatics. It provides better visualization and collaboration mechanisms for PVAMU researchers from seven departments in three colleges. It leads to better educational resources to train students at a minority serving institution. The INCREASE project specifically ties researchers from four research centers closely together to form a new foundation of campus cyberinfrastructure.    The INCREASE network, bypassing PVAMU-IT's firewall, integrates with existing infrastructure and provides improved connectivity between PVAMU and Internet2 via Lonestar Education and Research Network (LEARN). It also provides high bandwidth interconnectivity to other research universities and High Performance Computing resources nationwide. As part of the network design, the need for Software Defined Networking solutions that can selectively steer Science DMZ traffic around the campus firewall solution as well as look into implementing a deep-packet inspection and Intrusion Prevention Service to route unregistered connections in and out of the Science DMZ is considered. The study and exploration of the INCREASE network can provide guidance for universities of similar scale to pursue and utilize research resources.    This award reflects NSF's statutory mission and has been deemed worthy of support through evaluation using the Foundation's intellectual merit and broader impacts review criteria.</abstract>
    <outcomes>The evolving realm of artificial intelligence and big data applications demands ongoing improvements in computing infrastructure. The incorporation of new facilities plays a pivotal role in advancing next-generation computing. This Campus Cyberinfrastructure project titled ""Improve Network on Campus for Research and Education in Agriculture, Science, and Engineering at Prairie View A&M University"" has effectively achieved its goal by enhancing the network capacity dedicated to computing research and education at a minority-serving institution.   Prairie View A&M University (PVAMU), classified as a Historically Black Colleges and Universities (HBCU), is expanding its research cyberinfrastructure through this project. Researchers from six departments across three colleges collaborated on diverse topics such as high-performance computing, network cybersecurity, computational biology, and computer vision. Throughout the project implementation years, several joint projects were undertaken, and collaborative proposals were submitted. This collective endeavor nurtured multidisciplinary research and contributed to the university's recent attainment of the R2 Carnegie classification.   The project's accomplishments are multifaceted:  Implementing a science DMZ in the customized campus research network for better performance. Enabling research in big data analytical methods for cyber security, high-performance computing, and digital forensics. Additionally, it played a role in developing tools for computational chemistry, brain imaging, genomics, and bioinformatics, utilizing graphical processing units (GPUs) and Intel Xeon Phi architectures. Introducing enhanced visualization and collaboration mechanisms for PVAMU researchers, as well as peers from other academic institutions and industry. Providing improved educational resources to train both graduate and undergraduate students at PVAMU.    The project's impact is evident across various dimensions:  The enhanced network empowers data-intensive research within a minority-serving institution. Concepts of cyberinfrastructure and science DMZ were integrated into graduate-level classes at PVAMU. Research findings were disseminated through workshops and seminars throughout the project. Notably, the project sponsored REU scholars who later served as XSEDE student campus champions. Master's and Ph.D. students trained and supported by the project successfully completed their thesis and dissertation work.            Last Modified: 11/30/2023       Submitted by: SuxiaCui</outcomes>
</award-details>",software-not-produced,CISE-False,software-produced
1433736,EHR,other,"<award-details>
    <title>SFS: Preparing Crosscutting Cybersecurity Scholars</title>
    <abstract>This project seeks to establish a new CyberCorps®: Scholarship for Service (SFS) program at the Rochester Institute of Technology (RIT) to prepare highly-qualified Cybersecurity professionals for entry into the federal, state, local, and tribal government workforce.    Rochester Institute of Technology plans to provide CyberCorps scholarships to talented students enrolled in undergraduate programs in Computing Security, Computer Science, and Software Engineering. These students will receive an MS degree in Computing Security in addition to a BS in their respective programs upon graduation. This proposal aims to leverage the well-established Computing Security, Computer Science, and Software Engineering programs to educate next generation cybersecurity professionals and to create a unique cohort experience of students from multiple disciplines. It will allow students to learn cybersecurity from different perspectives while unifying them by shared experience: common coursework, monthly seminars, work on research projects, and travel to security conferences. CyberCorps scholarship requirement will build on RIT's well-established undergraduate cooperative education (co-op) model. This proposal leverages RIT?s infrastructure, diverse programs, faculty resources, and industry/military relationships to support a pool of qualified candidates who are interested in pursuing careers in cybersecurity.     RIT's SFS graduates will become part of the government cybersecurity workforce. Their scholarly contributions will be disseminated at professional conferences related to cybersecurity. The PIs will discuss lessons learned in running this CyberCorps program at appropriate venues in educational and federal settings such as CISSE Colloquium or NICE conferences. The PIs and the SFS scholars will visit the City of Rochester schools with a large population of underrepresented groups in computing. Student scholars will increase awareness of cybersecurity threats and teach students basic skills how to stay safe online.</abstract>
    <outcomes>During the award period, 2014-2020, the CyberCorps SFS program at the Rochester Institute of Technology (RIT) focused on meeting the US demand for well-qualified and well-rounded cybersecurity professionals. As laid out in the proposal, the program’s principal investigators (PIs) motivated excellent RIT students working toward their BS degrees in Computer Science, or Computing Security, or Software Engineering, convincing them to pursue an accelerated BS/MS program leading to the MS in Computing Security. The program graduated 26 students with BS/MS degrees, with strong breadth and depth in diverse areas of cybersecurity and the ability to address the nation’s ongoing needs in protecting cyberspace. The RIT CyberCorps SFS program has been highly successful, having achieved 100% internships and 100% placements, as monitored by the federal Office of Personnel Management. Around a quarter of the graduating RIT CyberCorps scholars were female.  Cohorts had scholars majoring in three disciplines of computing (Computer Science, Computing Security, or Software Engineering), which reflected the home departments of the three PIs. RIT CyberCorps scholars took cybersecurity-relevant courses offered by the three departments, which provided part of the broad crosscutting experiences to make the graduates ready to apply their cybersecurity knowledge and skills holistically. To complement their RIT education, the scholars attended a wide variety of conferences, such as DefCon, Blackhat, and ShmooCon, as well as earn professional cybersecurity certificates, such as Offensive Security Certified Professional (OSCP). Several scholars also participated in national collegiate cybersecurity competitions, such as the National Collegiate Cyber Defense Competition and the Collegiate Penetration Testing Competition, a hallmark of the overall RIT cybersecurity learning experience. These activities were supplemented with a weekly seminar led by the PIs, where students actively participated in cutting-edge cybersecurity presentations by external cybersecurity experts, the three PIs, as well as by the CyberCorps scholars themselves. All of these activities strengthened the overall cybersecurity preparation of the RIT CyberCorps scholars while on campus, thus making them ready for national service.  Another defining characteristic of the RIT CyberCorps experience was its emphasis on community and K-12 outreach by the PIs and the CyberCorps scholars. The scholars and the PIs presented a variety of cybersecurity educational exhibits at the Imagine RIT festival, an annual event that showcases RIT student and faculty creativity and innovation; pre-pandemic, the event typically attracted over 30,000 visitors. During each summer of the grant period, the PIs also offered GenCyber camps aimed at rising 8&ndash;12th graders, sometimes supported by RIT CyberCorps scholars. The RIT GenCyber day camps received accolades for their focus on a hands-on cybersecurity curriculum offered in a manner accessible to the K-12 audience. Several camp alumni have now become RIT students where they are pursuing a variety of computing programs, including computing security; in fact, in Fall 2020, the first RIT GenCyber alumnus became an RIT CyberCorps scholar as soon as he qualified as a junior. Additional outreach activities conducted during school years allowed scholars to interact with students in Rochester area elementary, middle, and high school students through hands-on cybersecurity activities in their classrooms; during after-school clubs; visits to the RIT campus; and presentations at school science fairs. Even during the current pandemic, with the appropriate use of video conferencing, the RIT CyberCorps scholars have been able to reach broader audiences of over 100 K-12 students. These outreach activities by the RIT CyberCorps scholars and PIs have had broader impacts by educating a wide US audience about real-world cybersecurity problems and their solutions, as well as by motivating the next generation of younger students into pursuing cybersecurity careers.          Last Modified: 03/31/2021       Submitted by: Bo Yuan</outcomes>
</award-details>",software-produced,other-True,software-not-produced
2103208,BIO,BIO,"<award-details>
    <title>EDGE FGT: Bee Functional Genomics Using Engineered Symbionts</title>
    <abstract>Insects are among the most widespread and diverse animals on our planet. They have critical roles in natural ecosystems and agriculture and have evolved unique biomaterials and lifestyles. Scientific tools for studying the functions of the genes responsible for these traits are well-established for only a few types of insects, such as fruit flies. Genetic tools do not exist for millions of other species. Honey bees and bumblebees are economically important as widespread pollinators of food crops and are scientifically interesting due to the complex social behaviors observed in bee colonies. Currently, there are few effective tools for studying the functions of bee genes. This project will develop and disseminate a toolkit that allows researchers to alter the expression of bee genes by engineering their native symbiotic gut bacteria. This technology will enable studies of how specific genes contribute to bee physiology, development, and behavior. This work will contribute to understanding bee ecology and health in ways that are expected to benefit biodiversity and US food security in the long term. The technology for engineering symbiotic bacteria is expected to be widely applicable to studying other insect species. These research and outreach activities will be integrated with education by supporting two experiential learning courses that are part of the Freshman Research Initiative program at The University of Texas at Austin. Supporting this program will foster the development of a diverse science and technology workforce by involving underrepresented and first-generation college students in genuine research experiences.    Silencing the expression of a gene by inducing an RNA interference (RNAi) response is a common approach for performing studies of gene function in invertebrates. However, delivering enough double-stranded RNA to achieve sufficient gene knockdown through injection or feeding is expensive and ineffective in many insects, including bees. In this project, a FUnctional Genomics Using Engineered Symbionts (FUGUES) methodology will be developed and applied to honey bees (Apis mellifera) and bumblebees (Bombus spp.). In FUGUES, microbial symbionts are engineered to continuously produce and deliver double-stranded RNA to induce a targeted RNAi response in their host. Newly emerged bees colonized with an engineered bacterial symbiont exhibit reduced expression of a target gene throughout the bee body, enabling one to ascertain the function of a bee gene and its role in determining specific phenotypes. There are key advantages of using FUGUES to study gene function over current techniques that generate transgenic animals: it can be accomplished more quickly, it can be conducted in high-throughput when coupled with insect colonization via feeding, and it can be applied to species, such as bees, with mating systems and collective behaviors that complicate using genome editing techniques. Improving and disseminating the FUGUES tools created in this work will broadly enable studies of genes underlying bee behavior, development, and physiology. These tools will likely also be useful for studying many other insect species and other organisms that harbor symbiotic bacteria.    This award reflects NSF's statutory mission and has been deemed worthy of support through evaluation using the Foundation's intellectual merit and broader impacts review criteria.</abstract>
    <outcomes>None</outcomes>
</award-details>",software-produced,BIO-True,software-not-produced
1807533,GEO,other,"<award-details>
    <title>RAPID: Tipping the Greenhouse C Balance: Hurricane Irma's Role in Increasing the Global Warming Potential in Everglades Ecosystems</title>
    <abstract>This RAPID research focuses on investigating the hurricane impacts on the carbon cycling of Everglades wetland ecosystems.  Hurricane Irma resulted in extensive wind damage and the highest water levels recorded in over 20 years in the Florida Everglades. The findings and predictions that result from this study will directly address larger-scale questions about how wetland ecosystem structure and function and aquatic productivity are altered in the face of increased disturbance from hurricanes.      Wetlands within Everglades National Park have been seriously impacted by extensive defoliation, disruption of periphyton mats, large inputs of carbon and nutrients into the soil and water column, and a reduction in standing dead tissue of marsh graminoids.  Along with reductions in photosynthesis, these changes may alter anoxic conditions, supporting greater rates of methane production and release. This effort will focus on reductions in leaf area and how this contributes to floating mats of dead material that cause anoxic conditions and 'hotspots' for CH4 production and release of CO2 to the atmosphere.  This project includes additional chamber measurements necessary to interpret 'hotspot' carbon fluxes.      The broader impacts of this research result from an improved foundational understanding of how wetland systems respond to hurricanes, and the effort will provide an initial vulnerability assessment of the effects of extreme high-water levels on Everglades wetlands. This study also affords research opportunities for junior faculty and technicians from underrepresented minority groups.</abstract>
    <outcomes>Hurricanes are well known to cause considerable damage to forest vegetation by removing leaves, and branches, snapping trunks, and uprooting entire trees. On September 10, 2017 Hurricane Irma hit the Florida Everglades, causing extensive damage to its forest ecosystems. Unexpectedly, we observed rows of damage in the freshwater marshes where localized storm winds ripped plants from the soil leaving floating mats of dead plant tissue. These mats facilitated physical and chemical changes where they occurred, leading to ""hotspots"" of methane production. In addition to the significant hurricane-caused damage to vegetation, the storm brought extensive rain to the area and caused water level to increase to heights not seen in decades. It was our intention to study how the storm affected the system’s carbon dynamics. We assessed how the storm changed the system’s ability to sequester carbon through photosynthesis, and to release it through increased respiration or methane production caused by ""hotspots"" and increased water levels. Using satellite images, we determined the area of dead floating mats, and used machine learning to develop a predictive model for their occurrence across the Greater Everglades ecosystems. We also made precise measurements of carbon fluxes, making periodic observations at sampling locations with floating mats, and continuous, half-hourly observations at two freshwater marsh locations. These measurements allowed us to estimate the impact of floating mats, and the estimate changes in the pattern of carbon dynamics due to the storm, which we scaled across the mapped area. These site-based measurements were supplemented with controlled laboratory experiments, where we tested the ability of the dominant aquatic plants to tolerate varying depths and durations of inundation and the rates of breakdown of windthrown vegetation material and uprooted soil as indicted by release of CO2 and CH4. The combination of vegetation damage and high waters increase both carbon dioxide and methane release from the marshes of Everglades. Hurricanes are a recurrent meteorological phenomenon along the Florida coast. Hurricane-induced landscape changes depend on a complex set of storm factors, but also depend significantly on patterns of water movement and the physical characteristics of the site, such as substrate. The decline in the ability of Everglades freshwater wetlands to sequester carbon at hotspots could lead to a substantial loss in this carbon pool and understanding what makes ecosystems vulnerable to the development of these features is important for understanding the carbon cost of tropical storms.          Last Modified: 03/27/2021       Submitted by: Gregory Starr</outcomes>
</award-details>",software-produced,other-True,software-not-produced
1900698,ENG,ENG,"<award-details>
    <title>RUI/Collaborative Research: Investigation of Ion Currents in the Oxyfuel Cutting Flame and their Links to Critical Process Parameters</title>
    <abstract>The award seeks to address serious persistent challenges in providing process feedback to better control and fully automate the oxyfuel cutting process.  Though it is more than a century old, oxyfuel's (or 'flame-cutting's') unparalleled performance on thick steel has rendered it an enduring favorite in shipyards, building construction, rail, defense, and countless other heavy industries.  The harsh operating environment (open flames, extreme heat) limit the ability of contemporary sensor suites to provide reliable data essential for process feedback control and automation.  A potential solution to this problem is motivated by preliminary measurements demonstrating that electrical events called 'ion currents' associated with the flame itself can reliably indicate vital process states.  The research will probe the underlying physics of the flame via modeling and experimental efforts. If successful the work could realize reliable cost-effective control and automation of the oxyfuel cutting process, a capability of great interest to many core US industries involved in construction, and major equipment manufacture for defense and energy applications. This is a collaborative research, whereby the experimental work will be undertaken at a predominantly undergraduate institute, while most of the modeling efforts will be conducted at the partner university. Engaging undergraduate students in industrially relevant research projects will hopefully encourage and promote advanced manufacturing beyond those immediately involved, and encourage broader participation. Collaboration with the partner university and the industrial partner, IHT-Automation, will also increase the workforce preparedness of both the graduate student and undergraduate students working on this project.      This work tests the validity of a reduced-order ion transport model that considers standoff distance, work-surface/kerf chemical activity, and flame chemical activity with respect to the resulting current-voltage characteristic between the oxyfuel cutting torch and the workpiece.  A novel spinning disc Langmuir probe technique will establish a spatially resolved map for the ion densities in the flame.  Using these data as a reference, a multi-dimensional computational fluid dynamics simulation will be built on recently developed reduced chemical kinetic models to fully resolve the formation and transport of charged species throughout the flow.  Subsequent analysis of the modeling and experimental results will validate or reject a highly simplified one-dimensional transport model relating the current-voltage characteristic of the flame to critical events.  These include drift in standoff, ready-to-pierce, pierce success/failure, loss-of-cut prediction, drift in fuel/oxygen ratio, flameout, and potentially others.    This award reflects NSF's statutory mission and has been deemed worthy of support through evaluation using the Foundation's intellectual merit and broader impacts review criteria.</abstract>
    <outcomes>This project investigated the feasibility of using the electrical properties of oxyfuel cutting torchs preheat flame to replace sensors in the mechanized cutting process.   Part I: An Initial Empirical Approach to the Problem   A significant body of data was accumulated for the electrical properties of the oxy-methane preheat flame while controlling for fuel/oxygen ratio, total flow rate, standoff, work condition (rust, oil, salts, etc.), work temperature, and work composition. Weak currents were monitored while applying a range of voltages between +10 and -10 volts between the torch and actively cooled metal coupons made of steel and copper.   There are three regimes: positive and negative saturation at the extremes of voltage with an ohmic regime in the center. Regime 1 (negative saturation) and 2 (ohmic) showed highly repeatable variation with the flow rate, fuel/oxygen ratio, and standoff.   However, regime 3 was wildly unrepeatable over steel despite great care taken to control the surface condition and temperature. However, when done over copper, experiments were extremely repeatable at the minimum currents found over steel. It seemed that steel was contributing additional ions to the flame.   Part II: Investigating the Source of Secondary Ions   The discovery of secondary ions contributed by the work was exciting because it posed a possible means to identify ready-to-pierce, but it was also troubling since unrepeatable signals threaten the viability of a measurement. It was important to positively identify their source. Iron was an unlikely candidate, but carbon is already known to be essential to the primary ions in flames.   To test the hypothesis, a series of three wires with constant diameter were burned: one steel with high carbon content, one steel with low carbon content, and one 99.995% pure iron. The test was repeated multiple times for each wire with a consistent feed rate while applying a positive voltage bias to the torch so the positive saturation current could be measured. Then, graphite dust was fluidized and blown into the flame at various mass flow rates.   The regime 3 current was found to track with the rate of addition of carbon into the flame in all tests.   Part III: A Theoretical Framework   Over the course of the project, a pair of one-dimensional reduced-order models were constructed that provide a physics-based theoretical link between the features of the current-voltage characteristic and physical properties of the flame and cutting process. The models showed that:  Negative saturation occurs when positive ions are forced to travel back to the torch tip against the direction of flow; Positive saturation occurs when electrons are driven away from the work surface, and all remaining current is due to the surviving ions from the flame; Regime 2 appears ohmic, but is also significantly influenced by ion sheaths at the work and torch tip; Secondary ion formation simply adds to the regime 3 current unless it occurs so close to the work surface that some of the new free electrons are captured as well;    Part IV: Confirming the Flames Electrical Structure   A new technique for extracting spatial information from the transient insertion Langmuir (TIL) probe was developed to measure the flames electrical cross-section with a resolution of 0.15mm. The results show a beautiful array of oblong ion rings approximately 1 mm across around each of the twelve preheat channels on the torch tip. This confirmed the models view that ions form in the inner cones and recombine in the outer cone.   Part V: The Fitness of Measurements   Regime 2 was found to be an excellent measurement of standoff distance in a healthy cut and in preheat mode. If the cut is allowed to cool to the point of near loss-of-cut (for example by excessive feed rate), the resistance is significantly increased by the corresponding reduction in secondary ions. If the cut is excessively slow, top-edge dross can temporarily shorten the electrical path length, causing scatter in the measurements equivalent to the height of the dross.   Regime 1 was found to be a measurement of the flame health, since it indicates the distance over which ions needed to travel to reach the torch tip. It is roughly equivalent to an operator adjusting the fuel/oxygen ratio by observing the length of the inner cone.   Regime 3 was found to be an indicator of ready-to-pierce, since the appearance of secondary ions is accelerated when the plate approaches its kindling temperature.     Last Modified: 11/13/2023       Submitted by: ChristopherRMartin</outcomes>
</award-details>",software-produced,ENG-True,software-not-produced
1006077,MPS,MPS,"<award-details>
    <title>Surface and Interface Free Energies of Epitaxial Nanocrystals</title>
    <abstract>TECHNICAL SUMMARY: It is proposed to investigate the surface and interfacial energies of epitaxial metal nanocrystals and correlate them with their atomic structure. Epitaxial Au nanocrystals on TiO2 will be used as a model system for study. Epitaxy provides interfacial uniformity and also provides better control of nanocrystalline shapes. TiO2 is selected because of its function as a reducible oxide for catalyst support and the extensive knowledge about its surfaces in the literature. The Au nanocrystals will be synthesized using the deposition and annealing technique developed in the PI's group. Aberration-corrected scanning transmission electron microscopy and transmission electron microscopy will be used to characterize the structure of the Au nanocrystals and their interfaces. The structural data will be used to measure the surface and interfacial energies of the Au nanocrystals as a function of size.  On the theoretical front, the interfacial and triple-line geometries, the local electronic density of states, and the energy of Au on TiO2 for different epitaxies will be computed from first-principles. The combination of experiment with theory is expected to lead to significantly improved understanding of the structure and property relationships in nanocrystal surfaces and interfaces.    NON-TECHNICAL SUMMARY: Substantial parts of materials technology, major components of chemical industry, and exciting new developments in medical diagnostics and treatments rely on the properties of supported metallic nanoparticles. The unusual functions of metallic nanoparticles come from the synergistic interactions of surfaces and interfaces of nanoparticles and their support. However, modern studies have largely avoided the complexity of supported nanoparticles; nanoparticles are too small for experimental characterization and too big for rigorous theoretical investigations. This project is to study nanocrystal surfaces and interfaces by taking advantage of the recent progress in atomic resolution imaging using aberration-correction in transmission electron microscopy and combining it with nanocrystal synthesis and theory. The research will be integrated with outreach efforts, including high school visits and undergraduate education. Results from this research project will be incorporated in the web-based educational materials for teaching students about atomic structure and diffraction, infrastructure for which is already in place (see http://emaps.mrl.uiuc.edu/ or google webemaps). This particular website is now listed as one of the best web resources for learning electron diffraction and electron diffraction pattern indexing in the standard transmission electron microscopy workplace.</abstract>
    <outcomes>Metal nanoparticle interaction with oxide surfaces is found in the early stage of metal coating and in supported catalysts made of small supported nanoparticles of few to tens of nanometers in sizes. The resulted interfaces play critical roles in catalysis. Metal-oxide interfaces in general are vital to metal-ceramic joining, thin-film coatings and microelectronic devices. The research carried out under this grant was a model study of Au-TiO2 interface. Au becomes chemically active as the catalyst for oxidation of CO or low-temperature water gas-shift reactions in the form of nanoparticles, when their sizes decrease to ~4 nm in diameter. Since Au is inert in bulk form, delineating the role(s) played by its atomic-scale structures is thus critical to understand Au catalysis and the size-dependent catalytic functions in general.  Intellectual merit: The proposed project was to investigate the surface and interfacial energies of epitaxial metal nanocrystals and correlate atomic structure using epitaxial Au nanocrystals on rutile (TiO2) as a model system for study. Epitaxy provides interfacial uniformity and also a better control of nanocrystalline shapes. TiO2 was selected because of its function as a reducible oxide for catalyst support and the extensive knowledge about its surfaces in the literature. Using a combined experimental and theoretical efforts on Au nanocrystal synthesis, atomic structure characterization (see Figure 1 for an example) and theoretical modeling, the interaction of Au nanocrystals with flat and stepped TiO2 surfaces was systematically determined by investigating the nanocrystal shapes of different sizes and atomic structure at the interfaces.   A major accomplishment of this project is a theoretical model developed to predict the shapes of Au nanocrystals on low miscut TiO2 (110) surfaces using the modified Wulf-Kaishew theorem, together with the experimentally determined triple line energy and the interfacial energy of for both stepped and flat TiO2 surfaces. Atomic resolution interfacial characterization also revealed conclusive evidences of interfacial Au atoms formed on the rutile (TiO2) (110) surfaces by activation under high temperature annealing. A mechanism for the interfacial layer formation based on the reduction of TiO2 surface in the form of the added-row 1x2 reconstruction was suggested. The TiO reconstruction leads to the most stable interface configuration with a reduced interfacial distance, and work of adhesion 29 meV/&Aring;2. Atomic energy variation during interface formation demonstrates that the attraction of top Au interfacial layer leads to a stable structure.   Broad impact: The program achieved significantly improved understanding of nanocrystals and their interfaces regarding to nanocrystal and surface step interaction, interfacial reconstruction, interfacial energy and line tension and their impact on nanocrystal equilibrium shapes. Specifically, the study extended the current understanding about the equilibrium shapes and orientation relationships to nanocrystals supported on surface steps. Another outcome is the study of interfacial Au atoms, whose formation was discovered through this study and their stabilization were attributed to the formation of interfacial oxygen vacancies.   The project also provided hands-on training of experimental and theoretical skills in the area of thin-films and surface science for three graduate students and one undergraduate student and one postdoctoral research fellow. For example, the program trained students in atomic resolution electron microscopy and interfacial structure analysis. Beyond the specific skills, the in-depth research supported by this project provided an opportunity to train the students/postdoc in critical thinking, putting forward scientific hypothesis, design and carry out experiment to test their hypothesis.   The student research supported by this program received the Materials Science and Engineering Department, Unive...</outcomes>
</award-details>",software-produced,MPS-True,software-not-produced
1703925,CISE,CISE,"<award-details>
    <title>AF: Medium: New Frontiers in Equilibrium Computation</title>
    <abstract>Concepts and methodologies from economics and social sciences have found numerous applications in the study of the Internet and e-commerce.  At the core of many such applications lies the notion of equilibria, which has been widely studied by game theorists and economists to model and predict the strategic behavior of selfish yet rational agents.  During the past decade, the computation of equilibria in both games and markets has been studied intensively and many of the exciting developments have brought new insights towards a much better understanding of equilibria.  At the same time, they opened up a window to many new research challenges.  The goal of the project is to explore some of the important directions and problems that have emerged in the new frontiers of equilibrium computation.  Research along directions pursued in the project will complement the already extensive literature in economics and social sciences on equilibria, by offering new perspectives through the lens of algorithms, approximation, and computational complexity.  In addition to curriculum development, mentoring PhD students, and involving undergraduate students in accessible projects, the PIs will actively pursue outreach activities and broadly disseminate results obtained in the project.    Some of the research directions that the PIs plan to explore include the following:  1) Deepen our understanding of the new exponential-time hypothesis for fixed-point computation employed by Rubinstein in his recent breakthrough, by exploring its connections with other natural conjectures on the exact complexity of fundamental equilibrium computation problems.  2) Explore connections between two problems that have been studied intensively in the literature, the problem of finding an approximate Nash equilibrium in an anonymous game with a polynomial precision and that in a two-player game with a constant precision.  3) Study the computation of equilibria in games and markets with a unique equilibrium.  Equilibrium as a prediction tool is more meaningful when a unique equilibrium exists.  4) Work towards a dichotomy theorem for Arrow-Debreu market equilibria that aims to classify every family of utilities into those that are easy to solve and those that are intractable.</abstract>
    <outcomes>The notion of equilibria plays a central role in the modeling of interactions between rational agents each with their own objectives. The project investigated algorithms for the computation of equilibria in a variety of settings and the complexity of the associated problems. Below we describe some of the main results achieved.  In the one-sided matching problem, we want to match agents to goods, given the utilities of the agents for the goods. A classical scheme proposed by Hylland and Zeckhauser in 1979 uses the power of a pricing mechanism to derive a randomized allocation that has several desirable properties, e.g. is envy-free (no agent prefers the allocation of another agent) and is Pareto optimal. We addressed the computational complexity of the problem of computing a solution in the HZ scheme. We presented a strongly polynomial-time algorithm for the case when the agents' utilities come from a bivalued set. In the general case, we classified the complexity of the HZ scheme and showed that computing an approximate HZ equilibrium is intractable, according to current complexity assumptions.  We studied the pacing equilibrium problem for budget management in online auctions. To manage budget constraints and smooth out the expenditure across auctions, the bidders (or the platform on behalf of them) often employ pacing: each bidder is assigned a multiplier between 0 and 1, and her bid on each item is multiplicatively scaled down by the multiplier. We showed that the problem of finding an approximate pacing equilibrium (assignment of multipliers) is intractable.  We studied traffic equilibrium problems in the presence of autonomous vehicles as rational players using an approach based on mean field games. We developed an algorithm for finding an approximate equilibrium in a mean field traffic flow problem based on the multigrid preconditioned Newton's method. We furthermore presented scalable traffic stability analysis for both pure autonomous vehicle traffic and mixed traffic (with both autonomous and human-driven vehicles) based on mean field games. It is shown from linear stability analysis and numerical experiments that autonomous vehicles help stabilize the traffic.  We developed polynomial-time algorithms for the qualitative reachability analysis of branching concurrent stochastic games, a class of infinite-state, imperfect information stochastic games that generalize several other stochastic games and models (e.g. finite-state concurrent games, branching simple stochastic games). Algorithms were developed both for the almost-sure reachability problem and the limit-sure problem, i.e. determining whether there is a policy that reaches the goal with probability exactly 1, or arbitrarily close to 1, and computing such a policy.  We studied the proportional allocation rule used in proof-of-work blockchains, where each miner for one completed block is awarded by an amount that is, in expectation, proportional to the number of hashes the miner contributed to the mining of the block. We presented an axiomatic theory of incentives in proof-of-work blockchains at the time scale of a single block.    Algorithms and lower bounds were obtained for a number of other problems, including in particular problems in smoothed analysis and property testing. Highlights include the following: Improved smoothed analysis of the FLIP algorithm for the Local Max Cut problem on general graphs. An optimal algorithm and matching lower bound on the query complexity of testing whether an unknown Boolean function is unate (i.e. every variable is either non-decreasing or non-increasing) or is far from unate. Algorithms and lower bounds for population recovery from the deletion channel, i.e. learning an unknown distribution over an unknown set of bit-strings, given access to independent draws from the distribution that have been corrupted by deletion of bits with some fixed probability. Optimal algorithm and matching lower bound for estimating the number of edges of an unknown undirected graph with access to an independent set oracle.       Last Modified: 12/08/2022       Submitted by: Xi Chen</outcomes>
</award-details>",software-not-produced,CISE-False,software-produced
1949911,BIO,BIO,"<award-details>
    <title>OPUS: CRS - The evolutionary ecology of the spotted hyena</title>
    <abstract>The proposed will synthesize research on the ecology and social behavior of wild spotted hyenas. Its products will include a publicly accessible database and a book that should appeal broadly to college students and to lay people, teaching them about animal behavior in general, and carnivore behavior in particular. The book will focus on a continuous long-term study of spotted hyenas in Kenya that was started in early 1988. It will explain what these bizarre animals have taught us about a number of different topics, including how they manage to bring down prey three times their own size without help from other hunters, how they rear their daughters to dominate their sons, how they can eat large doses of anthrax bacteria without feeling ill, and how they manage to usurp food from lions. This project will leverage long term data following the behavior of individual hyenas over their lifetime and their reproductive success to understand these phenomena. Finally, the researcher will continue to collaborate with several media outlets including National Geographic Television - that have recently documented her research with spotted hyenas. This research will provide insights into the unique combination of features leading to the evolution of one of the world’s strangest mammals; the products will be of broad interest to behavioral ecologists, wildlife managers, and conservation biologists.    This project will entail a synthesis of over three decades of research on the evolutionary ecology of what is arguably the more puzzling of all mammals. Spotted hyenas puzzle us with their morphology, their behavior, their physiology, their cognitive abilities, their social lives, and their evolutionary origins. Products of this synthesis will include both a book and a clean database ready to hand over to a new generation of biologists hoping to continue field study of spotted hyenas in Kenya into the future. The book will address questions about spotted hyenas at all four of Niko Tinbergen’s analytical levels, weaving together all that we have discovered in regard to their ontogeny, their physiology, and the adaptive significance of their behavioral, intellectual and morphological traits in light of their phylogenetic history. The book will also focus on spotted hyenas as ‘brain-teasers' in each of these topical areas. The database documents behavior, physiology, development, rank and genealogical relationships with data collected daily since early 1988 from up to seven generations of hyenas belonging to six study clans in the Masai Mara National Reserve, Kenya.  This work is being funded jointly by the Behavioral Systems Cluster in the Division of Integrative Organismal Systems and the Evolutionary Processes Cluster in the Division of Environmental Biology.    This award reflects NSF's statutory mission and has been deemed worthy of support through evaluation using the Foundation's intellectual merit and broader impacts review criteria.</abstract>
    <outcomes>The goals of this project were for Professor Holekamp to synthesize her 35 years of work with wild spotted hyenas in Africa by writing a book about their evolutionary ecology, and to prepare the Mara Hyena Project (MHP) database for its handover to the next generatyion of scientists when Professor Holekamp retires from her faculty position at Michigan State University. NSF funding allowed Professor Holekamp to spend a sabbaticla year in California working with colleagues associated with the long-term captive study of spotted hyenas at the University of Caifornia, Berkeley. The MHP database preparation has been completed, and is currently being maintained by Dr. Holekamp's successors who will soon direct the MHP themselves. The book, entitled ""A hyena's tale: The evolutionary ecology of the spotted hyena,"" is currently nearing completion for publication (via contract) in Springer's Fascinating Life Sciences series. The book describes the peculiar traits of spotted hyenas, and attempts to explain them. The book is based on Professor Holekamp's conclusion after many years of study that the behavioral ecology of modern spotted hyenas, which are effective hunters of wild herbivores, can only be fully understaood in light of their evolutionary history and their recent descent from carrion-feeding ancestors. The database can now be freely downloaded from a MHP github site. The book will be marketed for sale as a complete book, but also as individual chapters that can be purchased separately. A portion of the royalties from sale of this book will be shared with our Kenyan colleagues at the Kenya Wildlife Service in Nairobi and the Wildlife Research and Training Institute in Naivasha, Kenya. This project also involved the training abroad of both undergraduate and graduate students from Michigan State University, as well as the training of young African scientists in Kenya.     Last Modified: 12/30/2023       Submitted by: KayEHolekamp</outcomes>
</award-details>",software-produced,BIO-True,software-not-produced
1121053,MPS,MPS,"<award-details>
    <title>Center of Excellence for Materials Research and Innovation at UCSB</title>
    <abstract>The Materials Research Science and Engineering Center at the University of California, Santa Barbara, also referred to as the Materials Research Laboratory (MRL) serves as an innovation engine for discoveries in new materials. The MRL is home to a scientific and engineering community that creates new collective knowledge and fosters the next generation of scientific leaders. By enabling modern technological advances, the high-impact research conducted within the MRSEC program at UCSB has enormous societal payoff and is shaping the future of technology, the environment, and medicine.    The MRSEC at UCSB addresses fundamental problems in materials science and engineering that are critical to the future economic growth of the United States.  Current areas of interest include the support of interdisciplinary and multidisciplinary materials research and education of the highest quality in the areas of self-assembling materials for new adhesives and materials for hostile biological and underwater environments inspired by the common mussel. By examining the unique properties of complex oxides prepared with unprecedented perfection and purity, the MRSEC also aims to develop new microelectronic materials that complement and even out-perform existing Si-based systems. New strategies for materials that will significantly advance energy and environmental applications are a key focus of the MRSEC at UCSB. Studies designed to open up the science and engineering of robust and stable two-phase nanoscopic materials with unprecedented magnetic, radiation-resistance and thermal transport properties will push the US to the forefront of these technologies.  A prime driver behind the research activities of the UCSB Materials Research Laboratory is to address problems of a scope and complexity requiring the advantages of scale and interdisciplinarity that can only be provided by a campus-based research center.    Outstanding Shared Experimental Facilities play a fundamentally important role in the research of all MRL programs and additionally, broadly impact the materials research community at UCSB, local and national companies, and government laboratories.  Expanding these highly successful facilities and technology outreach programs are a major focus of future growth. An innovative approach to engaging with industry allows the MRSEC to develop productive partnerships which have resulted in numerous start-up companies and collaborative programs with major corporations. These partnerships will continue to be an economic engine for California and the United States. The MRSEC is also committed to maintaining the prominence of materials research in the United States through an integrated international outreach program that offers a portfolio of opportunities for 2-way exchange of knowledge and researchers. Recognizing the importance of Education and Human Resources, the MRSEC operates an ambitious and award winning effort with a focus on K-12, and teacher development, including specific programs designed to encourage members of underrepresented groups to consider careers in STEM disciplines. The goal is to ignite curiosity through hands-on experience, thereby fostering the next generation of scientists and engineers.</abstract>
    <outcomes>Intellectual Merit. The research carried out in this project was mainly focused on three topical interdisciplinary research groups or IRGs. IRG-1: Bio-Inspired Wet Adhesion developed and understanding of fundamental design principles involved in mussel adhesion, in other words, how do mussels stick to rocks in harsh environments and under water. Using mussel adhesion as a guide, design guidelines were developed that led to systems which could be created in the lab. A notable outcome of the research was understanding the importance of coacervation in mussel adhesion. Coacervation is a phenomenon wherein liquids spontaneously separate into complex mixtures based on the interactions of charged species. IRG-2: Correlated Electronics established the foundation for new technologies deriving from the transport properties of oxide heterostructures. The research of this IRG was based around the ability to employ oxide materials related to common minerals in semiconductor devices, in much the same way that silicon is employed in semiconductor devices. Key to this was the development of methods to prepare extremely high-quality oxide materials. The experimental work on these materials was closely complemented by a combination of mathematical and computational modeling in order to obtain deeper understanding. IRG-3: Robust Biphasic Materials focused on developing new inorganic hard materials (such as metals) with enhanced properties that emerge due to the creation of many internal interfaces within the material. A particular focus was on a class of materials called Heusler compounds which were developed for thermoelectric applications that allow heat and electricity to be directly interconverted. Seed Projects in a number of emerging areas were also supported within the project, many of which have since grown into larger, collaborative programs.   Broader Impacts The project led to the training of numerous graduate students and postdoctoral fellows who have since entered the workforce prepared to work collaboratively on highly interdisciplinary challenges. Since 2011, the project has been associated with over 700 undergraduate research internships, with the majority of the interns now having entered graduate school. The project also has significant broader impact through the creation and support of local start-ups, and through the widespread use of shared experimental facilities by local tech industries of all sizes.        Last Modified: 01/01/2019       Submitted by: Ram Seshadri</outcomes>
</award-details>",software-produced,MPS-True,software-not-produced
0427889,SBE,SBE,"<award-details>
    <title>ITR-(ECS+ASE)-(dmc+int): Info Tech Challenges for Secure Access to Confidential Social Science Data</title>
    <abstract>Census Research Data Centers (RDCs), based in Ann Arbor, Berkeley, Boston, Chicago, Durham, Ithaca, Los Angeles, New York City, and Washington provide approved scientists with access to confidential Census data for research that directly benefits both the Census Bureau and society. The RDC directors, administrators, board members and researchers, together with the Center for Economic Studies and the Longitudinal Employer-Household Dynamics (LEHD) Program, constitute a collaborative research network that is building and supporting a secure distributed computer network that enables research that is critical to our economic and civic prosperity and security.  The network operates under physical security constraints dictated by Census and the Internal Revenue Service. The constraints essentially eliminate the possibility of distributing the computations to facilities outside of the Bureau's main computing facility. Instead, the researchers use the RDCs as supervised remote access facilities that provide a secure, encrypted connection to the RDC computing network.      This project addresses the technical and logistical issues raised by the creation, maintenance, and growth of the RDC network while maintaining the confidentiality guaranteed to participants in Census data.  The RDCs and LEHD will lead a new wave of research with the development of innovative, large-scale linked data products that integrate Census Bureau surveys, censuses and administrative records with data from state governments and surveys conducted by private institutions. Both CES and LEHD have extensive experience in creating these products. The RDC network researchers will enhance that experience and contribute their own expertise to the data linking research. The newly created data will be richer than any presently available to researchers with no increase in respondent burden. They will also raise complicated and vexing issues regarding disclosure avoidance and participant privacy.    The project also creates synthetic versions of these confidential data sets.  This will increase the accessibility of these data to social science researchers while preserving the confidentiality of private information. Synthetic and partially-synthetic data are new confidentiality protection techniques that rely on computationally intensive sampling from the posterior predictive distribution of the underlying confidential data. The result is micro-data that preserve important analytical properties of the original data and are, thus, inference-valid. The synthetic versions of confidential data are for public use. At the same time, ongoing research within the RDCs using the gold-standard confidential data will constantly test the quality of the synthesized data and allow for continuous improvement.  As a result a continuous feedback relationship will be established between the research activities conducted in RDCs on confidential Census Bureau data and the quality of the Bureau's public use data products-namely, the synthetic micro data created by these projects. In order to accomplish these computationally-intensive activities, as well as to allow researchers to engage in such innovative research as agent-based simulations and geo-spatial analysis, we will install a supercluster of SMP nodes optimized for the applications of creating linked data, analyzing the gold-standard data, and processing the data to produce multiply-synthesized public use data sets. Two industry partners, Intel and Unisys, have promised to directly support the creation of this supercluster by donating 256 Itanium 2 processors and providing the computing crossbars, cluster infrastructure, and disk storage arrays at manufacturer's cost. The Linux-based system will be integrated and tuned by the proposal team from Argonne National Laboratories. The synthetic data specialists on the proposal team will port existing multi-threaded data synthesizers and develop new ones.    Broader Impacts:  The research conducted in RDCs and at LEHD over the past decade has made important contributions to our understanding of essential social, economic, and environmental issues that would not have been possible without use of the confidential data accessible via the RDC network. It is difficult to overstate the significance of this research, which has used more than 30 years of longitudinally integrated establishment micro-data from the Census Business Register and Economic Censuses; confidential micro-data from all the major Census surveys (Current Population Survey, Survey of Income and Program Participation, American Housing Survey), confidential micro-data from the Decennial Censuses of Population in 1990 and 2000; longitudinally integrated Unemployment Insurance wage records, ES-202 establishment data, and Social Security Administration data; federal tax information linked to major surveys; environmental data on air quality linked to Business Register and Economic Census data; Medicaid data linked to the Survey of Income and Program Participation; and many others.</abstract>
    <outcomes>None</outcomes>
</award-details>",software-not-produced,SBE-False,software-produced
1120330,BIO,BIO,"<award-details>
    <title>Collaborative Research: Demographic heterogeneity in landscapes and communities</title>
    <abstract>Individuals within a population are not identical. Instead, they differ from one another physically and in their behavior, due to differences in their genetic make-up and in the environments in which they grow up, including how they are treated by their parents.  This causes individuals in a population to have different chances of birth and death, a phenomenon known as demographic heterogeneity. Although widespread, this phenomenon has rarely been considered in studies of populations of animals or plants. Previous theoretical work by the researchers heading this project has suggested that demographic heterogeneity can increase the rate of growth of a population and the maximum number of individuals that the environment can support, reducing the risk that the population will go extinct. The new work for the project will expand this theory to include interactions between species and use it to predict the future of a wild population of conservation concern, the Florida scrub jay.  First, the theoretical model will be extended to account for the fact that biological populations are not isolated, but interact with other species through competition and through eating and being eaten.  Research will help understand whether heterogeneity makes it easier or harder for species to coexist, and how individual variation in competitive or predatory ability affects the dynamics and long-term persistence of a community of different species. Second, spatial models will be used to examine how demographic heterogeneity affects population dynamics when individuals mainly interact with their immediate neighbors, as in plants.  To start to apply the models to real populations, the project will use data collected on a population of scrub jays in central Florida, which other researchers have studied since 1969. Florida scrub jays have an unusual social structure that promotes demographic heterogeneity: young adults often help their parents raise younger siblings, improving both the breeding success of their parents and their own subsequent breeding.  Using recent statistical advances, the project will measure the amount of demographic heterogeneity in the population and project the impact of that heterogeneity on the population's future growth and survival. The project will train a post-doctoral researcher and a graduate student, improve scientific understanding of the link between individuals and populations, and help develop tools for the conservation of biodiversity.</abstract>
    <outcomes>Individuals within a population often vary from one another. In addition to factors such as age, body size, and developmental stage (e.g., newborn, juvenile, adult), which have been well studied, individuals have different characteristics because of differences in genetics, parental care, local environmental conditions, conditions during early development, learning, and diet specialization. When such variation affects demographic performance (birth and death rates), we call it ""demographic heterogeneity."" The impacts of demographic heterogeneity (other than age, size or stage) on population dynamics have received only modest study. Our research has looked at a variety of ecological consequences of heterogeneity, of which we highlight several here.   When individuals differ in ""frailty"", such that some individuals are more likely to die than others at every age, the frail individuals die quickly, so that old individuals (that have survived for a long time) have much lower frailty, on average, than young individuals do. This is known as ""cohort selection,"" and we have found that this phenomenon can increase population growth rate and can increase a population's carrying capacity. This is a novel finding within ecology, and has a variety of scientific implications for life-history evolution. In addition, the effects of cohort selection are very important for understanding how a species is affected by environmental contamination. If individuals don't move around very much (so that some individuals live their whole life in contaminated spots and others live in clean spots), then some individuals are unaffected by the contaminant and the population may be less affected than if individuals move around a lot and all experience an average level of contamination.  Individuals within a population can vary in how fast or how much they move, which in turn affects their ability to disperse from one habitat to another. We found that a population made up of individuals with different dispersal ability can spread into new habitat more quickly than a population of identical individuals with the same average dispersal ability. This is because the ""good dispersers"" have a disproportionate affect on the spread speed. This result has important implications for the management of invasive species, as it suggests that the best way to slow the spread of the species is to disrupt movement by the best dispersers rather than trying to reduce the average dispersal of the population as a whole.  Finally, individuals sometimes vary in their behaviors, so that some are consistently more bold and aggressive than others. When this is consistent over a lifetime, we showed that in the long run, the proportion of the population that is the aggressive type is strongly affected by the mortality cost of boldness, but not directly by the reproductive benefit of aggressiveness. This sort of behavioral syndrome can also affect the size of the population: introducing aggressive types into a homogeneous non-aggressive population increases the average per-capita mortality rate at equilibrium, and under many conditions, this reduces the equilibrium population density. We also showed that, if the intensity of aggressiveness can evolve, then the aggressive types will evolve to be more intensely aggressive when the risk of predation is low than when it is high.        Last Modified: 09/19/2016       Submitted by: Gordon A Fox</outcomes>
</award-details>",software-not-produced,BIO-False,software-produced
1321794,MPS,MPS,"<award-details>
    <title>Mathematics Research Communities</title>
    <abstract>The American Mathematical Society (AMS) has created the Mathematics Research Communities (MRC) as a national program to support and guide young mathematicians as they begin their research careers.  In 2014, there are four MRC conferences proposed, all to be held in Snowbird, Utah:  Cluster Algebras, June 8 - 14, 2014; Algebraic and Geometric Combinatorics in Applied Mathematics, June 15 - 21, 2014; Mathematics of Quantum Phases of Matter and Quantum Information, June 25 - July 1, 2014; and Network Science, June 25 - July 1, 2014. The topics of the conferences to be held in 2015 and 2016 will be determined later by the MRC Advisory Board, which evaluates proposals submitted by senior mathematicians who wish to be organizers.  Each of the MRC conferences will bring together a diverse group of young mathematicians. The organizing committee for each conference is composed of leaders in the field of the conference and includes individuals with previous experience in organizing successful workshops and conferences. The conferences will bring together senior and junior researchers in an ideal environment to establish connections, which often last for many years after the conference itself.      The goal of the Mathematics Research Communities program is to create research cohorts of young mathematicians that will sustain themselves over time, fostering joint research and coherent research programs that will, eventually, reach all areas of mathematics. The Mathematics Research Communities program strives to achieve this goal through the following activities in addition to the summer research conferences: Special Sessions at the annual AMS-MAA Joint Mathematics Meetings, mentoring and a discussion network. It is the formation of research cohorts that sets this program apart from any other (national) professional development programs for mathematicians that currently exist. The creation of three to four new cohorts per year has the potential to lay a foundation for decades of research, and will have an extremely positive effect on mathematics research in the U.S. Most importantly, this program will focus on mathematicians who are beginning their research careers; all program components will help to train and connect the next generation of researchers in, eventually, all research areas of mathematics.  This proposal is requesting support for an additional three years of this unique program. Conference topics will include both pure and applied mathematics areas of research.</abstract>
    <outcomes>The American Mathematical Society (AMS) developed the Mathematics Research Communities (MRC) as a national program to support and guide young mathematicians as they begin their research careers.  The goal of the MRC program is to create research cohorts of early-career mathematicians that will sustain them over time and to foster the development of productive, collaborative research programs that will, eventually, reach all areas of the mathematical sciences.  The MRC program strives to achieve this goal through the following activities: intensive, hands-on summer research conferences; Special Sessions at the annual AMS-MAA Joint Mathematics Meetings; guidance in career-building; and follow-up small-group collaborations.  Ongoing mentoring is a fundamental aspect of all parts of the program.  NSF grant DMS-1321794 supported the Mathematics Research Communities summer conferences held in 2014, 2015 and 2016, along with the activities for each group of participants that followed the conferences.  Forty-seven senior mathematicians, leaders in the fields of the conferences, organized the eleven summer conferences held during those three years.  The topics covered a wide range of pure and applied mathematics, as well as statistics, and included such subjects as financial mathematics, algebraic statistics, network science, and the mathematics of physiology and medicine.  The participants comprised a diverse group of 358 graduate students and recent Ph.D. recipients.   About 150 of the participants and organizers took part in follow-up collaborations that were partially funded by the grant.  During the time period since September 1, 2014, the participants in these three MRC cohorts and previous ones have reported the publication more than fifty books, book chapters, and scholarly papers emanating from the research projects that were launched in the MRC program.   Thirty-two percent of the participants during these three years were women, roughly mirroring the percentage of women among new Ph.D.'s in the mathematical sciences.  Of those who reported their race or ethnicity, 27 (about 8%) identified as Hispanic/Latino and 10 (about 3%) as Black/African-American.  The corresponding percentages for new Ph.D.'s in the mathematical sciences are about 4.8% and 2.8%, respectively.  The Mathematics Research Communities provides significant opportunities for early-career mathematicians to engage in research in their chosen fields.  The conferences and Special Sessions at the Joint Mathematics Meetings brought together senior and junior researchers in an ideal environment to establish connections, which often last for many years after the conference itself.  Most importantly, this program has focused on mathematicians who are beginning their research careers; all program components have helped to train and connect the next generation of mathematical scientists.  It is the formation of research cohorts that sets this program apart from any other national professional development program for mathematicians that currently exists, and it is this aspect of the program that has the potential to lay a foundation for decades of mathematical sciences research in the United States.  The webpage for the MRC program can be found at http://www.ams.org/programs/research-communities/mrc.                   Last Modified: 11/29/2018       Submitted by: T. Christine Stevens</outcomes>
</award-details>",software-produced,MPS-True,software-not-produced
1900364,MPS,MPS,"<award-details>
    <title>Multivariable Operator Theory: The Interplay between Function Theory, Operator Theory and Operator Algebras</title>
    <abstract>This project belongs to the branch of mathematical analysis known as operator theory. The subject was developed initially as part of the development of the mathematical foundations of quantum mechanics. Since then it has evolved in many directions, with applications not only in physics (such as the currently very active areas of quantum computing and quantum information theory), but also in electrical and mechanical engineering (where its ideas find application in e.g. the design of control systems, or in signal and image processing). A particularly new and exciting branch of this field is known as ""noncommutative function theory,"" which has its origins in the study of certain kinds of optimization problems in engineering. It has now taken on a life of its own. The area of ""multivariable operator theory"" is multi-faceted but is closely connected with many questions arising in these applications (such as the study of quantum channels, and the theory of ""linear matrix inequalities"" in optimization). This project is aimed at expanding the array of mathematical tools available for the study of these problems.     The goal of this project is to study the connection between operator theory and function theory in several variables, by analogy with the very successful one-variable theory, particularly in the rapidly developing area of ""noncommutative function theory."" The role of analytic function theory in the one-variable setting is very well established; e.g. a central role is played by the Cauchy transform in the unitary/circle setting or the Borel transform in the selfadjoint/real line setting. Noncommutative functions, or nc-functions for short, are meant to play a role analogous to analytic functions in the classical one-variable theory. They arise, for example, as noncommutative Cauchy transforms of ""noncommutative"" measures, viewed as states on a C*-algebra or related objects (such as an operator system). Problems to be studied include invariant subspaces for noncommutative operator tuples, in particular an nc-function theoretic analysis of ""nc-inner"" functions, and the development of a version of ""noncommutative measure theory"" suitable to the desired applications, in particular a version of the Lebesgue decomposition suited to the analysis, for example, of noncommutative analogs of the Cauchy transform. The project will draw on techniques from several currently active areas of mathematical analysis, with the aim of broadening and deepening understanding of the interplay between function theory, operator theory, and operator algebras. The project will also employ novel methods to study some classical objects of analysis to explore open questions in complex analysis and operator theory.    This award reflects NSF's statutory mission and has been deemed worthy of support through evaluation using the Foundation's intellectual merit and broader impacts review criteria.</abstract>
    <outcomes>The goal of this project was to study the connection between operator theory and function theory in several variables, by analogy with the very successful one-variable theory, particularly in the rapidly developing area of ""noncommutative function theory."" Broadly the idea is to extend the ideas and applications of calculus and modern analysis to the realm of functions of several variables for which multiplication is not commutative...that is, x times y is not the same as y times x. (Such variables arise when one replaces ordinary numbers by square arrays or ""matrices"", and despite the abstraction these objects arise very naturally in many science and engineering problems.) The study of these functions is a rapidly developing area of mathematics, and has already found applications in areas such as optimization and the analysis of ""quantum channels"" in quantum computing.  The fundamental objects of study were various classes of these ""noncommutative"" functions, analogous to classes of functions commonly encountered in calculus--polynomials, rational functions, and power series. The properties investigated include factorization, convexity, and relationships with ""noncommutative measures"" which are the analog here of the operation of integration in calculus. Some of the results obtained include:  1) a characterization of ""partially convex"" noncommutative rational functions (functions convex in some of their variables but not others),  2) interpolation theorems for noncommutative functions (the problem is: given ""sources"" x1, x2, etc. and ""targets"" y1, y2, etc, find a function mapping x1 to y1, x2 to y2, etc., satisfying some preassigned size condition,  3) results about ""dividing out zeroes"" of noncommutative functions, which is somewhat analogous to factoring polynomials in ordinary algebra, but now in the presence of both noncommutativity and size constraints on the factors  4) a collection of results describing noncommutative analogs of ""integral transforms"" of noncommutative functions, which also have applications to factorization  Most of these results have versions which hold in the setting of ordinary calculus, but the challenge in the noncommutative setting is first, figuring out what is true (Does the ordinary result generalize in some reasonable way?  Sometimes yes, sometimes no) and second, actually proving it. What is notable is that even when there is a strong analogy between the classical and noncommutative statements, the proofs require very different (and usually new) ideas. In addition to the specific results obtained, the further development of these ideas (useful both in themselves and in applications to other problems) is one of the main outcomes.       Last Modified: 10/27/2023       Submitted by: Michael T Jury</outcomes>
</award-details>",software-not-produced,MPS-False,software-produced
1912011,EHR,other,"<award-details>
    <title>Computational Applications Research Engagement for Undergraduates</title>
    <abstract>The Historically Black Colleges and Universities - Undergraduate Program provides support to design, implement, study and assess efforts to increase the numbers of students and the quality of their preparation by strengthening science, technology, engineering and mathematics (STEM) education and research. This project at Cheyney University of Pennsylvania provides a strategic approach to recruiting and retaining computer science undergraduates by involving them in research projects that lead to curriculum enhancements in undergraduate courses.     This one-year pilot project seeks to create a set of research tools and projects to involve undergraduate students in computer science related research, expose them to learning activities outside of the classroom, and subsequently capture learning objectives and develop learning modules to be incorporated into undergraduate computer science courses.  The students will conduct research at the home campus, as well as on the campus of Drexel University. The project is guided by formative and summative evaluation.    This award reflects NSF's statutory mission and has been deemed worthy of support through evaluation using the Foundation's intellectual merit and broader impacts review criteria.</abstract>
    <outcomes>Over the life of the project, opportunities have been provided for 13 Drexel University students and 12 Cheyney Universitystudents to participate in research projects.  This has increased their breadth of understanding and has led to their additional commitments to seek careers in STEM disciplines.  Another significant result of this project was that it has positively impacted students to understand both the theoretical and practical application of digital research in our everyday lives.  Whether it be through the application of character recognition technology to enhance security systems or the use of 3-D imaging to remotely measure and assess the status of crops, the students have seen and embodied the concepts and are looking towards additional applications for these technologies.  This experience should both lead to better understanding as well as more rapid innovation by these students.   The project has also allowed for the investigators and other collaborators to expand their exposure to these digital applications.  This additional experience will be brought back into the classroom so that the education of students who were not part of this project will also be impacted.  The laboratory space that was set up for this project will continue to show educational and experimental benefits for years to come.          Last Modified: 10/28/2022       Submitted by: Steve Hughes</outcomes>
</award-details>",software-produced,other-True,software-not-produced
1926327,SBE,SBE,"<award-details>
    <title>Collaborative research: Significance of eye morphology on gaze perception</title>
    <abstract>The ability to determine gaze direction is vital to many social behaviors. This project will study the morphological factors influencing individuals' abilities to detect gaze direction. Using human and nonhuman primates in a comparative framework, the researchers will study the relationship between eye morphology and gaze perception. The research will provide a better understanding of how the appearance of the eye influences gaze perception across the primate lineage. Outreach activities will include the project team giving interactive presentations on primate behavior and conservation to high school students and community members, with a particular focus on students and community members belonging to groups underrepresented in STEM fields. The project will also develop a primate behavior module at an under-resourced high school; the students will learn about primates and conduct observational studies at a local zoo. The team will train a postdoctoral associate, as well as undergraduate students, in primate behavior, conservation, and management.    Gaze perception is of fundamental importance to social cognition but our understanding of the ways in which eye morphology impacts it is limited. This project will examine the relationship between gaze perception and eye morphology to determine whether conspicuous eye morphology facilitates gaze perception while inconspicuous eye morphology conceals gaze perception. It will manipulate eye morphology and examine its impact on gaze perception in humans as well as other primates. After presenting subjects with photographic arrays of faces that have systematically manipulated eye morphology, it will instruct subjects to detect faces with specific gaze directions. It will monitor the eye movements of subjects to track their gaze behavior during the task. The results of this study will help elucidate the evolutionary significance of eye morphology on gaze perception across primate species.    This award reflects NSF's statutory mission and has been deemed worthy of support through evaluation using the Foundation's intellectual merit and broader impacts review criteria.</abstract>
    <outcomes>None</outcomes>
</award-details>",software-produced,SBE-True,software-not-produced
1454102,ENG,ENG,"<award-details>
    <title>CAREER: Corrosion Resistance of Nano-meter Graphene Coatings in Aggressive Microbial Environment</title>
    <abstract>CBET - 1454102  Gadhamshetty    CAREER: Corrosion Resistance of Nano-meter Graphene Coatings in Aggressive Microbial Environment    The annual costs for the direct and indirect effects of metallic corrosion on infrastructure have been reported to reach nearly $1 trillion in United States. Microbial corrosion accounts for nearly 20-40 % of the total corrosion costs. While there are several protective coatings available for metal protection, the commercial coatings tend to fail in the aqueous and microbial environments. The central goal of this project is to investigate a new class of minimally invasive (thickness of few nanometers), pin-hole-free, robust, and protective coatings made from conformal graphene for use against microbial corrosion. This CAREER project enables the rational design of the next generation of minimally invasive, nanometer-scale, microbial-corrosion resistant coatings featuring graphene building blocks. It will focus on four broader impact objectives: 1) to develop an Adobe-director-based virtual laboratory to provide students with hands-on tutorials on microbial corrosion/Gr experiments; 2) to integrate graphene research in undergraduate curriculum; 3) to encourage under-represented American Indians (from 9 SD reservations) to join BS and MS degrees; and 4) to work with educational experts to evaluate the educational/outreach activities.    This CAREER proposal seeks to make fundamental contributions in our understanding on why graphene works effectively under microbial conditions. Towards this end, the PI will use Desulfovibrio vulgaris as a model for sulfate-reducing bacteria to investigate the effectiveness of graphene-coatings under varying stimuli related to: i) electrochemical constraints, ii) physiological parameters, iii) the point defects in graphene, iv) wettability of graphene, v) cytotoxicity of graphene, and, vi) graphene-production techniques. In preliminary studies, a detailed electrochemical analysis revealed that the graphene offers ~100-fold improvement in microbial corrosion resistance compared to Parylene coatings, ~41-fold compared to bare graphene, and ~10-fold compared to polyurethane coatings. These findings shows a promise for microbial corrosion-resistant graphene coatings as their average thickness (1-2 nm) is 25-fold smaller than Parylene (40-50 nm), and 4000-fold smaller than polyurethane (20-80 micron). The microscopy and spectroscopy techniques revealed that the microbes observed in this study (e.g. Strenotrophomonas species within gammaproteobacteria) can attack polymers and induce micron-length tears leading to non-conformal polymer coatings, while the graphene coating was found to be electrochemically inert, extremely conformal, and resistant to microbial attack. The nano-scale graphene coatings also cause minimal changes to the underlying surface topology.</abstract>
    <outcomes>This Faculty Early Career Development (CAREER) grant provided funding for PI Gadhamshetty to design and develop a new class of minimally invasive, two-dimensional (2D) coatings (thickness of few nanometers) for use against microbial corrosion (MIC). Protective coatings based on 2D graphene materials were evaluated on metal substrates exposed to sulfate reducing bacteria that is widely implicated in corrosion.  The intellectual merit of this project lied in assessing the effects of nanoscale surficial properties, including number of nanolayers and inherent defects (e.g., grain boundaries and vacancy defects), on performance of the coatings. A diverse range of methods based on electrochemistry, spectroscopy, and microscopy were developed and used to assess the  nanoscale properties. The broader societal impact of this project lies in enabling rational design and development of MIC resistant coatings featuring building blocks of graphene materials. These coatings showed 10-100-fold improvement in MIC resistance compared to commercial polymers. These outcomes can guide practical methods for synthesizing 2D coatings for protecting metals effectively from aggressive biological environments. This project supported a wide range of broader education and outreach objectives. Research training opportunities in 2D materials and bioelectrochemistry was provided to nine graduate students, including 3 females and a Native American grad student, undergraduate students, and high school teachers.  One of the students, Namita Shrestha that graduate with a PhD degree landed a tenure track faculty position; and others have taken positions as research scientists or engineers in the field. This project also resulted in 20 peer reviewed articles with students as authors and co-authors, in peer-reviewed journals including ACS Nano, Advanced Materials, Carbon and Water Research. Other research products included two patents, 5 book chapters, and over 25 presentations.   To sustain the 2D materials research beyond the award duration, the PI leveraged promising findings on 2D coatings from this CAREER project (e.g., ACS Nano 12, 3, 2242?2252), developed visionary ideas, and collaborated with a diverse team of researchers to enable a state-wide virtual center entitled 2D-Materials for Biofilm Engineering, Science and Technology center (funded by NSF OIA#1849206 award). The findings were also leveraged to develop another research center titled Data Driven Material Discovery Center (NSF #OIA- 1849206). Using resources from the CAREER award and the two center-type awards, the PI?s team was able to to create a previously unavailable 2D-Materials Laboratory (2DML) at South Dakota Mines. This 2DML features the state-of-the art infrastructure for synthesis of 2D materials (e.g., graphene and hexagonal boron nitride) and characterization. Synthesis equipment include chemical vapor deposition and pulsed laser deposition equipment and characterization equipment include Confocal Raman microscopy.  The PIs team is currently developing a convergence research training framework that leverages transdisciplinary tools in 2D material science, artificial intelligence, and genome-to-phenome analysis tools. The long-term goal is to infuse transdisciplinary knowledge (bioscience, computer science and materials science and engineering) that enables next generation engineers and scientists to design high performance 2D coatings to protect underlying infrastructure from aggressive biological environments.          Last Modified: 11/30/2021       Submitted by: Venkata R Gadhamshetty</outcomes>
</award-details>",software-produced,ENG-True,software-not-produced
0841917,BIO,BIO,"<award-details>
    <title>Collaborative Research:   Convergence and Contingencies in Savanna Grasslands</title>
    <abstract>Grasslands and savannas occupy one eighth of the land surface on Earth, are economically important as grazing lands, and are highly impacted by human activities. They also have tremendous conservation value and support most remaining large native grazing animals in the world, particularly in Africa. A fundamental understanding of the factors most important for sustaining savanna grasslands, including their natural fire and grazing regimes, is required for their management and conservation. Scientists have questioned whether grasslands in different regions function similarly. Convergence in functioning would mean that ecological understanding and conservation strategies could be generalized for savanna grasslands worldwide. But contingent factors specific to a region, such as differences in evolutionary history or the types of grazers present, may lead to unique responses in some savanna grasslands. The goal of this research is to compare responses of key ecological processes to fire and grazing in North American and South African savanna grasslands. Scientists will take advantage of three ongoing, long-term experiments that manipulate fire return interval and the presence of large grazers. Responses of plant productivity, plant diversity and nutrient cycling will be compared, and the mechanisms underlying responses, such as differences in plant traits or evolutionary histories, will be assessed.     Comparative research elucidating the consequences of human alterations of fire and grazing regimes worldwide is needed to enable development of management strategies that can insure the sustainability of ecologically and economically important savanna grasslands. This research will provide the basic knowledge necessary to do so, as well as afford training and important global and cultural experiences for young scientists, graduate students and undergraduates. Finally, though collaborations that are already established, results will be made available to scientists and managers in South Africa.</abstract>
    <outcomes>The purpose of this project was to determine the degree of generality we can derive from site-based experimental research. In our case, we wanted to know if savanna grasslands in Kansas, USA,  Kruger National Park, South Africa, and Pietermaritzburg, South Africa responded similarly to key drivers of grassland processes: fire frequency, grazing by native herbivores and interannual climate variability. Knowing this would allow us to determine how much we can generalize the results of our research from one similar ecosystem to another. Overall, we found that ecosystem level processes (net primary production and soil nitrogen availability) responded similarly to fire frequency in Kansas and Kruger. In contrast, some plant community responses differed and others were similar between these geographically disparate systems. For example, grassland biodiversity increased with grazing in both study systems. However, grassland response to fire differed in North America and South Africa. Biodiversity was highest in annually burned grasslands in South Africa and lowest in annually burned sites in Kansas. These differences reflect the much longer history of multispecies of herbivores in Kruger compared to Kansas. Overall, our results showed that many responses between these systems were surprisingly similar despite vast differences in evolutionary history. Therefore, we can detect many generalities in response to common drivers in North American and South African savanna grasslands. This international project presented many opportunities for US students to gain international experience and learn about research in South Africa.       Last Modified: 05/03/2013       Submitted by: Scott L Collins</outcomes>
</award-details>",software-produced,BIO-True,software-not-produced
